{"graph": {"_type": "graph-file", "path": "media/graph/graph_summary_dc0611eee5461a018c5f.graph.json", "sha256": "dc0611eee5461a018c5f184c806f752fb52091a6b91ab425966161c2823f1688", "size": 719}, "examples": {"_type": "images/separated", "width": 28, "height": 28, "format": "png", "count": 36, "filenames": ["media/images/examples_4_df52e1105592cbf2f07d.png", "media/images/examples_4_ee8db7a0a1d0886254d1.png", "media/images/examples_4_5e597b514ce53d164a44.png", "media/images/examples_4_2632abd6cc618c18eee8.png", "media/images/examples_4_92d51d1d66ccfc81e85b.png", "media/images/examples_4_80b8a9dc5349ffd29d29.png", "media/images/examples_4_e724e51ad2a7cd1796dd.png", "media/images/examples_4_b5e802e0ede3d84f1f2f.png", "media/images/examples_4_44631f8ffb130c1f37be.png", "media/images/examples_4_e05cb22c439ceb7be62d.png", "media/images/examples_4_c57ef59ecc4d35ddce39.png", "media/images/examples_4_d67a0842b054b7aa58e2.png", "media/images/examples_4_88760a78f074bfd3d6c4.png", "media/images/examples_4_49b70b0cea67b6ab841d.png", "media/images/examples_4_9981a01e1a541e639228.png", "media/images/examples_4_2c3156df399e5792fdab.png", "media/images/examples_4_033b858a7d2d58467058.png", "media/images/examples_4_b5a264e0db8f894cc8ad.png", "media/images/examples_4_331d1bd0bb54c4ac3855.png", "media/images/examples_4_356412586fd69eb22ba9.png", "media/images/examples_4_e14fa264775999841219.png", "media/images/examples_4_eb8cdf94e32c958f69e4.png", "media/images/examples_4_81652e838095e8c4d7c3.png", "media/images/examples_4_41787565cdc21d672bb9.png", "media/images/examples_4_98084ecc2b9ab32c6d5d.png", "media/images/examples_4_288a3ad90822c97aaaa3.png", "media/images/examples_4_8353ba8b1479329445c8.png", "media/images/examples_4_720e6f849cc0c8305613.png", "media/images/examples_4_e6a29a883ee3cef6df52.png", "media/images/examples_4_74aac8f409532e5f2d5c.png", "media/images/examples_4_52e4e5b306d51c2522fb.png", "media/images/examples_4_a15d23e80179e2df9f63.png", "media/images/examples_4_832ab66b29fa06a08642.png", "media/images/examples_4_b12745f8d3f405424b46.png", "media/images/examples_4_67a0909fada1c10b3f38.png", "media/images/examples_4_68c8478fca650319a025.png"], "captions": [0, 2, 8, 6, 4, 9, 1, 2, 3, 8, 8, 7, 7, 9, 2, 0, 4, 3, 3, 2, 7, 2, 6, 1, 2, 0, 0, 8, 4, 2, 4, 4, 8, 7, 5, 2]}, "_timestamp": 1650096673, "_runtime": 42, "epoch": 4, "loss": 0.376051664352417, "accuracy": 0.865933358669281, "val_loss": 0.38388198614120483, "val_accuracy": 0.8622000217437744, "_step": 4, "best_val_loss": 0.38388198614120483, "best_epoch": 4, "_wandb": {"runtime": 39}}