{"graph": {"_type": "graph-file", "path": "media/graph/graph_summary_67b4cecd482748c3f0b1.graph.json", "sha256": "67b4cecd482748c3f0b18537d4014c705e23a092d681080ebb6087aad795091a", "size": 723}, "examples": {"_type": "images/separated", "width": 28, "height": 28, "format": "png", "count": 36, "filenames": ["media/images/examples_4_e840a4905bd95ba2674f.png", "media/images/examples_4_943e437973bd3ebdf3cf.png", "media/images/examples_4_4f4380e52075e01177e4.png", "media/images/examples_4_22aa2dc00d345e3ef57a.png", "media/images/examples_4_200bd017e2666444a8ba.png", "media/images/examples_4_d8e0190f3a790b59eb6a.png", "media/images/examples_4_3d99c2970a6524082082.png", "media/images/examples_4_cdaac0a2be1666874ab3.png", "media/images/examples_4_1edffae9a08975d83f2d.png", "media/images/examples_4_4920687c8fa0ff32d50e.png", "media/images/examples_4_89af18ff9c5994ed3640.png", "media/images/examples_4_ed46696eea43891f1ef5.png", "media/images/examples_4_537cec4ad33a96fc68bc.png", "media/images/examples_4_c500aa9330c9f5a1099b.png", "media/images/examples_4_adde4cd7da7f3eb4501f.png", "media/images/examples_4_4ad1afccca93709bc170.png", "media/images/examples_4_aab8cf3999f6b02f0200.png", "media/images/examples_4_e9e2881bcddcd4231bd3.png", "media/images/examples_4_23c1316a0fde0a019e45.png", "media/images/examples_4_58105de2660f65bad172.png", "media/images/examples_4_af03e8418f24bcdd9dff.png", "media/images/examples_4_5fe3860ec0562626f3c1.png", "media/images/examples_4_ae80fe716bc5b54aff6f.png", "media/images/examples_4_6bacc7858969820fab3f.png", "media/images/examples_4_2adc22a2a1beab60d474.png", "media/images/examples_4_d11a66cd26c5413eda60.png", "media/images/examples_4_f618e976b20144ddc5eb.png", "media/images/examples_4_0064f437f6fc73c2f578.png", "media/images/examples_4_5dc384c1e8fc1217cdf6.png", "media/images/examples_4_7c4b053e3ea8f7078fdc.png", "media/images/examples_4_dc857014b97b6b2acd7c.png", "media/images/examples_4_2d978a37497e68652068.png", "media/images/examples_4_d9f6e27cbcca40c22dab.png", "media/images/examples_4_a00838934686bdf0fa78.png", "media/images/examples_4_b0f68f4173ec599f8b28.png", "media/images/examples_4_e558cd05e1e79501de5a.png"], "captions": [5, 2, 6, 4, 1, 8, 3, 8, 7, 8, 1, 2, 7, 0, 4, 6, 0, 7, 8, 6, 0, 1, 9, 3, 7, 7, 7, 0, 7, 3, 1, 6, 9, 4, 2, 6]}, "_timestamp": 1650094710, "_runtime": 45, "epoch": 4, "loss": 0.3120862543582916, "accuracy": 0.8845166563987732, "val_loss": 0.3666245639324188, "val_accuracy": 0.8698999881744385, "_step": 4, "best_val_loss": 0.3544405400753021, "best_epoch": 3, "_wandb": {"runtime": 43}}