{"graph": {"_type": "graph-file", "path": "media/graph/graph_summary_67b4cecd482748c3f0b1.graph.json", "sha256": "67b4cecd482748c3f0b18537d4014c705e23a092d681080ebb6087aad795091a", "size": 723}, "examples": {"_type": "images/separated", "width": 28, "height": 28, "format": "png", "count": 36, "filenames": ["media/images/examples_4_5c0e8934ab4390e7a5ec.png", "media/images/examples_4_686482d01401b0788477.png", "media/images/examples_4_a23c8375e069bd36c3b7.png", "media/images/examples_4_8fa9689d614d44f82af0.png", "media/images/examples_4_172269629a96f281581c.png", "media/images/examples_4_51933e610dd5515b4415.png", "media/images/examples_4_f4e73a92db1407114978.png", "media/images/examples_4_69b80662c3958ed5c4b4.png", "media/images/examples_4_6b557f5c12a228d063e3.png", "media/images/examples_4_719566c6a46cc703d94d.png", "media/images/examples_4_61740296d5534649702a.png", "media/images/examples_4_9f476ca4cb0ea3392717.png", "media/images/examples_4_5c2bd28b01d780cb664f.png", "media/images/examples_4_24ede18f8d33caa1a344.png", "media/images/examples_4_be4d8f45c027270349da.png", "media/images/examples_4_07a3770dc197a3be31f6.png", "media/images/examples_4_2a10be3e4cf4ec3eeead.png", "media/images/examples_4_c4498e360c3ef7f9bb22.png", "media/images/examples_4_61119f17be8a5912ef53.png", "media/images/examples_4_855e56e65dc3a8c2343e.png", "media/images/examples_4_d91d39dcbd4c2f981cdf.png", "media/images/examples_4_5ea0e2678bf2a1c35f54.png", "media/images/examples_4_d598fb954d5fb22eb3a7.png", "media/images/examples_4_62f143d1e9c9d18ffa29.png", "media/images/examples_4_d4a1951036fa7a17e48c.png", "media/images/examples_4_1a597ebcb43296ad50ab.png", "media/images/examples_4_f7821f1565fad2f190c3.png", "media/images/examples_4_50770a5f778005d6a2e3.png", "media/images/examples_4_67b904f6423283c0c80c.png", "media/images/examples_4_2b2b3f284bd751bbf1b0.png", "media/images/examples_4_eba75e74783d6379a3f3.png", "media/images/examples_4_3e827c69328381192854.png", "media/images/examples_4_3882f581f1bb61416338.png", "media/images/examples_4_99b364a063b3f9aa000e.png", "media/images/examples_4_9e72163405ae0d951786.png", "media/images/examples_4_7ac0467fbc07f9df5d3f.png"], "captions": [1, 0, 2, 7, 1, 1, 8, 4, 9, 6, 3, 8, 5, 0, 2, 7, 7, 4, 8, 8, 0, 8, 1, 7, 9, 7, 7, 3, 7, 0, 6, 8, 2, 6, 9, 5]}, "_timestamp": 1650097193, "_runtime": 42, "epoch": 4, "loss": 0.3444855511188507, "accuracy": 0.8749499917030334, "val_loss": 0.3580482006072998, "val_accuracy": 0.870199978351593, "_step": 4, "best_val_loss": 0.3580482006072998, "best_epoch": 4, "_wandb": {"runtime": 40}}