{"graph": {"_type": "graph-file", "path": "media/graph/graph_summary_dc0611eee5461a018c5f.graph.json", "sha256": "dc0611eee5461a018c5f184c806f752fb52091a6b91ab425966161c2823f1688", "size": 719}, "examples": {"_type": "images/separated", "width": 28, "height": 28, "format": "png", "count": 36, "filenames": ["media/images/examples_4_8894128bd11386e95202.png", "media/images/examples_4_aab8cf3999f6b02f0200.png", "media/images/examples_4_68768e83c6cd43fc4623.png", "media/images/examples_4_9b12bdcafd9690956e84.png", "media/images/examples_4_b4622cb78c284e2f3fd6.png", "media/images/examples_4_24900610b241bbfd339e.png", "media/images/examples_4_2bde1b5e202c39373f81.png", "media/images/examples_4_efa9cd7f5a11fb18b6a1.png", "media/images/examples_4_cad73809c09a55478e6a.png", "media/images/examples_4_4189911053e5294d015d.png", "media/images/examples_4_ee7decb31caaac0491d2.png", "media/images/examples_4_261b275a1378ac350801.png", "media/images/examples_4_59d445d9de93ad7966c3.png", "media/images/examples_4_9706d7cb1a7fe8d4c1da.png", "media/images/examples_4_4cf42aefc210026c168d.png", "media/images/examples_4_7c8c21197f914410643d.png", "media/images/examples_4_ef16778ab9c9d92dcfd3.png", "media/images/examples_4_868b569109192e5d505f.png", "media/images/examples_4_4cabd4cd136fec3e93a7.png", "media/images/examples_4_534573c32a983786d4f7.png", "media/images/examples_4_aaf0cbdad634a54172e4.png", "media/images/examples_4_1bedcc8f4aed2abf84ea.png", "media/images/examples_4_f93521beeec6fa09614f.png", "media/images/examples_4_9783a74502a917553440.png", "media/images/examples_4_504853482b9a3ea5a036.png", "media/images/examples_4_2972f6a969222b209f7b.png", "media/images/examples_4_906ff1ff07b8fb506aed.png", "media/images/examples_4_4ff1a3fad015ba13a3cf.png", "media/images/examples_4_22aa2dc00d345e3ef57a.png", "media/images/examples_4_b640fe80b4fe3c50da5c.png", "media/images/examples_4_068ad0f03f6515caf966.png", "media/images/examples_4_52ad0a4e9fdafbef616a.png", "media/images/examples_4_afb1eba99cae7c770bd9.png", "media/images/examples_4_c7832bc5d63c20afadba.png", "media/images/examples_4_1712d217a08d72c3b340.png", "media/images/examples_4_b80507ac1de2c52649f4.png"], "captions": [7, 0, 5, 5, 8, 0, 6, 5, 7, 6, 9, 9, 2, 3, 5, 3, 0, 2, 4, 7, 7, 5, 8, 9, 3, 4, 9, 9, 4, 2, 8, 6, 8, 8, 0, 1]}, "_timestamp": 1650101605, "_runtime": 44, "epoch": 4, "loss": 0.4687739610671997, "accuracy": 0.8293333053588867, "val_loss": 0.4097481966018677, "val_accuracy": 0.8492000102996826, "_step": 4, "best_val_loss": 0.4097481966018677, "best_epoch": 4, "_wandb": {"runtime": 42}}