{"graph": {"_type": "graph-file", "path": "media/graph/graph_summary_9e6f729828d7a87c32cd.graph.json", "sha256": "9e6f729828d7a87c32cd8ce2373fefcc91f7ca2ae4678d60a504ff8f96f0ffa4", "size": 719}, "examples": {"_type": "images/separated", "width": 28, "height": 28, "format": "png", "count": 36, "filenames": ["media/images/examples_4_0260924ffe8a375ee550.png", "media/images/examples_4_97729da0dbae4acb4493.png", "media/images/examples_4_971006ebb8b54541956e.png", "media/images/examples_4_6dcb686884c8155a054c.png", "media/images/examples_4_aa03887069352f2b5692.png", "media/images/examples_4_ee23d983e647c2f5805a.png", "media/images/examples_4_b63579ca2dc3c15e7839.png", "media/images/examples_4_6c0d9d28df88912b0264.png", "media/images/examples_4_a73ac2522befad422403.png", "media/images/examples_4_d10cf2a561c86166a5ef.png", "media/images/examples_4_4a235bc642262b53d639.png", "media/images/examples_4_bb8cab347b0ddd0c76a3.png", "media/images/examples_4_ed67e054a3b53effafbf.png", "media/images/examples_4_6667080cef2d1a48126a.png", "media/images/examples_4_7bde6dab4f081eb44072.png", "media/images/examples_4_7b3ec382bfdcf4a4b5b5.png", "media/images/examples_4_ca34f538e279138406bd.png", "media/images/examples_4_294ef23697fe53c6ce18.png", "media/images/examples_4_721a6ee34d1f24e98534.png", "media/images/examples_4_62e9952a88d049995498.png", "media/images/examples_4_76ca9d4a85ca59c9e31b.png", "media/images/examples_4_31b10fbf08ec614ac21d.png", "media/images/examples_4_d28438393f74353becef.png", "media/images/examples_4_088e29f7d8e8ede67bd1.png", "media/images/examples_4_39cc18789f47b7394e71.png", "media/images/examples_4_8e86598ad8a1bc0c4549.png", "media/images/examples_4_43b272554bf739ea370a.png", "media/images/examples_4_4e05a0b3b2a70e331061.png", "media/images/examples_4_4d05ab234f80f3056ca0.png", "media/images/examples_4_5dd0c0481b59b252b916.png", "media/images/examples_4_d3b8eb476e2905ce8e2e.png", "media/images/examples_4_d4e83f4075aa2dbf4e52.png", "media/images/examples_4_8d05858c1b58867a6102.png", "media/images/examples_4_9e826bf4ece472ea6503.png", "media/images/examples_4_7c738b4f881de9412e47.png", "media/images/examples_4_0694aec11381055bc0da.png"], "captions": [5, 2, 5, 4, 3, 3, 3, 5, 4, 8, 5, 2, 3, 3, 2, 1, 6, 3, 8, 2, 2, 7, 2, 1, 0, 4, 0, 6, 6, 5, 1, 8, 7, 4, 6, 3]}, "_timestamp": 1650100801, "_runtime": 47, "epoch": 4, "loss": 0.3901611566543579, "accuracy": 0.8581500053405762, "val_loss": 0.3811647295951843, "val_accuracy": 0.8622000217437744, "_step": 4, "best_val_loss": 0.3811647295951843, "best_epoch": 4, "_wandb": {"runtime": 46}}