{"graph": {"_type": "graph-file", "path": "media/graph/graph_summary_dc0611eee5461a018c5f.graph.json", "sha256": "dc0611eee5461a018c5f184c806f752fb52091a6b91ab425966161c2823f1688", "size": 719}, "examples": {"_type": "images/separated", "width": 28, "height": 28, "format": "png", "count": 36, "filenames": ["media/images/examples_4_1ef8225d2ed473a51dd3.png", "media/images/examples_4_79f4bde9b2b9290e46a1.png", "media/images/examples_4_b5feac0520f2e2c8722d.png", "media/images/examples_4_b2d5c8404f5ad0c9c6c4.png", "media/images/examples_4_16e32ce06417ea8302e7.png", "media/images/examples_4_2dcaf57970537bf37b83.png", "media/images/examples_4_a47e16d3816f5df691ab.png", "media/images/examples_4_f44bc5acf0f0a9cc1fcb.png", "media/images/examples_4_c358b2c60c8a8b61fd51.png", "media/images/examples_4_cd02f4b87daf917680ea.png", "media/images/examples_4_17866ebc13099afd4d15.png", "media/images/examples_4_a7e751cac86096caee46.png", "media/images/examples_4_e6deed938d5d8239181a.png", "media/images/examples_4_0ebd498f810097615174.png", "media/images/examples_4_59f186e6f9ff88bbdce3.png", "media/images/examples_4_7187e18fa26d63ab7a8e.png", "media/images/examples_4_50a90182e63918098d26.png", "media/images/examples_4_91f1d3aa16beb15bd3aa.png", "media/images/examples_4_c0bc94573e59b131c594.png", "media/images/examples_4_b0b6920f2a5567f38cd8.png", "media/images/examples_4_343c7f6f792d03b34e96.png", "media/images/examples_4_55b09e85cfc2780807eb.png", "media/images/examples_4_9ee98b9f9b3afca2a347.png", "media/images/examples_4_e36136c594d04b265777.png", "media/images/examples_4_c57fabd0f56e8fea6f50.png", "media/images/examples_4_00762e82d709b3ee93a1.png", "media/images/examples_4_702d1d99fe0f7e9d91b1.png", "media/images/examples_4_a5c435bf1ad6a97e73a7.png", "media/images/examples_4_addc7040b465eb46ee55.png", "media/images/examples_4_fd250ec01617fca4a099.png", "media/images/examples_4_52fe5e9008606ba32e14.png", "media/images/examples_4_c193c8af0ef37e7c232a.png", "media/images/examples_4_7e6b54194a208f0190c3.png", "media/images/examples_4_3d66dbdded1e56141874.png", "media/images/examples_4_5232c570b760a777c0b3.png", "media/images/examples_4_30849599f83f27eed953.png"], "captions": [8, 9, 3, 5, 5, 7, 2, 1, 8, 5, 3, 8, 9, 6, 0, 2, 2, 8, 7, 5, 7, 2, 5, 0, 7, 2, 5, 3, 3, 3, 8, 5, 9, 9, 3, 1]}, "_timestamp": 1650099593, "_runtime": 41, "epoch": 4, "loss": 0.42392563819885254, "accuracy": 0.8451499938964844, "val_loss": 0.3855128288269043, "val_accuracy": 0.8564000129699707, "_step": 4, "best_val_loss": 0.3855128288269043, "best_epoch": 4, "_wandb": {"runtime": 40}}