{"graph": {"_type": "graph-file", "path": "media/graph/graph_summary_67b4cecd482748c3f0b1.graph.json", "sha256": "67b4cecd482748c3f0b18537d4014c705e23a092d681080ebb6087aad795091a", "size": 723}, "examples": {"_type": "images/separated", "width": 28, "height": 28, "format": "png", "count": 36, "filenames": ["media/images/examples_4_08c0c8463ecd984cb012.png", "media/images/examples_4_8b29b11b7e2a9cf7cc76.png", "media/images/examples_4_f8b1b71afea3811bf045.png", "media/images/examples_4_b3534857c0b393fdd27a.png", "media/images/examples_4_7bde6dab4f081eb44072.png", "media/images/examples_4_7775336dd2dd1ba249f5.png", "media/images/examples_4_c4668fd85cea723120a8.png", "media/images/examples_4_bea5c3035718da2147ab.png", "media/images/examples_4_e6deed938d5d8239181a.png", "media/images/examples_4_6a2623b607ffbd84636e.png", "media/images/examples_4_4ad1afccca93709bc170.png", "media/images/examples_4_9f302e8b1499aa5dc056.png", "media/images/examples_4_cf554b9d644691369a55.png", "media/images/examples_4_63ec0f38db05ba2f1477.png", "media/images/examples_4_087a08006bae24d3607c.png", "media/images/examples_4_c16e8e1afe449e7cb1ec.png", "media/images/examples_4_968461be6d13cb238348.png", "media/images/examples_4_de46b66240ac61a7f205.png", "media/images/examples_4_65f9696713d0dac1ad5f.png", "media/images/examples_4_a27c850e9962112b198b.png", "media/images/examples_4_bca99c5da0abd6c2d14c.png", "media/images/examples_4_4aa70d2df6411f0a526f.png", "media/images/examples_4_f119f79b8b9f9e4e997b.png", "media/images/examples_4_d2fbcfb01fd6da2b435d.png", "media/images/examples_4_eaeeeaa6ef53bbc9b0d9.png", "media/images/examples_4_42dd0e9c00a705bb8fff.png", "media/images/examples_4_cbcdcd296091849c33b2.png", "media/images/examples_4_68037e2f4bf7df09a363.png", "media/images/examples_4_b4b3c49e45c1eb58feea.png", "media/images/examples_4_1cf495bfe14d1516bf2b.png", "media/images/examples_4_d2364986c6a33587ecaa.png", "media/images/examples_4_ac16c38fa0826ce41c0e.png", "media/images/examples_4_b45ae389a155167b555d.png", "media/images/examples_4_25c203d7bc5cc9f84e49.png", "media/images/examples_4_1ded8368613d91b713c0.png", "media/images/examples_4_b1c63b903ad8a5b2008d.png"], "captions": [8, 1, 4, 8, 2, 7, 8, 2, 9, 1, 6, 7, 0, 2, 8, 2, 0, 6, 2, 0, 6, 4, 9, 2, 1, 4, 0, 7, 5, 3, 2, 0, 0, 4, 0, 0]}, "_timestamp": 1650100327, "_runtime": 41, "epoch": 4, "loss": 0.3757036030292511, "accuracy": 0.8625500202178955, "val_loss": 0.3605252504348755, "val_accuracy": 0.8715999722480774, "_step": 4, "best_val_loss": 0.3605252504348755, "best_epoch": 4, "_wandb": {"runtime": 38}}