{"graph": {"_type": "graph-file", "path": "media/graph/graph_summary_9e6f729828d7a87c32cd.graph.json", "sha256": "9e6f729828d7a87c32cd8ce2373fefcc91f7ca2ae4678d60a504ff8f96f0ffa4", "size": 719}, "examples": {"_type": "images/separated", "width": 28, "height": 28, "format": "png", "count": 36, "filenames": ["media/images/examples_4_0835d10db49fde3682fc.png", "media/images/examples_4_2c64e250ac74845a8af9.png", "media/images/examples_4_9b125f8d70663d0f920e.png", "media/images/examples_4_1e2043b1de7e9b177579.png", "media/images/examples_4_2298d966627abbf7ad85.png", "media/images/examples_4_e7e65d7a9a09cfdc2270.png", "media/images/examples_4_e4b5f677e9df8423f9c5.png", "media/images/examples_4_48b2737c7639be6fdc11.png", "media/images/examples_4_6bf9fedaab906be46d66.png", "media/images/examples_4_485352f909b6e70fd9df.png", "media/images/examples_4_7e87ba3233b7936f8df1.png", "media/images/examples_4_97d43510f6e558cf7147.png", "media/images/examples_4_d152f82e83d4b69ef91e.png", "media/images/examples_4_81ce14b13af3b7bb15ea.png", "media/images/examples_4_97430999845c01e55162.png", "media/images/examples_4_ffc0fd3ce6d40fc8a9fa.png", "media/images/examples_4_447e225190d28dc9bb65.png", "media/images/examples_4_ee72f5e83d9789417ae5.png", "media/images/examples_4_2590bac55e7749393dac.png", "media/images/examples_4_333e63a9a1b10e25ae48.png", "media/images/examples_4_628550fb70fdb28240cc.png", "media/images/examples_4_7c707b54bc698b814f80.png", "media/images/examples_4_10c81a92273606aff0b9.png", "media/images/examples_4_36773e33ec7ec6133c4e.png", "media/images/examples_4_3c36e6a19bc9fcb3a180.png", "media/images/examples_4_684095fdc586f547d288.png", "media/images/examples_4_377a8549863276fcc87b.png", "media/images/examples_4_2b947eb7d35c71a5e1f2.png", "media/images/examples_4_3d873a9f651583a97706.png", "media/images/examples_4_7e6b54194a208f0190c3.png", "media/images/examples_4_499d1c7763a335057040.png", "media/images/examples_4_6b9bc67c80d7156ada89.png", "media/images/examples_4_2d426868053894d81074.png", "media/images/examples_4_1dc13d713b1e708d8b94.png", "media/images/examples_4_c09354e1fea96fe3e3f9.png", "media/images/examples_4_86e1cc75f045538cd187.png"], "captions": [2, 0, 9, 8, 3, 9, 4, 7, 3, 7, 4, 0, 4, 2, 8, 5, 7, 4, 1, 5, 9, 3, 6, 1, 0, 9, 2, 4, 8, 9, 2, 1, 7, 2, 5, 9]}, "_timestamp": 1650094391, "_runtime": 41, "epoch": 4, "loss": 0.3178664445877075, "accuracy": 0.8830500245094299, "val_loss": 0.34864750504493713, "val_accuracy": 0.8734999895095825, "_step": 4, "best_val_loss": 0.34864750504493713, "best_epoch": 4, "_wandb": {"runtime": 39}}