{"graph": {"_type": "graph-file", "path": "media/graph/graph_summary_67b4cecd482748c3f0b1.graph.json", "sha256": "67b4cecd482748c3f0b18537d4014c705e23a092d681080ebb6087aad795091a", "size": 723}, "examples": {"_type": "images/separated", "width": 28, "height": 28, "format": "png", "count": 36, "filenames": ["media/images/examples_4_1da9cad8c0cc50287e9f.png", "media/images/examples_4_ddb18cb9105e6095ef5c.png", "media/images/examples_4_ad905e960fb6834ef954.png", "media/images/examples_4_47dff6314b80b95cabb8.png", "media/images/examples_4_543fb0a88b2f9d23b768.png", "media/images/examples_4_7485327f63babc598433.png", "media/images/examples_4_cd42104d5dbebac9af20.png", "media/images/examples_4_bcc595dd275e5295ad6d.png", "media/images/examples_4_dc9d545364255b8bafd5.png", "media/images/examples_4_3167f82b345c73559775.png", "media/images/examples_4_a2538bee7ffaaee8e917.png", "media/images/examples_4_bb88a21ed38339fa403a.png", "media/images/examples_4_e364442696e3ef3206e6.png", "media/images/examples_4_2762a927ed62a202b3cf.png", "media/images/examples_4_f533aacc6825a5e90025.png", "media/images/examples_4_4dd34e795eae1815431f.png", "media/images/examples_4_b1fedfeec0afba429d52.png", "media/images/examples_4_921bb77f4c6d28682216.png", "media/images/examples_4_698425497edb4da1604b.png", "media/images/examples_4_d76b947f0cae41c49d10.png", "media/images/examples_4_ce1e132a0f7a16b52b2c.png", "media/images/examples_4_2d33f4f4b6ea7d7021a1.png", "media/images/examples_4_12134bf6d7771decc0a2.png", "media/images/examples_4_5cadaf0f95e8729f3d94.png", "media/images/examples_4_aac4ab3cce49ecf378e3.png", "media/images/examples_4_d8a0c02ed3a194060252.png", "media/images/examples_4_bb91b4869a1084cc5ad1.png", "media/images/examples_4_83fa6c3fdda9767a048d.png", "media/images/examples_4_4dfcd0d75bee5274287d.png", "media/images/examples_4_1c7653d5307df8782d9c.png", "media/images/examples_4_2f1443d4967f25cab848.png", "media/images/examples_4_c06f08d80f2f88e54116.png", "media/images/examples_4_b4735c8757f4cbb1859a.png", "media/images/examples_4_e4e1c3cf14d0cf4a5cf1.png", "media/images/examples_4_d6d3edcac75dc4f79a44.png", "media/images/examples_4_98084ecc2b9ab32c6d5d.png"], "captions": [3, 4, 5, 0, 2, 0, 3, 6, 0, 4, 5, 9, 6, 6, 3, 5, 4, 9, 5, 6, 8, 4, 1, 5, 7, 5, 6, 6, 4, 7, 2, 1, 3, 2, 9, 2]}, "_timestamp": 1650101175, "_runtime": 44, "epoch": 4, "loss": 0.37816348671913147, "accuracy": 0.8645333051681519, "val_loss": 0.3854675590991974, "val_accuracy": 0.8592000007629395, "_step": 4, "best_val_loss": 0.3854675590991974, "best_epoch": 4, "_wandb": {"runtime": 42}}