{"graph": {"_type": "graph-file", "path": "media/graph/graph_summary_dc0611eee5461a018c5f.graph.json", "sha256": "dc0611eee5461a018c5f184c806f752fb52091a6b91ab425966161c2823f1688", "size": 719}, "examples": {"_type": "images/separated", "width": 28, "height": 28, "format": "png", "count": 36, "filenames": ["media/images/examples_4_ede87d1569f6e685cd19.png", "media/images/examples_4_cda0a9cd659b3dbb4f27.png", "media/images/examples_4_7a551f87101167ed8b4b.png", "media/images/examples_4_b2528bf1ce65e13be8c1.png", "media/images/examples_4_5b37a266ecc3525ba181.png", "media/images/examples_4_59098105bc33705597da.png", "media/images/examples_4_fd692b25e30218fa11bc.png", "media/images/examples_4_84f240f6af96a6744fe2.png", "media/images/examples_4_5fe3860ec0562626f3c1.png", "media/images/examples_4_0c1d0ab705a20c4ecc5c.png", "media/images/examples_4_1c3b11cb5c10ebd393f0.png", "media/images/examples_4_6045a014e2160c98832d.png", "media/images/examples_4_2c44c22eb49ddde4f123.png", "media/images/examples_4_4584681a293f70ee9131.png", "media/images/examples_4_e4f3838202a522dfaccc.png", "media/images/examples_4_77fe0e477e05d2890cbf.png", "media/images/examples_4_11fd834f8562ce45ee2e.png", "media/images/examples_4_90d8eeea35c323d3db9e.png", "media/images/examples_4_929cc63d17602e917ed0.png", "media/images/examples_4_72dad43a59f8107eeb3b.png", "media/images/examples_4_426b8cfffd214e163873.png", "media/images/examples_4_3302fe101704e620ab9c.png", "media/images/examples_4_06fae97542ccbba0500b.png", "media/images/examples_4_b3cff35aab73e6be1f08.png", "media/images/examples_4_95389a0b86b072ccfac5.png", "media/images/examples_4_d039fd92cad6ab371bdf.png", "media/images/examples_4_88897de4cf0d832f504a.png", "media/images/examples_4_2678a5a9ac34aa845da3.png", "media/images/examples_4_62688882e2ee79ec8bc8.png", "media/images/examples_4_33de8446327cd0f608bd.png", "media/images/examples_4_3ec7c86519e256f61ae3.png", "media/images/examples_4_0a0200b734834d32ba15.png", "media/images/examples_4_b2af0af935dc1e16ef10.png", "media/images/examples_4_de3a3232b1dc2f85d6bd.png", "media/images/examples_4_1a7ba8bf45209674adeb.png", "media/images/examples_4_bf7dc3c838146e3a6d01.png"], "captions": [9, 7, 0, 8, 1, 2, 1, 3, 1, 0, 8, 2, 5, 5, 2, 5, 8, 3, 8, 2, 7, 3, 7, 7, 4, 9, 2, 9, 6, 9, 8, 2, 6, 8, 2, 5]}, "_timestamp": 1650099645, "_runtime": 41, "epoch": 4, "loss": 0.42160046100616455, "accuracy": 0.8463666439056396, "val_loss": 0.39665117859840393, "val_accuracy": 0.8550000190734863, "_step": 4, "best_val_loss": 0.39665117859840393, "best_epoch": 4, "_wandb": {"runtime": 39}}