{"graph": {"_type": "graph-file", "path": "media/graph/graph_summary_dc0611eee5461a018c5f.graph.json", "sha256": "dc0611eee5461a018c5f184c806f752fb52091a6b91ab425966161c2823f1688", "size": 719}, "examples": {"_type": "images/separated", "width": 28, "height": 28, "format": "png", "count": 36, "filenames": ["media/images/examples_4_481c3bcc5cffec348407.png", "media/images/examples_4_db722571b6394fece2d8.png", "media/images/examples_4_3a371c5c54df8f1d3783.png", "media/images/examples_4_fe7a492c6856a67a880f.png", "media/images/examples_4_191a439d7271a454ac69.png", "media/images/examples_4_6a9066f8b90231a8a5c8.png", "media/images/examples_4_ec879668f7e11b674227.png", "media/images/examples_4_0ebdd19cc743ad4d6fc6.png", "media/images/examples_4_cd851ded85c28dca8b5d.png", "media/images/examples_4_1962234e543283573cc4.png", "media/images/examples_4_67c71cd5164dd9970c61.png", "media/images/examples_4_050c918915ba5cabf3b8.png", "media/images/examples_4_fdc6e38e57483b32ac20.png", "media/images/examples_4_819c047b2ab83b46f836.png", "media/images/examples_4_646fd2638ee20a0ea54c.png", "media/images/examples_4_16eff5993ca344f6dc50.png", "media/images/examples_4_c09354e1fea96fe3e3f9.png", "media/images/examples_4_23a4fd2f80cc935fa302.png", "media/images/examples_4_7e5e5c92639c2d58ffc0.png", "media/images/examples_4_ee23d983e647c2f5805a.png", "media/images/examples_4_ea405f5c151db326cdd3.png", "media/images/examples_4_e1fc02dae93b0760bba5.png", "media/images/examples_4_eb9641ed1dfcca1f9768.png", "media/images/examples_4_0d404c7436de91c5659e.png", "media/images/examples_4_a5928a1a29eeb952588e.png", "media/images/examples_4_0dbbb51524fdc4834b66.png", "media/images/examples_4_2c62c4ebaac3884ee16c.png", "media/images/examples_4_271f7cae06d1921e097a.png", "media/images/examples_4_d66e39bd3a44f2c0e1fe.png", "media/images/examples_4_534a32338d896d84ffdb.png", "media/images/examples_4_8765a19e472509ee9d97.png", "media/images/examples_4_e12404460e15eb75e721.png", "media/images/examples_4_e754ef54485b65d731a3.png", "media/images/examples_4_f91ad5f36bec2680fe96.png", "media/images/examples_4_2619779c319abba31f81.png", "media/images/examples_4_cb9f44e373b57c7f458e.png"], "captions": [6, 1, 6, 2, 6, 6, 7, 3, 1, 1, 7, 0, 4, 1, 5, 9, 5, 5, 5, 3, 9, 1, 0, 0, 9, 9, 5, 9, 1, 0, 9, 3, 3, 4, 6, 8]}, "_timestamp": 1650095737, "_runtime": 42, "epoch": 4, "loss": 0.3550022542476654, "accuracy": 0.8695499897003174, "val_loss": 0.3698921203613281, "val_accuracy": 0.8652999997138977, "_step": 4, "best_val_loss": 0.3698921203613281, "best_epoch": 4, "_wandb": {"runtime": 40}}