{"graph": {"_type": "graph-file", "path": "media/graph/graph_summary_06b7f1609908e74a3341.graph.json", "sha256": "06b7f1609908e74a334104e8730c30d13695d96912d24284ba3d3a292aa26a36", "size": 583}, "examples": {"_type": "images/separated", "width": 28, "height": 28, "format": "png", "count": 36, "filenames": ["media/images/examples_4_1121786af93e46ff1d3f.png", "media/images/examples_4_f533aacc6825a5e90025.png", "media/images/examples_4_cc1e25ed6c9c11acebc8.png", "media/images/examples_4_426bb534e2717750eac8.png", "media/images/examples_4_aa76b3806d4ec9ea891f.png", "media/images/examples_4_744fa7ad209f41fc9c53.png", "media/images/examples_4_d045e18ca175f6101506.png", "media/images/examples_4_9f476ca4cb0ea3392717.png", "media/images/examples_4_0a92911163acf2282fff.png", "media/images/examples_4_ab2a496ad57a2e39939f.png", "media/images/examples_4_cbb6bb4e1ddb0123a68d.png", "media/images/examples_4_920e754a53b86a17aaaf.png", "media/images/examples_4_8fa9689d614d44f82af0.png", "media/images/examples_4_a93e27d4063522334375.png", "media/images/examples_4_3895817022788cb9ffc6.png", "media/images/examples_4_47c255392bd68f1d7b8a.png", "media/images/examples_4_8e4920d07370a38f29f0.png", "media/images/examples_4_1a781b1b381763582ae0.png", "media/images/examples_4_b9e6d693a2349d95a1b2.png", "media/images/examples_4_0fc068252e6e78137bd5.png", "media/images/examples_4_b345b25afdd1eb3febd5.png", "media/images/examples_4_f9a21bd96c62625945a5.png", "media/images/examples_4_966b23166a6dbd4ff1ab.png", "media/images/examples_4_4584681a293f70ee9131.png", "media/images/examples_4_44fc8798b464b8edee65.png", "media/images/examples_4_fc28d1d5309bba206569.png", "media/images/examples_4_27ad527de7b328c56e98.png", "media/images/examples_4_3ab64b188adc8347d5b2.png", "media/images/examples_4_99bf785dd7e50603e0ad.png", "media/images/examples_4_6a9066f8b90231a8a5c8.png", "media/images/examples_4_18e0deabd679462acd23.png", "media/images/examples_4_e8dd77876ba0a07a7ec5.png", "media/images/examples_4_90c0349cb315d03003fe.png", "media/images/examples_4_f9c9eeafdd5d22cfe29c.png", "media/images/examples_4_abbf210a0c1389f47ad6.png", "media/images/examples_4_f768e8a1aa08ac9b51d4.png"], "captions": [3, 3, 2, 0, 1, 4, 6, 8, 5, 2, 5, 4, 7, 6, 6, 1, 0, 0, 9, 3, 4, 9, 7, 5, 8, 5, 5, 5, 6, 6, 8, 9, 0, 3, 4, 9]}, "_timestamp": 1650092728, "_runtime": 41, "epoch": 4, "loss": 0.3075282871723175, "accuracy": 0.8881000280380249, "val_loss": 0.3636370897293091, "val_accuracy": 0.8671000003814697, "_step": 4, "best_val_loss": 0.3636370897293091, "best_epoch": 4, "_wandb": {"runtime": 39}}