{"graph": {"_type": "graph-file", "path": "media/graph/graph_summary_9e6f729828d7a87c32cd.graph.json", "sha256": "9e6f729828d7a87c32cd8ce2373fefcc91f7ca2ae4678d60a504ff8f96f0ffa4", "size": 719}, "examples": {"_type": "images/separated", "width": 28, "height": 28, "format": "png", "count": 36, "filenames": ["media/images/examples_4_4907b078e722800c4cce.png", "media/images/examples_4_5b3a296381cd2e9f9242.png", "media/images/examples_4_2b2cf91f71dbeb684af6.png", "media/images/examples_4_a9c5194ef357ed3e499b.png", "media/images/examples_4_f260e6d5eb7a237ddc8b.png", "media/images/examples_4_6e5db89f3e6ef0f52b1d.png", "media/images/examples_4_1b3b1d45241d3035d916.png", "media/images/examples_4_42019110f59f0fd19d3b.png", "media/images/examples_4_af275e01412083642f3c.png", "media/images/examples_4_aebf290210745b60c4ee.png", "media/images/examples_4_8e59930ea217f90c4080.png", "media/images/examples_4_7c4b053e3ea8f7078fdc.png", "media/images/examples_4_95fef5cd3a6cf67d9b96.png", "media/images/examples_4_5e6a265a996d9dff4a1d.png", "media/images/examples_4_9b196416bf5ec87588af.png", "media/images/examples_4_5f38d7976a80d54cd0c8.png", "media/images/examples_4_cd82e3a5f957d97ed481.png", "media/images/examples_4_4705d4287fec32ef9256.png", "media/images/examples_4_b1ed7f3a0398b1b1f434.png", "media/images/examples_4_a767145283a63be11ee2.png", "media/images/examples_4_154f6ca182f9dbeb673c.png", "media/images/examples_4_5b1093be54e3d0cdc7d7.png", "media/images/examples_4_4a21c456dc9f29070571.png", "media/images/examples_4_d424cb8e8031e9fe7ebe.png", "media/images/examples_4_aec89177d4069a87c5d2.png", "media/images/examples_4_1a6e686bd754ca2df469.png", "media/images/examples_4_bf926ba75028400fe85a.png", "media/images/examples_4_48adf6fe9f4f379d0b41.png", "media/images/examples_4_6176e02fbbe9d951df6c.png", "media/images/examples_4_ff717eb8194fb1b87e6d.png", "media/images/examples_4_a4ac320b6f69c1188242.png", "media/images/examples_4_44047c1fc590f0378a1c.png", "media/images/examples_4_0958f8fb29a779a9104d.png", "media/images/examples_4_7bf0364c700cf426ed5d.png", "media/images/examples_4_707d805fbc10b7c45500.png", "media/images/examples_4_630e3cdb5fde020b5e0f.png"], "captions": [3, 4, 8, 0, 3, 8, 2, 5, 8, 6, 2, 3, 7, 8, 5, 3, 7, 5, 0, 9, 8, 3, 1, 2, 4, 5, 3, 9, 7, 3, 2, 0, 1, 6, 6, 6]}, "_timestamp": 1650101827, "_runtime": 46, "epoch": 4, "loss": 0.42726123332977295, "accuracy": 0.8445666432380676, "val_loss": 0.39209678769111633, "val_accuracy": 0.8592000007629395, "_step": 4, "best_val_loss": 0.39209678769111633, "best_epoch": 4, "_wandb": {"runtime": 44}}