{"graph": {"_type": "graph-file", "path": "media/graph/graph_summary_9e6f729828d7a87c32cd.graph.json", "sha256": "9e6f729828d7a87c32cd8ce2373fefcc91f7ca2ae4678d60a504ff8f96f0ffa4", "size": 719}, "examples": {"_type": "images/separated", "width": 28, "height": 28, "format": "png", "count": 36, "filenames": ["media/images/examples_4_fca3bc07ba50d442cc5d.png", "media/images/examples_4_86616645858c1ddd43ef.png", "media/images/examples_4_9544dd024f15c685f39a.png", "media/images/examples_4_0c2c3c1127714a443731.png", "media/images/examples_4_17c5c351db31733c59ee.png", "media/images/examples_4_eb35c4c876866f77cf5a.png", "media/images/examples_4_c38aaacbc5bac9a619de.png", "media/images/examples_4_57207c4548505e2b6925.png", "media/images/examples_4_cf012199f6434ab82f91.png", "media/images/examples_4_7ea27611f5b90aad28cc.png", "media/images/examples_4_92166fb605b7abccf291.png", "media/images/examples_4_6cee9f8f7f38492f336b.png", "media/images/examples_4_ee09e1d098b4a6e1e896.png", "media/images/examples_4_5a35ff69578a898d8c37.png", "media/images/examples_4_aee6b5d301ecf431641b.png", "media/images/examples_4_81d70ecf55c289bf5f41.png", "media/images/examples_4_75e69b33d38f891fcada.png", "media/images/examples_4_115d7f5c1af1339b5f27.png", "media/images/examples_4_c26180f11b4f097af020.png", "media/images/examples_4_f82601695b2c6a54c4fa.png", "media/images/examples_4_6a569ef09dd14c25e230.png", "media/images/examples_4_9c3a46ea103a0f57c91a.png", "media/images/examples_4_535f3e09ed59c263eb21.png", "media/images/examples_4_f2829f8090d788b1031f.png", "media/images/examples_4_6181c4483e935e619986.png", "media/images/examples_4_9ae7ac1ef7555884ec03.png", "media/images/examples_4_1bb26ee511cc402b8e22.png", "media/images/examples_4_fd8d7e94ca1a6991aed9.png", "media/images/examples_4_1edbec08a9f318e8c1de.png", "media/images/examples_4_e11f7b3cc45d58a89987.png", "media/images/examples_4_e4f3838202a522dfaccc.png", "media/images/examples_4_b11e68b6aeb80a624c77.png", "media/images/examples_4_029ab9aa0dca61a1a977.png", "media/images/examples_4_a19252e354873b4a1189.png", "media/images/examples_4_ee7decb31caaac0491d2.png", "media/images/examples_4_feceff1f7fa011f657d6.png"], "captions": [1, 6, 2, 7, 5, 5, 3, 4, 3, 6, 8, 5, 9, 0, 3, 7, 0, 9, 8, 4, 6, 9, 6, 3, 1, 6, 5, 5, 2, 1, 2, 2, 1, 7, 9, 4]}, "_timestamp": 1650095069, "_runtime": 41, "epoch": 4, "loss": 0.33753669261932373, "accuracy": 0.8760333061218262, "val_loss": 0.36050060391426086, "val_accuracy": 0.8702999949455261, "_step": 4, "best_val_loss": 0.36050060391426086, "best_epoch": 4, "_wandb": {"runtime": 39}}