{"graph": {"_type": "graph-file", "path": "media/graph/graph_summary_67b4cecd482748c3f0b1.graph.json", "sha256": "67b4cecd482748c3f0b18537d4014c705e23a092d681080ebb6087aad795091a", "size": 723}, "examples": {"_type": "images/separated", "width": 28, "height": 28, "format": "png", "count": 36, "filenames": ["media/images/examples_4_396706a21d3290678f59.png", "media/images/examples_4_cdc17764fa5108798cf8.png", "media/images/examples_4_8c5212f574e62c443f85.png", "media/images/examples_4_c057ef47d7d32f328c8e.png", "media/images/examples_4_12359a6b70e3e7d26851.png", "media/images/examples_4_6ca242df2d6ccc7d10f9.png", "media/images/examples_4_489e47d8242c5c1e4043.png", "media/images/examples_4_6c80293e648377182c24.png", "media/images/examples_4_7dae587dfa535d1088b6.png", "media/images/examples_4_15192241e280ea475532.png", "media/images/examples_4_d362422a8c74343d6ee3.png", "media/images/examples_4_5fe3860ec0562626f3c1.png", "media/images/examples_4_72f9366d7e94ddefb4b6.png", "media/images/examples_4_3b74199d5844424f9f24.png", "media/images/examples_4_0d799d6837791ca84515.png", "media/images/examples_4_968461be6d13cb238348.png", "media/images/examples_4_a13c82d088fbbc4ff9f4.png", "media/images/examples_4_545620302e2e3c586f93.png", "media/images/examples_4_1adb17918174d0a025cc.png", "media/images/examples_4_6a98c8d5aef6d84ec8bb.png", "media/images/examples_4_0f6b23bb5387da31be3e.png", "media/images/examples_4_e1e803b06b290bef8da5.png", "media/images/examples_4_1c72e48db1821770339a.png", "media/images/examples_4_24648f4db95deea6b5c9.png", "media/images/examples_4_f76852e9fde6b786b1c1.png", "media/images/examples_4_d19b404d18ccca2349db.png", "media/images/examples_4_ffaea96344a77c7d8e5f.png", "media/images/examples_4_245a5cf89a8e845c3576.png", "media/images/examples_4_33c3e991dbe67dbc1fb0.png", "media/images/examples_4_a55aea2516a01947b142.png", "media/images/examples_4_5ba8eda6d756473e198e.png", "media/images/examples_4_8f1ec7c6a03e317aea28.png", "media/images/examples_4_14d4b5edb9e7faaa7336.png", "media/images/examples_4_8464a76d35728eeab723.png", "media/images/examples_4_3927dba61741cf2add4b.png", "media/images/examples_4_f8920e3b497b233ac789.png"], "captions": [6, 9, 3, 9, 3, 1, 4, 8, 3, 3, 4, 1, 5, 0, 2, 0, 7, 1, 5, 5, 2, 7, 8, 1, 0, 5, 3, 7, 0, 7, 5, 9, 9, 8, 0, 7]}, "_timestamp": 1650102302, "_runtime": 50, "epoch": 4, "loss": 0.40509551763534546, "accuracy": 0.8524500131607056, "val_loss": 0.3745811879634857, "val_accuracy": 0.8672999739646912, "_step": 4, "best_val_loss": 0.3745811879634857, "best_epoch": 4, "_wandb": {"runtime": 48}}