{"graph": {"_type": "graph-file", "path": "media/graph/graph_summary_67b4cecd482748c3f0b1.graph.json", "sha256": "67b4cecd482748c3f0b18537d4014c705e23a092d681080ebb6087aad795091a", "size": 723}, "examples": {"_type": "images/separated", "width": 28, "height": 28, "format": "png", "count": 36, "filenames": ["media/images/examples_4_691be9c0fcabb3db8fe1.png", "media/images/examples_4_1729b7f143328958807a.png", "media/images/examples_4_260d387868d77583da20.png", "media/images/examples_4_b2ffd3877208bbcd5bcd.png", "media/images/examples_4_af31eca788bf55c5dc15.png", "media/images/examples_4_cfa4cfe500952654354f.png", "media/images/examples_4_ab0b1f016f14e810e5de.png", "media/images/examples_4_34602db9d8075780cc7c.png", "media/images/examples_4_c8bb9b3ba7be161fff45.png", "media/images/examples_4_553364f0963aa4e5b0ab.png", "media/images/examples_4_647365071f87c66bc67c.png", "media/images/examples_4_bbc8231c3f3f714231d1.png", "media/images/examples_4_de1121f7160c7056ad4a.png", "media/images/examples_4_7d58cd2cedc477b7c010.png", "media/images/examples_4_37e41a72a2d424f1d413.png", "media/images/examples_4_336c7c0ad8f712c93cc8.png", "media/images/examples_4_a548523221d64adb948f.png", "media/images/examples_4_652007eb409979110aa5.png", "media/images/examples_4_5739ed566723d68cb673.png", "media/images/examples_4_f3f44300a716667b82d5.png", "media/images/examples_4_d100234b5dd76f074943.png", "media/images/examples_4_15fcf7fed490e366054e.png", "media/images/examples_4_c8f9001604f36c5171d8.png", "media/images/examples_4_67802782ebd1b0ad39d5.png", "media/images/examples_4_1454872806ad37fc62e5.png", "media/images/examples_4_1dcc306fb27bd7ba998a.png", "media/images/examples_4_6e306176aba80f6eb302.png", "media/images/examples_4_df52e1105592cbf2f07d.png", "media/images/examples_4_58def1975876d78def01.png", "media/images/examples_4_5f63b403da10d743e896.png", "media/images/examples_4_6c2e2479ab2af2c7bd41.png", "media/images/examples_4_b5aaa9bb1bb762abdce0.png", "media/images/examples_4_5fe4f17289e8690ad7f1.png", "media/images/examples_4_7f8ed519d2c5b9d867f4.png", "media/images/examples_4_2f070a5b7bc97957809d.png", "media/images/examples_4_f501189c537f2cc7fc6c.png"], "captions": [8, 3, 1, 6, 7, 8, 2, 1, 1, 2, 9, 5, 0, 4, 5, 3, 9, 7, 9, 3, 8, 8, 6, 6, 2, 7, 1, 3, 0, 6, 5, 6, 0, 3, 6, 1]}, "_timestamp": 1650094488, "_runtime": 43, "epoch": 4, "loss": 0.31445690989494324, "accuracy": 0.8834499716758728, "val_loss": 0.3636309802532196, "val_accuracy": 0.8676999807357788, "_step": 4, "best_val_loss": 0.35842281579971313, "best_epoch": 3, "_wandb": {"runtime": 41}}