{"graph": {"_type": "graph-file", "path": "media/graph/graph_summary_67b4cecd482748c3f0b1.graph.json", "sha256": "67b4cecd482748c3f0b18537d4014c705e23a092d681080ebb6087aad795091a", "size": 723}, "examples": {"_type": "images/separated", "width": 28, "height": 28, "format": "png", "count": 36, "filenames": ["media/images/examples_4_d78f7aa9e31c9217db21.png", "media/images/examples_4_3b8886be35de29a6ef1d.png", "media/images/examples_4_d349b5345359b34ea8b9.png", "media/images/examples_4_0926815e87543cd415d8.png", "media/images/examples_4_ba417b121f39bf9e07ea.png", "media/images/examples_4_e6bed8c196eeb6cb9df2.png", "media/images/examples_4_8f9a54a86745e5a64ed3.png", "media/images/examples_4_986713713dd3dfb184d0.png", "media/images/examples_4_d39dbeabd56d2fd41023.png", "media/images/examples_4_fe7ec95a0cc46c0e0d6f.png", "media/images/examples_4_a6cd679055c3980b6398.png", "media/images/examples_4_88d55a8b177c95b25082.png", "media/images/examples_4_795acafb855c0420362f.png", "media/images/examples_4_f951bff8754004a2ac9f.png", "media/images/examples_4_af5731342b5531850520.png", "media/images/examples_4_e3c12ba2407817ade705.png", "media/images/examples_4_9aeab53f085bae50c3b5.png", "media/images/examples_4_7ee0e3a61e4fd1a84f7f.png", "media/images/examples_4_a451f26971106cc71488.png", "media/images/examples_4_22fb8a05e0d3961c3a2c.png", "media/images/examples_4_4907b078e722800c4cce.png", "media/images/examples_4_0e68628ba4bd0edb3e77.png", "media/images/examples_4_af809f01f2fb4be122f5.png", "media/images/examples_4_cf012199f6434ab82f91.png", "media/images/examples_4_6c67fde5083a01cb9c85.png", "media/images/examples_4_6ae7e255f826c77fe79d.png", "media/images/examples_4_098f6d2cfb1babcdf0bb.png", "media/images/examples_4_a87ad5dab597d72ab3a6.png", "media/images/examples_4_b81b0150f0fe507cc300.png", "media/images/examples_4_6fa9f9e1da4e0b52ecd4.png", "media/images/examples_4_6e4539c32b3ea4665f9c.png", "media/images/examples_4_4f6972a5b40b09786aff.png", "media/images/examples_4_3ba13328243bf3b6544e.png", "media/images/examples_4_924e083d2953cda01a20.png", "media/images/examples_4_34602db9d8075780cc7c.png", "media/images/examples_4_bb91b4869a1084cc5ad1.png"], "captions": [4, 6, 0, 2, 7, 2, 3, 1, 5, 8, 6, 7, 9, 5, 1, 1, 0, 3, 0, 4, 3, 2, 1, 3, 1, 4, 9, 7, 4, 8, 0, 1, 1, 2, 1, 0]}, "_timestamp": 1650103460, "_runtime": 60, "epoch": 4, "loss": 0.40198996663093567, "accuracy": 0.8549666404724121, "val_loss": 0.38781219720840454, "val_accuracy": 0.8604000210762024, "_step": 4, "best_val_loss": 0.38781219720840454, "best_epoch": 4, "_wandb": {"runtime": 58}}