{"graph": {"_type": "graph-file", "path": "media/graph/graph_summary_67b4cecd482748c3f0b1.graph.json", "sha256": "67b4cecd482748c3f0b18537d4014c705e23a092d681080ebb6087aad795091a", "size": 723}, "examples": {"_type": "images/separated", "width": 28, "height": 28, "format": "png", "count": 36, "filenames": ["media/images/examples_4_623243b64d3fef5dc04a.png", "media/images/examples_4_56dedb8e24c10bdc825d.png", "media/images/examples_4_d6e019f54cd0d08310da.png", "media/images/examples_4_d4c291a4a70a1cefed2c.png", "media/images/examples_4_16af78a92a67282ae141.png", "media/images/examples_4_2c8972a0e438c4ad4d39.png", "media/images/examples_4_4b33fa4e5354034fb1ce.png", "media/images/examples_4_dff464f2b8b7d7ac31dc.png", "media/images/examples_4_fa1a7b0c7d55edd045e1.png", "media/images/examples_4_b880413cdc447d285a11.png", "media/images/examples_4_9e8200e6db4e23e486fe.png", "media/images/examples_4_6752f2fd3170d80a5d46.png", "media/images/examples_4_ae7da7f0b45f8fa5f33b.png", "media/images/examples_4_4d7b9cbb3eb3a4250423.png", "media/images/examples_4_14d4b5edb9e7faaa7336.png", "media/images/examples_4_59b79c398282c559783c.png", "media/images/examples_4_6dcb686884c8155a054c.png", "media/images/examples_4_f3f7d0502147dea12800.png", "media/images/examples_4_6901c348872a35eb5f86.png", "media/images/examples_4_f62a86f5c374a25c50b7.png", "media/images/examples_4_7c2727ab244aae577647.png", "media/images/examples_4_1fbcce6dae66fea7d09a.png", "media/images/examples_4_05af14898b18ebfaa1d3.png", "media/images/examples_4_977f65153acf734b364e.png", "media/images/examples_4_8a82e6a5aa282920e4ec.png", "media/images/examples_4_a6cd679055c3980b6398.png", "media/images/examples_4_2984c3b446c70f8cc776.png", "media/images/examples_4_fe53f358ba18143fc10d.png", "media/images/examples_4_7fe5d84a4dcd44b466f9.png", "media/images/examples_4_381f4a49bd3cdfcd6c7b.png", "media/images/examples_4_863b2daca76c782ea2e1.png", "media/images/examples_4_7745344c1a23decbdb01.png", "media/images/examples_4_4b34264f2de8860536c1.png", "media/images/examples_4_70a971667c431c9232d6.png", "media/images/examples_4_2aad0405b27d45306e42.png", "media/images/examples_4_d02f796f0a0f89d78b6e.png"], "captions": [6, 3, 8, 8, 2, 1, 3, 5, 9, 1, 4, 5, 3, 4, 9, 1, 4, 8, 4, 9, 0, 1, 4, 2, 1, 6, 2, 5, 9, 4, 9, 5, 5, 9, 1, 2]}, "_timestamp": 1650099283, "_runtime": 47, "epoch": 4, "loss": 0.35770928859710693, "accuracy": 0.8706333041191101, "val_loss": 0.3627125024795532, "val_accuracy": 0.8687999844551086, "_step": 4, "best_val_loss": 0.3627125024795532, "best_epoch": 4, "_wandb": {"runtime": 45}}