{"graph": {"_type": "graph-file", "path": "media/graph/graph_summary_67b4cecd482748c3f0b1.graph.json", "sha256": "67b4cecd482748c3f0b18537d4014c705e23a092d681080ebb6087aad795091a", "size": 723}, "examples": {"_type": "images/separated", "width": 28, "height": 28, "format": "png", "count": 36, "filenames": ["media/images/examples_4_574661bbc3d37e9f7f48.png", "media/images/examples_4_9026c97b207445cc6e72.png", "media/images/examples_4_3c9a893f354114148134.png", "media/images/examples_4_4236c629f3c29a0f3402.png", "media/images/examples_4_b0d5e1b4217d3cc12be0.png", "media/images/examples_4_bb18cc2c326f580c771f.png", "media/images/examples_4_882daf2e8c5bf7451280.png", "media/images/examples_4_ddd4fd59234049296053.png", "media/images/examples_4_41a7b34dad748023d5f5.png", "media/images/examples_4_288a3ad90822c97aaaa3.png", "media/images/examples_4_3cfda82a344be0b6d570.png", "media/images/examples_4_4597067525dc755d238c.png", "media/images/examples_4_1a781b1b381763582ae0.png", "media/images/examples_4_172a844920f338453bef.png", "media/images/examples_4_4c4aa9e92f41152ac35a.png", "media/images/examples_4_869f820702b29cfc7362.png", "media/images/examples_4_174f28c232127aa7dca6.png", "media/images/examples_4_799c87d91424053cb32c.png", "media/images/examples_4_6673a6ebafc43f5ec8d1.png", "media/images/examples_4_39cb55215e5992523d4a.png", "media/images/examples_4_a8914fcb6175fa1e8bd7.png", "media/images/examples_4_7b2f29833e0990033223.png", "media/images/examples_4_9302ac8db1158047b018.png", "media/images/examples_4_6702a7ae378b6bbe8c38.png", "media/images/examples_4_b8f92dae386a95eb4b26.png", "media/images/examples_4_2d4593e8a64b4b606006.png", "media/images/examples_4_ab0f787e05a9f1790ab2.png", "media/images/examples_4_47ffc8fe5f432a04bb65.png", "media/images/examples_4_911dadc5649290fce27c.png", "media/images/examples_4_7af4c3d81bb76d285049.png", "media/images/examples_4_3c69d9d6c66b2a66f976.png", "media/images/examples_4_3201d881fbe6e48882ec.png", "media/images/examples_4_44fc8798b464b8edee65.png", "media/images/examples_4_41bb577745bb5eaa9fed.png", "media/images/examples_4_fcd82ec05e11ffc0a1f4.png", "media/images/examples_4_8501fda476fa57b73d27.png"], "captions": [7, 2, 2, 7, 0, 7, 6, 0, 4, 0, 6, 0, 0, 3, 7, 9, 7, 3, 7, 5, 4, 1, 1, 6, 2, 7, 6, 2, 4, 1, 2, 1, 8, 6, 0, 7]}, "_timestamp": 1650098439, "_runtime": 48, "epoch": 4, "loss": 0.3492087423801422, "accuracy": 0.871233344078064, "val_loss": 0.3535911738872528, "val_accuracy": 0.870199978351593, "_step": 4, "best_val_loss": 0.3535911738872528, "best_epoch": 4, "_wandb": {"runtime": 46}}