{"graph": {"_type": "graph-file", "path": "media/graph/graph_summary_9e6f729828d7a87c32cd.graph.json", "sha256": "9e6f729828d7a87c32cd8ce2373fefcc91f7ca2ae4678d60a504ff8f96f0ffa4", "size": 719}, "examples": {"_type": "images/separated", "width": 28, "height": 28, "format": "png", "count": 36, "filenames": ["media/images/examples_4_2cdf78b2aa3ea50d51ce.png", "media/images/examples_4_c7c5e8539b465f87216c.png", "media/images/examples_4_f42e11e60e632bdcdd0c.png", "media/images/examples_4_281f8249a18cf7bda4eb.png", "media/images/examples_4_cc45806ae81b649a0c5f.png", "media/images/examples_4_214a93dda1b1db5d8de1.png", "media/images/examples_4_2c5f8815ff52fbf80f31.png", "media/images/examples_4_7ee0e3a61e4fd1a84f7f.png", "media/images/examples_4_fd5f6eab1a51e410c1c0.png", "media/images/examples_4_097879b790c3cfe692a5.png", "media/images/examples_4_7b19e1f9d6585894544e.png", "media/images/examples_4_1908fd3f9bb374d72a22.png", "media/images/examples_4_753f10adcc4b06cd8ba0.png", "media/images/examples_4_f386127164cd8cca76bc.png", "media/images/examples_4_e2b9bd46b17974991700.png", "media/images/examples_4_71c86d3013f5085f9adc.png", "media/images/examples_4_61d2ac175dd1e0db0e2a.png", "media/images/examples_4_db6296f7b14ab8e1639f.png", "media/images/examples_4_7bf830f3b9d2cc457cde.png", "media/images/examples_4_bea6a302a0eaf6ec9ce9.png", "media/images/examples_4_a6389bdb1739880955bc.png", "media/images/examples_4_170ac10ccd486ef753ad.png", "media/images/examples_4_207f5a251f9beac0d951.png", "media/images/examples_4_1af6919e683bc26081df.png", "media/images/examples_4_f697b933a2c228ce7054.png", "media/images/examples_4_2ea8908d965f609c6f38.png", "media/images/examples_4_201c3d1ec6b9de990023.png", "media/images/examples_4_b21c6fbc8af6dedd34b2.png", "media/images/examples_4_c9afd0b58d6f777e67fc.png", "media/images/examples_4_981cd1433228409d0156.png", "media/images/examples_4_b80c8d9760f3c8a3761d.png", "media/images/examples_4_3bf5c87b92918333ddf1.png", "media/images/examples_4_3e827c69328381192854.png", "media/images/examples_4_8449e97fc0c51b04c15d.png", "media/images/examples_4_d440238f4c10c95a3af0.png", "media/images/examples_4_da0408e1633a63b33ba6.png"], "captions": [7, 7, 4, 1, 3, 7, 6, 3, 3, 4, 2, 5, 7, 2, 7, 2, 7, 3, 7, 7, 3, 7, 5, 5, 4, 9, 2, 1, 8, 0, 0, 3, 8, 4, 4, 8]}, "_timestamp": 1650100966, "_runtime": 44, "epoch": 4, "loss": 0.39454013109207153, "accuracy": 0.8578500151634216, "val_loss": 0.3775659203529358, "val_accuracy": 0.8671000003814697, "_step": 4, "best_val_loss": 0.3775659203529358, "best_epoch": 4, "_wandb": {"runtime": 42}}