{"graph": {"_type": "graph-file", "path": "media/graph/graph_summary_67b4cecd482748c3f0b1.graph.json", "sha256": "67b4cecd482748c3f0b18537d4014c705e23a092d681080ebb6087aad795091a", "size": 723}, "examples": {"_type": "images/separated", "width": 28, "height": 28, "format": "png", "count": 36, "filenames": ["media/images/examples_4_b6a483ef324b8877e35d.png", "media/images/examples_4_5eca7e5b02326338125a.png", "media/images/examples_4_ffdc40f11289a224794a.png", "media/images/examples_4_d2429a7a0106f9387c6b.png", "media/images/examples_4_059ae6500d975b318a16.png", "media/images/examples_4_65fa231025fca3e15c2b.png", "media/images/examples_4_5ffbba745cd4c8ee8634.png", "media/images/examples_4_8799032888a599866406.png", "media/images/examples_4_0a5c471b126fb0aa8672.png", "media/images/examples_4_4742662b3d50390d61f4.png", "media/images/examples_4_282f3d1a9fb136e0b24a.png", "media/images/examples_4_10cb7e1cedd9eca8e79c.png", "media/images/examples_4_7d9368543e2c7ee53804.png", "media/images/examples_4_a310a610d156909bcc05.png", "media/images/examples_4_1107ce0cae8eaee2bffd.png", "media/images/examples_4_d387d128d71c0e3f5760.png", "media/images/examples_4_986aaf99f8a18dd38754.png", "media/images/examples_4_a722c645ade088a5d896.png", "media/images/examples_4_82dff5dd3055690a7aad.png", "media/images/examples_4_de2eff6d85bb40cf48a3.png", "media/images/examples_4_c57ef59ecc4d35ddce39.png", "media/images/examples_4_77b0944615e0843a6281.png", "media/images/examples_4_862b96340bf0f14c34d8.png", "media/images/examples_4_113a18283c6b285c0be1.png", "media/images/examples_4_551c01ed321f9ce29f4d.png", "media/images/examples_4_710e129962f9d60714b4.png", "media/images/examples_4_a201d1245c7a447df722.png", "media/images/examples_4_71c99bd05319e13e824d.png", "media/images/examples_4_25d42045e71e4e7444d3.png", "media/images/examples_4_749920077dc8bc8ed50a.png", "media/images/examples_4_780e942128d3826397d1.png", "media/images/examples_4_4d7b9cbb3eb3a4250423.png", "media/images/examples_4_ce81ec569bad189f7d61.png", "media/images/examples_4_a49b150f5d6c88ec3a53.png", "media/images/examples_4_e2298158e73a6775576f.png", "media/images/examples_4_8232811ffe127a7f78c3.png"], "captions": [4, 8, 7, 5, 1, 5, 2, 6, 7, 9, 5, 2, 9, 8, 0, 2, 6, 9, 9, 3, 8, 7, 4, 8, 8, 0, 9, 2, 3, 3, 4, 4, 2, 3, 6, 7]}, "_timestamp": 1650099337, "_runtime": 43, "epoch": 4, "loss": 0.35850459337234497, "accuracy": 0.8697333335876465, "val_loss": 0.37188592553138733, "val_accuracy": 0.8629999756813049, "_step": 4, "best_val_loss": 0.37188592553138733, "best_epoch": 4, "_wandb": {"runtime": 41}}