{"graph": {"_type": "graph-file", "path": "media/graph/graph_summary_9e6f729828d7a87c32cd.graph.json", "sha256": "9e6f729828d7a87c32cd8ce2373fefcc91f7ca2ae4678d60a504ff8f96f0ffa4", "size": 719}, "examples": {"_type": "images/separated", "width": 28, "height": 28, "format": "png", "count": 36, "filenames": ["media/images/examples_4_ed4a4ecbf0e0f4c5d5dd.png", "media/images/examples_4_630e3cdb5fde020b5e0f.png", "media/images/examples_4_33b8f368d803c22ecd5e.png", "media/images/examples_4_ae7fbbbda3f6afa49df1.png", "media/images/examples_4_db0b7cfb523aaa1d0171.png", "media/images/examples_4_da3b8ae4f354c52929fc.png", "media/images/examples_4_7a6844c5c161bb94a85b.png", "media/images/examples_4_97b1d6b61f51f06a5970.png", "media/images/examples_4_cc55ef6c169a7235dc94.png", "media/images/examples_4_4b0c8b7e32e744fc8e1a.png", "media/images/examples_4_2d187ae251decc04a4de.png", "media/images/examples_4_db84ee030e049ea68fd7.png", "media/images/examples_4_2078ce12211c17e02249.png", "media/images/examples_4_e5144bb22286fce7f3c8.png", "media/images/examples_4_ac16c38fa0826ce41c0e.png", "media/images/examples_4_920f339df1fbc336396f.png", "media/images/examples_4_7efb919daa2732c90e78.png", "media/images/examples_4_c365f9ffb32c0f06738e.png", "media/images/examples_4_80975e12d12a885ef661.png", "media/images/examples_4_f3a063516ecf541fcc41.png", "media/images/examples_4_ebd340085453ba5058e7.png", "media/images/examples_4_a9dbc1a3c58ca8760599.png", "media/images/examples_4_f417b6c8b42fbfd293aa.png", "media/images/examples_4_ec65ac1083efaeecd20b.png", "media/images/examples_4_5cab509021ad9b95b707.png", "media/images/examples_4_4fb3e46b26022bf5b9c2.png", "media/images/examples_4_7e87ba3233b7936f8df1.png", "media/images/examples_4_bd0c532427cf93b47410.png", "media/images/examples_4_fb0483114e1aa5b2924e.png", "media/images/examples_4_70923cd9ffd462693876.png", "media/images/examples_4_20c3cc23ec0e3d1b19c1.png", "media/images/examples_4_d6bd9e15a30f8be0c8fd.png", "media/images/examples_4_d3673da440f493be4f14.png", "media/images/examples_4_7304679c015aaa3e0105.png", "media/images/examples_4_d4e5a216146fd8ac75bf.png", "media/images/examples_4_1ca6f9c8795a8a00b04a.png"], "captions": [5, 6, 3, 3, 4, 6, 1, 5, 0, 9, 3, 8, 2, 9, 0, 9, 3, 3, 7, 7, 2, 3, 8, 8, 3, 0, 4, 6, 7, 4, 3, 1, 4, 1, 0, 3]}, "_timestamp": 1650095982, "_runtime": 39, "epoch": 4, "loss": 0.3402840197086334, "accuracy": 0.8744666576385498, "val_loss": 0.37092435359954834, "val_accuracy": 0.8664000034332275, "_step": 4, "best_val_loss": 0.37092435359954834, "best_epoch": 4, "_wandb": {"runtime": 38}}