{"graph": {"_type": "graph-file", "path": "media/graph/graph_summary_67b4cecd482748c3f0b1.graph.json", "sha256": "67b4cecd482748c3f0b18537d4014c705e23a092d681080ebb6087aad795091a", "size": 723}, "examples": {"_type": "images/separated", "width": 28, "height": 28, "format": "png", "count": 36, "filenames": ["media/images/examples_4_f388559424193b2cdb00.png", "media/images/examples_4_356d8432d7b35c28df56.png", "media/images/examples_4_b3534857c0b393fdd27a.png", "media/images/examples_4_643442dd848887490506.png", "media/images/examples_4_92951172b7c2f9b93a1c.png", "media/images/examples_4_4846761b6702ba4a1366.png", "media/images/examples_4_c092cab4326489917f68.png", "media/images/examples_4_33b8f368d803c22ecd5e.png", "media/images/examples_4_730379e2e36fbe28a8f6.png", "media/images/examples_4_20bdaed1e31d76665fd8.png", "media/images/examples_4_d83e4b3e0aa27b362b6d.png", "media/images/examples_4_b5a264e0db8f894cc8ad.png", "media/images/examples_4_6a28774ae1cc01718177.png", "media/images/examples_4_cfff2d412745f9c54f59.png", "media/images/examples_4_1643b0ad23eb3a15f901.png", "media/images/examples_4_759cf78378b6e4b35623.png", "media/images/examples_4_5591700efcb608540a44.png", "media/images/examples_4_caad7e5340170d3de2d6.png", "media/images/examples_4_4918ea53a8912d007110.png", "media/images/examples_4_a22a45f0be9639054540.png", "media/images/examples_4_33de8446327cd0f608bd.png", "media/images/examples_4_e5599e7fc5de61ef69a2.png", "media/images/examples_4_8e84c7308c487c89f5eb.png", "media/images/examples_4_f5f887f3e44a7788ff9b.png", "media/images/examples_4_c9139ad6ad4634833387.png", "media/images/examples_4_ecb3d6b0034f43591344.png", "media/images/examples_4_46dbcbced67593d73008.png", "media/images/examples_4_d0c28cc1eb7c17da5546.png", "media/images/examples_4_4825e38721de622aab8e.png", "media/images/examples_4_ee29c2c1a36c349931df.png", "media/images/examples_4_3f98f7021a61a1d53260.png", "media/images/examples_4_d2afa438097dbddf5f96.png", "media/images/examples_4_9028251f83c10628f9ea.png", "media/images/examples_4_ce25a11ef81309050e66.png", "media/images/examples_4_7fd41967995026489d1d.png", "media/images/examples_4_d9ddde73ee73fff1d5ec.png"], "captions": [2, 0, 8, 4, 7, 5, 8, 3, 0, 7, 1, 3, 2, 3, 0, 3, 0, 3, 2, 3, 9, 1, 9, 6, 7, 2, 4, 9, 3, 1, 9, 5, 9, 9, 8, 9]}, "_timestamp": 1650099435, "_runtime": 42, "epoch": 4, "loss": 0.360532283782959, "accuracy": 0.8690333366394043, "val_loss": 0.3668033480644226, "val_accuracy": 0.8690000176429749, "_step": 4, "best_val_loss": 0.3668033480644226, "best_epoch": 4, "_wandb": {"runtime": 40}}