{"graph": {"_type": "graph-file", "path": "media/graph/graph_summary_9e6f729828d7a87c32cd.graph.json", "sha256": "9e6f729828d7a87c32cd8ce2373fefcc91f7ca2ae4678d60a504ff8f96f0ffa4", "size": 719}, "examples": {"_type": "images/separated", "width": 28, "height": 28, "format": "png", "count": 36, "filenames": ["media/images/examples_4_83cb7762d8bc4f468c44.png", "media/images/examples_4_e6a82e32af7c427f2546.png", "media/images/examples_4_aee1441314568b7471ec.png", "media/images/examples_4_9121c972700bb8007a71.png", "media/images/examples_4_59851406d6ffeec7da06.png", "media/images/examples_4_f1ae885ff86f48293a7b.png", "media/images/examples_4_e53dce23c7f2c7c8d156.png", "media/images/examples_4_594dec4232b5aef87636.png", "media/images/examples_4_0abebae269f255e0c9c5.png", "media/images/examples_4_174f394d97e1a2a4e26c.png", "media/images/examples_4_2cdf78b2aa3ea50d51ce.png", "media/images/examples_4_85b572d2513c93918081.png", "media/images/examples_4_fab06d3ba44c37619536.png", "media/images/examples_4_336c7c0ad8f712c93cc8.png", "media/images/examples_4_d9a44573892e9883cb66.png", "media/images/examples_4_33dde3a4468eecca15d7.png", "media/images/examples_4_436ff4a9deec88b0e5ab.png", "media/images/examples_4_534a32338d896d84ffdb.png", "media/images/examples_4_de1ff3d948e799d3b349.png", "media/images/examples_4_cb381098cc331571d564.png", "media/images/examples_4_2062d595b6b931802fab.png", "media/images/examples_4_77040a9715d428c7fee2.png", "media/images/examples_4_27c82164d9ac1fe516d7.png", "media/images/examples_4_5cf04eebf806299faa84.png", "media/images/examples_4_184308058c8d629750f9.png", "media/images/examples_4_a30394e49afe6f138565.png", "media/images/examples_4_87f66fcf73f53389ed47.png", "media/images/examples_4_def48816079ffe3a3856.png", "media/images/examples_4_cedab25782f1824f284c.png", "media/images/examples_4_10c51daedeab9d588f93.png", "media/images/examples_4_b40572b4f1c624188b5f.png", "media/images/examples_4_b12745f8d3f405424b46.png", "media/images/examples_4_dff33cae70d62105f434.png", "media/images/examples_4_c86475f4d9515caf1d59.png", "media/images/examples_4_347900f11b832381b985.png", "media/images/examples_4_0612d7d9b8b2866dc90f.png"], "captions": [9, 2, 9, 5, 7, 7, 7, 2, 8, 1, 7, 5, 9, 3, 8, 2, 5, 0, 7, 8, 2, 4, 9, 3, 8, 8, 7, 8, 8, 7, 6, 7, 0, 5, 1, 0]}, "_timestamp": 1650101019, "_runtime": 45, "epoch": 4, "loss": 0.39344561100006104, "accuracy": 0.8584666848182678, "val_loss": 0.38398638367652893, "val_accuracy": 0.8597000241279602, "_step": 4, "best_val_loss": 0.38398638367652893, "best_epoch": 4, "_wandb": {"runtime": 43}}