{"graph": {"_type": "graph-file", "path": "media/graph/graph_summary_67b4cecd482748c3f0b1.graph.json", "sha256": "67b4cecd482748c3f0b18537d4014c705e23a092d681080ebb6087aad795091a", "size": 723}, "examples": {"_type": "images/separated", "width": 28, "height": 28, "format": "png", "count": 36, "filenames": ["media/images/examples_4_c50ac586c0fe16ebbdf0.png", "media/images/examples_4_438a5b5490a3cce2ce16.png", "media/images/examples_4_4dc32951db858a63da30.png", "media/images/examples_4_e9cbb0b8861b92682a40.png", "media/images/examples_4_fac9052d303205e707e7.png", "media/images/examples_4_8a8d75a38eb2786157c2.png", "media/images/examples_4_c48ce2d928fcb48e87c2.png", "media/images/examples_4_e68003e1f94073d7632d.png", "media/images/examples_4_057e93a2c434717a4145.png", "media/images/examples_4_62957231b8fc2d52d831.png", "media/images/examples_4_a44631f6aff3361b4c29.png", "media/images/examples_4_be58638d9009c348fbbb.png", "media/images/examples_4_9bcb7765cb9699d69fac.png", "media/images/examples_4_5ab196a0ee7b49fd9f2e.png", "media/images/examples_4_60431bde45a7e644b87f.png", "media/images/examples_4_1eb77f97af7a8938e7dd.png", "media/images/examples_4_b3fa63e38ef578241c4a.png", "media/images/examples_4_ee7decb31caaac0491d2.png", "media/images/examples_4_716605aeda352e984087.png", "media/images/examples_4_56f454588ba63d0ba266.png", "media/images/examples_4_356e24e451ee7c12e405.png", "media/images/examples_4_689826d97186f8999257.png", "media/images/examples_4_17cabb558d0babf26492.png", "media/images/examples_4_eae2f742bd094d905a5b.png", "media/images/examples_4_fe919276992b1fd862e7.png", "media/images/examples_4_7e7c1c2e9bc7e02e28cf.png", "media/images/examples_4_1ac16355a22417c17b8e.png", "media/images/examples_4_25c203d7bc5cc9f84e49.png", "media/images/examples_4_b7029aa6c79f1bfc4cfe.png", "media/images/examples_4_b4c6aa9f8df9fa47fe4d.png", "media/images/examples_4_a311dd0b3d6742d2b615.png", "media/images/examples_4_2ffd7a18ef1336e3c590.png", "media/images/examples_4_97430999845c01e55162.png", "media/images/examples_4_bebacce550928eac40ef.png", "media/images/examples_4_c1b9244717ba619c4870.png", "media/images/examples_4_f026cf1c2c76dcb4ae23.png"], "captions": [6, 7, 9, 9, 9, 8, 9, 5, 5, 8, 6, 0, 5, 6, 5, 2, 9, 9, 7, 1, 8, 0, 4, 4, 2, 5, 3, 4, 4, 3, 4, 4, 8, 1, 0, 4]}, "_timestamp": 1650102244, "_runtime": 50, "epoch": 4, "loss": 0.4094139635562897, "accuracy": 0.8501999974250793, "val_loss": 0.3851315677165985, "val_accuracy": 0.8583999872207642, "_step": 4, "best_val_loss": 0.3851315677165985, "best_epoch": 4, "_wandb": {"runtime": 48}}