{"graph": {"_type": "graph-file", "path": "media/graph/graph_summary_9e6f729828d7a87c32cd.graph.json", "sha256": "9e6f729828d7a87c32cd8ce2373fefcc91f7ca2ae4678d60a504ff8f96f0ffa4", "size": 719}, "examples": {"_type": "images/separated", "width": 28, "height": 28, "format": "png", "count": 36, "filenames": ["media/images/examples_4_30347768cd874aafdfdf.png", "media/images/examples_4_3cfda82a344be0b6d570.png", "media/images/examples_4_d5d8a4bda6899a58f2cf.png", "media/images/examples_4_762064b8e05b53200f4b.png", "media/images/examples_4_b43ab5d8ab7443258ed4.png", "media/images/examples_4_9a4b51761f680be98390.png", "media/images/examples_4_20b55ba8f8d7442df95b.png", "media/images/examples_4_13e5c9ec85ef1fc35eb6.png", "media/images/examples_4_ffd3c1ea4791c2479338.png", "media/images/examples_4_e2cdce517debfe50d7a4.png", "media/images/examples_4_6a6cdf297303e8769715.png", "media/images/examples_4_0bbcf9ad1c4e876dffac.png", "media/images/examples_4_99bf785dd7e50603e0ad.png", "media/images/examples_4_eee1aae79c4f2dde1fe2.png", "media/images/examples_4_8d87cf065cf6b126aff1.png", "media/images/examples_4_142417240c2cd3dd45d0.png", "media/images/examples_4_47cc476733953e8b44fb.png", "media/images/examples_4_9c41a1f27aa0c0b07f87.png", "media/images/examples_4_d4c291a4a70a1cefed2c.png", "media/images/examples_4_899ca0867a1e3ee8a9f5.png", "media/images/examples_4_c4fc0542d469407d31d5.png", "media/images/examples_4_c35fcf01090cea323064.png", "media/images/examples_4_c98798efa1b9617cf2d5.png", "media/images/examples_4_a0c6daa1936158ea2fe2.png", "media/images/examples_4_c23828fc9a044c4ac9dc.png", "media/images/examples_4_b7ac9a384c2b8049e847.png", "media/images/examples_4_d19b404d18ccca2349db.png", "media/images/examples_4_68037e2f4bf7df09a363.png", "media/images/examples_4_057e93a2c434717a4145.png", "media/images/examples_4_2ff75d42886f46746fe9.png", "media/images/examples_4_493f3775a08a3528458c.png", "media/images/examples_4_a9d8aba85f0555f83736.png", "media/images/examples_4_223d9f52464b045efae3.png", "media/images/examples_4_6e6e5c53ad105034e19b.png", "media/images/examples_4_f0b657525f0f57788de0.png", "media/images/examples_4_a424b3be3353cdcdd84a.png"], "captions": [4, 6, 8, 4, 4, 8, 1, 7, 5, 1, 2, 2, 6, 9, 7, 0, 3, 2, 8, 5, 5, 9, 8, 0, 5, 8, 5, 7, 5, 7, 8, 4, 6, 4, 0, 3]}, "_timestamp": 1650100061, "_runtime": 43, "epoch": 4, "loss": 0.3927912712097168, "accuracy": 0.8559333086013794, "val_loss": 0.3842580318450928, "val_accuracy": 0.8622999787330627, "_step": 4, "best_val_loss": 0.3842580318450928, "best_epoch": 4, "_wandb": {"runtime": 40}}