{"graph": {"_type": "graph-file", "path": "media/graph/graph_summary_9e6f729828d7a87c32cd.graph.json", "sha256": "9e6f729828d7a87c32cd8ce2373fefcc91f7ca2ae4678d60a504ff8f96f0ffa4", "size": 719}, "examples": {"_type": "images/separated", "width": 28, "height": 28, "format": "png", "count": 36, "filenames": ["media/images/examples_4_b73a5b587ad9c3682268.png", "media/images/examples_4_9dc22d745b87af32684f.png", "media/images/examples_4_4ce1f62a8b2db2cbce33.png", "media/images/examples_4_c4ff79573ad17d763ce7.png", "media/images/examples_4_99bacb0fd2b48069411b.png", "media/images/examples_4_ccc0003db41a404f7b84.png", "media/images/examples_4_47951546926dacad1056.png", "media/images/examples_4_fbdad20b88aef91cc1b3.png", "media/images/examples_4_e08f57d0fffb4a4be589.png", "media/images/examples_4_f0b37a526d053cd17b65.png", "media/images/examples_4_480cf6eb89ae50f12c11.png", "media/images/examples_4_fde73ca710cb5981709c.png", "media/images/examples_4_ea999d2849d0c07419c1.png", "media/images/examples_4_1e856f9f95cae6932e98.png", "media/images/examples_4_a6051a8c4adb62c355d6.png", "media/images/examples_4_1cb231a2808b9c80199f.png", "media/images/examples_4_3f1a9049a3bb3e136c58.png", "media/images/examples_4_64645dd28ef5d7687500.png", "media/images/examples_4_14bcdcfe09ed37be41d0.png", "media/images/examples_4_ff815a596ebddadc9333.png", "media/images/examples_4_3948ced89b35527df6d6.png", "media/images/examples_4_4d6e745de5bf6704ecc8.png", "media/images/examples_4_97fb981c9c4ac7c0e7e3.png", "media/images/examples_4_2c59e136cf4383f0a728.png", "media/images/examples_4_7be9731a4376582ddc82.png", "media/images/examples_4_b741c9eb1a0fdb926456.png", "media/images/examples_4_b169c9c0ae8f35630741.png", "media/images/examples_4_c50ac586c0fe16ebbdf0.png", "media/images/examples_4_4123c3eab9eb32c27b71.png", "media/images/examples_4_f5400984b5fb46578793.png", "media/images/examples_4_3074a95630c320812bfa.png", "media/images/examples_4_745ad6bcb846ccb4461b.png", "media/images/examples_4_7143cfa77b54814e7241.png", "media/images/examples_4_82ea9035c87ca74fbb35.png", "media/images/examples_4_06ae680f21167b5cafc9.png", "media/images/examples_4_0d98e054a10640c58675.png"], "captions": [2, 8, 2, 8, 0, 1, 4, 8, 9, 4, 1, 7, 9, 2, 4, 4, 8, 4, 7, 5, 8, 5, 1, 6, 4, 7, 9, 6, 1, 7, 0, 3, 5, 4, 0, 0]}, "_timestamp": 1650103140, "_runtime": 49, "epoch": 4, "loss": 0.4204975664615631, "accuracy": 0.8486999869346619, "val_loss": 0.39959773421287537, "val_accuracy": 0.8549000024795532, "_step": 4, "best_val_loss": 0.39959773421287537, "best_epoch": 4, "_wandb": {"runtime": 48}}