{"graph": {"_type": "graph-file", "path": "media/graph/graph_summary_dc0611eee5461a018c5f.graph.json", "sha256": "dc0611eee5461a018c5f184c806f752fb52091a6b91ab425966161c2823f1688", "size": 719}, "examples": {"_type": "images/separated", "width": 28, "height": 28, "format": "png", "count": 36, "filenames": ["media/images/examples_4_76b2b81ee55b1223079d.png", "media/images/examples_4_cd851ded85c28dca8b5d.png", "media/images/examples_4_114eaf902042b61c9d00.png", "media/images/examples_4_4e89b9e0083ca761d107.png", "media/images/examples_4_5d5735cc1c8574dec1c8.png", "media/images/examples_4_604df4045528d2d60601.png", "media/images/examples_4_05af14898b18ebfaa1d3.png", "media/images/examples_4_fdb94fc59d43a67baa72.png", "media/images/examples_4_aff34c6926fc636f502b.png", "media/images/examples_4_e5281947e305da5016bc.png", "media/images/examples_4_d5b059b20f9280c3b225.png", "media/images/examples_4_d8abca46fcecf04bf300.png", "media/images/examples_4_ba96c84238a24a06c0ea.png", "media/images/examples_4_5d16805707da127f60bb.png", "media/images/examples_4_45ccb033ec56edfce774.png", "media/images/examples_4_7be67201bda19577bce1.png", "media/images/examples_4_1f2b135542e60ac81b6c.png", "media/images/examples_4_d7672ba651e8bcc3eb5e.png", "media/images/examples_4_863fc0f33e27a62deb0a.png", "media/images/examples_4_e0b26fca54814ff2f81b.png", "media/images/examples_4_7d261b3cf6b310566a1c.png", "media/images/examples_4_e5bbe906b331421c6183.png", "media/images/examples_4_0f6d43e41126858ce6c5.png", "media/images/examples_4_e874b43fef5d246032a9.png", "media/images/examples_4_1b3b1d45241d3035d916.png", "media/images/examples_4_cb55044a501988793b58.png", "media/images/examples_4_58f9e2c13124df9454ce.png", "media/images/examples_4_efe5712325ca5c5cf82a.png", "media/images/examples_4_8be705384f5ec2e4f4f1.png", "media/images/examples_4_142417240c2cd3dd45d0.png", "media/images/examples_4_b992a37d9de374842d4b.png", "media/images/examples_4_00b15510b76e6168d7a6.png", "media/images/examples_4_6a5513f89d45e0358189.png", "media/images/examples_4_e32f624ae7bf8aa5b08c.png", "media/images/examples_4_4189911053e5294d015d.png", "media/images/examples_4_551f59c1b73d5cfbbc5c.png"], "captions": [6, 1, 2, 5, 0, 9, 6, 2, 2, 4, 3, 8, 4, 9, 7, 9, 2, 7, 8, 9, 0, 6, 0, 6, 6, 9, 4, 1, 7, 0, 3, 3, 7, 7, 6, 5]}, "_timestamp": 1650098649, "_runtime": 43, "epoch": 4, "loss": 0.39516544342041016, "accuracy": 0.8585000038146973, "val_loss": 0.390580415725708, "val_accuracy": 0.8590999841690063, "_step": 4, "best_val_loss": 0.390580415725708, "best_epoch": 4, "_wandb": {"runtime": 41}}