{"graph": {"_type": "graph-file", "path": "media/graph/graph_summary_dc0611eee5461a018c5f.graph.json", "sha256": "dc0611eee5461a018c5f184c806f752fb52091a6b91ab425966161c2823f1688", "size": 719}, "examples": {"_type": "images/separated", "width": 28, "height": 28, "format": "png", "count": 36, "filenames": ["media/images/examples_4_e2cdce517debfe50d7a4.png", "media/images/examples_4_94e816a922129f319e4e.png", "media/images/examples_4_aca860fce1334f474524.png", "media/images/examples_4_70a720deae6473da2955.png", "media/images/examples_4_b6c17299be3d8f60a4d2.png", "media/images/examples_4_e0e60a55bd2de942d4d7.png", "media/images/examples_4_efc522f8a7a8da4d7810.png", "media/images/examples_4_3bdd12ca66ab3ed1a13f.png", "media/images/examples_4_359e36c243a224650cfb.png", "media/images/examples_4_e4d3578f707ff1109cd4.png", "media/images/examples_4_40cb59a1744a118b8255.png", "media/images/examples_4_4971f179af689365437c.png", "media/images/examples_4_67c110cc80ffe890d7cb.png", "media/images/examples_4_86a9c7cd0e011b4ae765.png", "media/images/examples_4_63bc5bc1bc566ab05c5a.png", "media/images/examples_4_6a8888177cb7b45e1c8d.png", "media/images/examples_4_60832f3a1470a46f2ed4.png", "media/images/examples_4_266ca8b17c4386a39ba9.png", "media/images/examples_4_6c2fc037ba68f1d5c50d.png", "media/images/examples_4_f8b625b362f5fb60ccc7.png", "media/images/examples_4_9990daa53c3912f6aab5.png", "media/images/examples_4_24ad2e1a97486977b610.png", "media/images/examples_4_b6ebff071a8b9f61d440.png", "media/images/examples_4_674e474c88f7a963b463.png", "media/images/examples_4_7c2a74bdc93dcc6189f2.png", "media/images/examples_4_370cae2f944fa90deed1.png", "media/images/examples_4_f97228921fc9062e4e60.png", "media/images/examples_4_7882311cc6f82ead22ce.png", "media/images/examples_4_8f16fff640122efe73e9.png", "media/images/examples_4_892431c47acd30412b4b.png", "media/images/examples_4_47613c5ce3c1e1998eb7.png", "media/images/examples_4_e13fe6f1ba4da17e0887.png", "media/images/examples_4_d92f8a634a4ee0d68fb0.png", "media/images/examples_4_8bdcd5eb0a5dc062377b.png", "media/images/examples_4_a20d7b9abd1477fd56bb.png", "media/images/examples_4_15b381b207627771440d.png"], "captions": [1, 8, 4, 7, 4, 8, 6, 9, 8, 4, 4, 9, 8, 7, 7, 5, 5, 3, 7, 1, 3, 0, 5, 6, 8, 3, 8, 3, 7, 1, 8, 5, 1, 1, 8, 7]}, "_timestamp": 1650101499, "_runtime": 44, "epoch": 4, "loss": 0.4764687716960907, "accuracy": 0.8273500204086304, "val_loss": 0.4109606444835663, "val_accuracy": 0.8496000170707703, "_step": 4, "best_val_loss": 0.4109606444835663, "best_epoch": 4, "_wandb": {"runtime": 42}}