{"graph": {"_type": "graph-file", "path": "media/graph/graph_summary_dc0611eee5461a018c5f.graph.json", "sha256": "dc0611eee5461a018c5f184c806f752fb52091a6b91ab425966161c2823f1688", "size": 719}, "examples": {"_type": "images/separated", "width": 28, "height": 28, "format": "png", "count": 36, "filenames": ["media/images/examples_4_7aafc5d12503256e0c3f.png", "media/images/examples_4_7ea913407a7320f6a033.png", "media/images/examples_4_f191a953bf779c63e1ac.png", "media/images/examples_4_3c72554d8846511c242a.png", "media/images/examples_4_44bc98e009ee9bb86fc6.png", "media/images/examples_4_c4930a53bd7daf126e2a.png", "media/images/examples_4_8456610f5b4c693c3a22.png", "media/images/examples_4_5bd32b66bb8f2a6e0a33.png", "media/images/examples_4_534b619fcb2c3ee02750.png", "media/images/examples_4_3748152fe09e478ee64d.png", "media/images/examples_4_2f71c0489648a7fd5888.png", "media/images/examples_4_b07af1488826962a436a.png", "media/images/examples_4_c7acde1fcc95ee1c1e28.png", "media/images/examples_4_f9826a9229c81a07407a.png", "media/images/examples_4_26a68cb419fe92f3af56.png", "media/images/examples_4_234a8ddcebe4c9df946b.png", "media/images/examples_4_0270799e0f5e2e6720c5.png", "media/images/examples_4_6d3a8d763a6019611474.png", "media/images/examples_4_1027d05a7d94f076e994.png", "media/images/examples_4_8186c6a577b87204377e.png", "media/images/examples_4_753981a6a4f2d2dba095.png", "media/images/examples_4_13f9451f3c433301d883.png", "media/images/examples_4_b309858f3712dda0021e.png", "media/images/examples_4_28055283f6f1d95b637d.png", "media/images/examples_4_e6c6aea886bec620edb4.png", "media/images/examples_4_77767405de64c64c2b2c.png", "media/images/examples_4_3fb17f303fb10f9acb12.png", "media/images/examples_4_4ce1f62a8b2db2cbce33.png", "media/images/examples_4_12509f555d940d749ec3.png", "media/images/examples_4_091abed302fbdd1d3adc.png", "media/images/examples_4_858d906b44fa90567035.png", "media/images/examples_4_a2774f6f5eafcd1e12ac.png", "media/images/examples_4_cd01954ffc9908036972.png", "media/images/examples_4_df7f56a4b3f7ee7973dc.png", "media/images/examples_4_d32649256683729f51d7.png", "media/images/examples_4_79487bee5476e2fefbe9.png"], "captions": [8, 5, 0, 2, 2, 9, 7, 2, 5, 1, 8, 5, 8, 6, 6, 2, 7, 3, 7, 3, 9, 9, 9, 1, 7, 1, 0, 2, 5, 3, 7, 6, 2, 6, 3, 2]}, "_timestamp": 1650097612, "_runtime": 41, "epoch": 4, "loss": 0.38575950264930725, "accuracy": 0.8595333099365234, "val_loss": 0.3835894763469696, "val_accuracy": 0.8582000136375427, "_step": 4, "best_val_loss": 0.37488028407096863, "best_epoch": 3, "_wandb": {"runtime": 40}}