{"graph": {"_type": "graph-file", "path": "media/graph/graph_summary_dc0611eee5461a018c5f.graph.json", "sha256": "dc0611eee5461a018c5f184c806f752fb52091a6b91ab425966161c2823f1688", "size": 719}, "examples": {"_type": "images/separated", "width": 28, "height": 28, "format": "png", "count": 36, "filenames": ["media/images/examples_4_fa613cc04daac1f9b0c3.png", "media/images/examples_4_f4f9bd77e75211b6d7a6.png", "media/images/examples_4_47c255392bd68f1d7b8a.png", "media/images/examples_4_e483e8e85ea3dfbe47c3.png", "media/images/examples_4_00762e82d709b3ee93a1.png", "media/images/examples_4_de2b0d9256a6857c92a9.png", "media/images/examples_4_b4277664f2423134ebc3.png", "media/images/examples_4_6d27456904ce3eef8559.png", "media/images/examples_4_785ade433ce9851d0663.png", "media/images/examples_4_9a5ba3d5fcae9675c94e.png", "media/images/examples_4_3e2f6bcad423be662b2f.png", "media/images/examples_4_29464905835db1b02cf6.png", "media/images/examples_4_353456ca7071af02fdfc.png", "media/images/examples_4_4f476b2511fa367c0b92.png", "media/images/examples_4_337491e0d04f88b9349b.png", "media/images/examples_4_813de931e0e2b90bac0b.png", "media/images/examples_4_52443ae2beaa90393b8f.png", "media/images/examples_4_004c00299436ff9ebd4d.png", "media/images/examples_4_300d1094ba51c9a0180d.png", "media/images/examples_4_6c55ffcb2776d6030329.png", "media/images/examples_4_70c2c24f6b39a88d978c.png", "media/images/examples_4_3716e29187a9ac0f9e86.png", "media/images/examples_4_ab5de622d4ba76000122.png", "media/images/examples_4_00361a0edabb4314ebf4.png", "media/images/examples_4_2dc6c0e216dd24ffed62.png", "media/images/examples_4_8f62a6f84f4f4440bc77.png", "media/images/examples_4_4ac9f4801bc948d41826.png", "media/images/examples_4_009250f467a536f78e91.png", "media/images/examples_4_7d38dc81e8740f1e9997.png", "media/images/examples_4_16af78a92a67282ae141.png", "media/images/examples_4_70923cd9ffd462693876.png", "media/images/examples_4_6fcb8e8fa222ae13e97b.png", "media/images/examples_4_49d36505fd7208ad1ad9.png", "media/images/examples_4_e864b4242105a7352417.png", "media/images/examples_4_1c9556b2ab43318b87bd.png", "media/images/examples_4_be8db2130bbbde70c824.png"], "captions": [4, 1, 1, 2, 2, 8, 7, 0, 1, 9, 0, 7, 4, 9, 7, 0, 2, 1, 7, 7, 4, 1, 2, 3, 7, 9, 0, 3, 3, 2, 4, 8, 5, 5, 1, 2]}, "_timestamp": 1650101661, "_runtime": 48, "epoch": 4, "loss": 0.46330589056015015, "accuracy": 0.8309999704360962, "val_loss": 0.3969326913356781, "val_accuracy": 0.8579000234603882, "_step": 4, "best_val_loss": 0.3969326913356781, "best_epoch": 4, "_wandb": {"runtime": 44}}