{"graph": {"_type": "graph-file", "path": "media/graph/graph_summary_dc0611eee5461a018c5f.graph.json", "sha256": "dc0611eee5461a018c5f184c806f752fb52091a6b91ab425966161c2823f1688", "size": 719}, "examples": {"_type": "images/separated", "width": 28, "height": 28, "format": "png", "count": 36, "filenames": ["media/images/examples_4_82c03723c48fb4078225.png", "media/images/examples_4_ff3f26c44059ce23da24.png", "media/images/examples_4_bffd9a511fc077587a52.png", "media/images/examples_4_cc7801ec8fe0a12fa0ed.png", "media/images/examples_4_541b13b6b6d4c1b8e219.png", "media/images/examples_4_7c90dde7dc43901c2f8b.png", "media/images/examples_4_e1e6e8108ecd76f8ee48.png", "media/images/examples_4_70174a5032e50ba38f2f.png", "media/images/examples_4_84e531c22ae16859ff88.png", "media/images/examples_4_2ae1180bac0fb8f8e47f.png", "media/images/examples_4_c4055439fbe11b552a18.png", "media/images/examples_4_7403c27ad976d589cb00.png", "media/images/examples_4_7ba6211928fa15e28735.png", "media/images/examples_4_3f97ffc9321b7422d974.png", "media/images/examples_4_2c9654e6a4b4287350e8.png", "media/images/examples_4_3025e5b27d8462f2dfbc.png", "media/images/examples_4_ffaea96344a77c7d8e5f.png", "media/images/examples_4_dc895f14fa7f90c2ec31.png", "media/images/examples_4_56e06a47401c7fd93228.png", "media/images/examples_4_d66e39bd3a44f2c0e1fe.png", "media/images/examples_4_41456aefce6f6cd6808e.png", "media/images/examples_4_60dd19ade274c173d80a.png", "media/images/examples_4_b0dcab2c8209fe68e52f.png", "media/images/examples_4_56f454588ba63d0ba266.png", "media/images/examples_4_e5888a3f97b677ae4586.png", "media/images/examples_4_708dba039cf08d93d3ea.png", "media/images/examples_4_e7eda06edfa3aab4b133.png", "media/images/examples_4_fbdad20b88aef91cc1b3.png", "media/images/examples_4_9280345c7bb1206c673e.png", "media/images/examples_4_736c549b519001a80821.png", "media/images/examples_4_4f0da9f7b1587de938d4.png", "media/images/examples_4_62abfc95aecd097da5b0.png", "media/images/examples_4_601e250658990409ea5f.png", "media/images/examples_4_5dc0deb34a3c75b52928.png", "media/images/examples_4_e507fc91f53a7c3a5482.png", "media/images/examples_4_9e94da8bed0e315055ad.png"], "captions": [5, 8, 8, 8, 1, 2, 2, 6, 1, 8, 3, 0, 3, 3, 4, 6, 3, 7, 1, 1, 4, 0, 1, 1, 5, 6, 3, 8, 4, 4, 8, 0, 5, 0, 4, 6]}, "_timestamp": 1650102708, "_runtime": 47, "epoch": 4, "loss": 0.45619112253189087, "accuracy": 0.8366333246231079, "val_loss": 0.410661906003952, "val_accuracy": 0.8497999906539917, "_step": 4, "best_val_loss": 0.410661906003952, "best_epoch": 4, "_wandb": {"runtime": 45}}