{"graph": {"_type": "graph-file", "path": "media/graph/graph_summary_9e6f729828d7a87c32cd.graph.json", "sha256": "9e6f729828d7a87c32cd8ce2373fefcc91f7ca2ae4678d60a504ff8f96f0ffa4", "size": 719}, "examples": {"_type": "images/separated", "width": 28, "height": 28, "format": "png", "count": 36, "filenames": ["media/images/examples_4_e6d1ef8c9381c4e3c311.png", "media/images/examples_4_6ac11a9798ce6b7789dc.png", "media/images/examples_4_d27685ed47588e019b9b.png", "media/images/examples_4_6a98c8d5aef6d84ec8bb.png", "media/images/examples_4_4fe14fea852e5e9a740b.png", "media/images/examples_4_45500bdc812377e4f72f.png", "media/images/examples_4_76b0ce3024fe8a566855.png", "media/images/examples_4_77555875860cb4a27597.png", "media/images/examples_4_50ba334bc86add2a2ba9.png", "media/images/examples_4_5648a1885d6da2274b0c.png", "media/images/examples_4_395493af06a56b9be956.png", "media/images/examples_4_28b8787ee3e42cd6f038.png", "media/images/examples_4_c0b655ccef1d4eda074e.png", "media/images/examples_4_54c5000a204a006b02f4.png", "media/images/examples_4_89ca2160b1daec5821e0.png", "media/images/examples_4_46c5499c1ac4ad82a9e6.png", "media/images/examples_4_012558268dceace5c036.png", "media/images/examples_4_0c4b9418f73f88a4fe37.png", "media/images/examples_4_4cbd6fb55822552f58a3.png", "media/images/examples_4_9fa9c300b11435a3ea01.png", "media/images/examples_4_c165e0065eba37e5a4b9.png", "media/images/examples_4_acd51c349a39fadbdc5e.png", "media/images/examples_4_4a78243e2f08f79782ce.png", "media/images/examples_4_8b5aecdc7d2b5797f98c.png", "media/images/examples_4_104ae86d7f3c9ab64cc3.png", "media/images/examples_4_b1698031d68dd5386ad0.png", "media/images/examples_4_ac3e7af9f6e35ad2c9d6.png", "media/images/examples_4_67290ab7b4e2d8619490.png", "media/images/examples_4_2cc989a43453f9b5af4a.png", "media/images/examples_4_da269f3612c2dddc1255.png", "media/images/examples_4_86ae4c8a6eef6a96ae22.png", "media/images/examples_4_3968dc919336365d600d.png", "media/images/examples_4_73e4ec23270705f6b065.png", "media/images/examples_4_e8ad2bba18f3da93bfa6.png", "media/images/examples_4_490a0fcaabf4e53b222c.png", "media/images/examples_4_9bec527d1023cadb71e7.png"], "captions": [5, 5, 0, 5, 7, 5, 8, 1, 4, 8, 0, 9, 2, 4, 2, 3, 2, 7, 4, 5, 9, 7, 1, 9, 8, 6, 4, 9, 7, 5, 7, 1, 7, 4, 5, 4]}, "_timestamp": 1650095226, "_runtime": 40, "epoch": 4, "loss": 0.34119489789009094, "accuracy": 0.8761666417121887, "val_loss": 0.36904528737068176, "val_accuracy": 0.8694000244140625, "_step": 4, "best_val_loss": 0.36904528737068176, "best_epoch": 4, "_wandb": {"runtime": 38}}