{"graph": {"_type": "graph-file", "path": "media/graph/graph_summary_9e6f729828d7a87c32cd.graph.json", "sha256": "9e6f729828d7a87c32cd8ce2373fefcc91f7ca2ae4678d60a504ff8f96f0ffa4", "size": 719}, "examples": {"_type": "images/separated", "width": 28, "height": 28, "format": "png", "count": 36, "filenames": ["media/images/examples_4_0556c9b1da1debfa6f00.png", "media/images/examples_4_b4f91191876135bbb039.png", "media/images/examples_4_ddbf47a6b4549d6a48df.png", "media/images/examples_4_f633e18cf83fc7c1415c.png", "media/images/examples_4_01b148cc9a05cba6f9af.png", "media/images/examples_4_e61be63e929f5e8cb5cf.png", "media/images/examples_4_46953304ba67cfa0ed89.png", "media/images/examples_4_0797504d16ec7d860623.png", "media/images/examples_4_81bcb84690cedf134c35.png", "media/images/examples_4_2afcabab290b7cac2011.png", "media/images/examples_4_48c74f703b281cd54a7c.png", "media/images/examples_4_cd06c0a2142c18364073.png", "media/images/examples_4_14d4b5edb9e7faaa7336.png", "media/images/examples_4_97d43510f6e558cf7147.png", "media/images/examples_4_88c5859f706894352a3c.png", "media/images/examples_4_7b23a9fa877c7ad699b6.png", "media/images/examples_4_4f4e58794756c7477ad7.png", "media/images/examples_4_a20d7b9abd1477fd56bb.png", "media/images/examples_4_b152fb02170e11f5a03a.png", "media/images/examples_4_8e74c88836242db23ef8.png", "media/images/examples_4_18065773c0b39f791eb8.png", "media/images/examples_4_27058d20bcf8467eda79.png", "media/images/examples_4_ce61915648fbeaf4820a.png", "media/images/examples_4_3bf35b2ad3602733fd19.png", "media/images/examples_4_658b2d0f27d44058c57e.png", "media/images/examples_4_6b42f0d67701cdef4529.png", "media/images/examples_4_2329167d0ac816d01954.png", "media/images/examples_4_b9fcfddfcb969cd1d349.png", "media/images/examples_4_f946c702f516eaec84ef.png", "media/images/examples_4_052d4e4e19e617edddf6.png", "media/images/examples_4_3835ceae4d516792bcfa.png", "media/images/examples_4_248589284cf783138857.png", "media/images/examples_4_61ffb11a0330cf6886eb.png", "media/images/examples_4_f1225fe7bb5cd19ea3d7.png", "media/images/examples_4_ebe20bc1d8a9b5421d0b.png", "media/images/examples_4_e674064e788e7dd90277.png"], "captions": [7, 5, 0, 4, 2, 9, 2, 4, 9, 6, 8, 7, 9, 0, 4, 8, 1, 8, 4, 5, 6, 2, 7, 8, 4, 5, 0, 3, 9, 0, 5, 1, 0, 4, 3, 0]}, "_timestamp": 1650099839, "_runtime": 40, "epoch": 4, "loss": 0.39318856596946716, "accuracy": 0.8549833297729492, "val_loss": 0.3791619837284088, "val_accuracy": 0.8629999756813049, "_step": 4, "best_val_loss": 0.3791619837284088, "best_epoch": 4, "_wandb": {"runtime": 39}}