{"graph": {"_type": "graph-file", "path": "media/graph/graph_summary_9e6f729828d7a87c32cd.graph.json", "sha256": "9e6f729828d7a87c32cd8ce2373fefcc91f7ca2ae4678d60a504ff8f96f0ffa4", "size": 719}, "examples": {"_type": "images/separated", "width": 28, "height": 28, "format": "png", "count": 36, "filenames": ["media/images/examples_4_5bbc69f085afb10cb612.png", "media/images/examples_4_918fd398b9a46a9961bd.png", "media/images/examples_4_974bdad5ea754b2f4095.png", "media/images/examples_4_b8e44726ac125c44cdc3.png", "media/images/examples_4_193ad73d636e81cd15ac.png", "media/images/examples_4_7862c83975ad0ba5f7f1.png", "media/images/examples_4_293c5319075c6393f537.png", "media/images/examples_4_774526729b21637db370.png", "media/images/examples_4_f4ddd68844ddf02ec677.png", "media/images/examples_4_1572e142d92792d60c33.png", "media/images/examples_4_d161aba948a72c58e370.png", "media/images/examples_4_3fb67cb88e8f765148c6.png", "media/images/examples_4_e7196f55a72a4da844a1.png", "media/images/examples_4_45e352d957655c8c5635.png", "media/images/examples_4_aac4ab3cce49ecf378e3.png", "media/images/examples_4_f33c8674fc1da69f1437.png", "media/images/examples_4_c3c2cc2fa644c1a60301.png", "media/images/examples_4_ca1b389ba0ad371529f4.png", "media/images/examples_4_931cdb81d9aa6924b9a1.png", "media/images/examples_4_82423aba50ae5257a360.png", "media/images/examples_4_a2fa813a98957f9b88a4.png", "media/images/examples_4_c7cb691031945ca82656.png", "media/images/examples_4_9ee9c469cfe46eee9103.png", "media/images/examples_4_09b7586983611373b2a6.png", "media/images/examples_4_bb936687d733ecff8f1c.png", "media/images/examples_4_f833694eb0404720d0bb.png", "media/images/examples_4_71b0baf75db79fe442f6.png", "media/images/examples_4_a201d1245c7a447df722.png", "media/images/examples_4_894ab6df34b67c60b9c8.png", "media/images/examples_4_f797de17a1c6734c5366.png", "media/images/examples_4_c49e5457c8d3658c26fe.png", "media/images/examples_4_2cf6a736d16adec7dca2.png", "media/images/examples_4_2f274e954e13b47584fe.png", "media/images/examples_4_8424de0f9aa505c958bf.png", "media/images/examples_4_2e552fa7c586b654ee44.png", "media/images/examples_4_32ccb69835f477f8668a.png"], "captions": [7, 4, 9, 4, 9, 3, 9, 1, 3, 7, 3, 7, 5, 2, 7, 8, 4, 0, 0, 2, 0, 1, 9, 1, 2, 6, 3, 9, 5, 4, 9, 6, 0, 2, 1, 3]}, "_timestamp": 1650098935, "_runtime": 46, "epoch": 4, "loss": 0.3723505139350891, "accuracy": 0.8654833436012268, "val_loss": 0.37912991642951965, "val_accuracy": 0.8619999885559082, "_step": 4, "best_val_loss": 0.37912991642951965, "best_epoch": 4, "_wandb": {"runtime": 44}}