{"graph": {"_type": "graph-file", "path": "media/graph/graph_summary_9e6f729828d7a87c32cd.graph.json", "sha256": "9e6f729828d7a87c32cd8ce2373fefcc91f7ca2ae4678d60a504ff8f96f0ffa4", "size": 719}, "examples": {"_type": "images/separated", "width": 28, "height": 28, "format": "png", "count": 36, "filenames": ["media/images/examples_4_f98f4c177ad29889d641.png", "media/images/examples_4_4c8baf76393965720729.png", "media/images/examples_4_6db743cb23b462e07716.png", "media/images/examples_4_b14eba78ca057dbfe04b.png", "media/images/examples_4_33de8446327cd0f608bd.png", "media/images/examples_4_2eb9f80fc570303f001e.png", "media/images/examples_4_da93b33bc324222525e4.png", "media/images/examples_4_d96d8f1947e6e1e3cd9d.png", "media/images/examples_4_697484eaa61214f98250.png", "media/images/examples_4_e67dffb408aed6ca919a.png", "media/images/examples_4_ff2d4d8058525f15a340.png", "media/images/examples_4_5448b666d16a6e1d80b3.png", "media/images/examples_4_90f6cbf4348786002759.png", "media/images/examples_4_436ff4a9deec88b0e5ab.png", "media/images/examples_4_1d1d510e52aaa96d39ff.png", "media/images/examples_4_96f795b16f698cee2865.png", "media/images/examples_4_f7b8b71f9e47221e53d5.png", "media/images/examples_4_097879b790c3cfe692a5.png", "media/images/examples_4_c9b2a1c86673b9a02ec4.png", "media/images/examples_4_59affb51a353a79db123.png", "media/images/examples_4_105a22ffc9e6bf4a13cb.png", "media/images/examples_4_58079edd80f6948757e5.png", "media/images/examples_4_4f12182d1eaa3c856553.png", "media/images/examples_4_08c0c8463ecd984cb012.png", "media/images/examples_4_35250920e3270ccff965.png", "media/images/examples_4_0c0e22fc99dcf680cc1a.png", "media/images/examples_4_af3e4fb3365aedb0e41f.png", "media/images/examples_4_a7508b57bae62416c760.png", "media/images/examples_4_94191efc9f0a78b695f3.png", "media/images/examples_4_afb083488c3cb9072218.png", "media/images/examples_4_bc2aec9c44707618d90a.png", "media/images/examples_4_35e32e0ac60d8b142a85.png", "media/images/examples_4_20afc041c8792cf2de1f.png", "media/images/examples_4_00f6bbfebcadf00f8873.png", "media/images/examples_4_88c471328a6930da770e.png", "media/images/examples_4_8e64c5bb40271fbc15d2.png"], "captions": [9, 8, 2, 4, 9, 0, 2, 5, 1, 8, 0, 8, 7, 5, 8, 0, 4, 4, 7, 3, 9, 7, 4, 8, 6, 3, 1, 7, 6, 4, 7, 0, 3, 4, 1, 8]}, "_timestamp": 1650101944, "_runtime": 48, "epoch": 4, "loss": 0.4191886782646179, "accuracy": 0.8476999998092651, "val_loss": 0.38243019580841064, "val_accuracy": 0.8626999855041504, "_step": 4, "best_val_loss": 0.38243019580841064, "best_epoch": 4, "_wandb": {"runtime": 46}}