{"graph": {"_type": "graph-file", "path": "media/graph/graph_summary_dc0611eee5461a018c5f.graph.json", "sha256": "dc0611eee5461a018c5f184c806f752fb52091a6b91ab425966161c2823f1688", "size": 719}, "examples": {"_type": "images/separated", "width": 28, "height": 28, "format": "png", "count": 36, "filenames": ["media/images/examples_4_228f472543e195f36cc1.png", "media/images/examples_4_76a64f01fb44ff83e2ab.png", "media/images/examples_4_104d2af82dd7fe04c6d0.png", "media/images/examples_4_a2a8f485c2e79de29bad.png", "media/images/examples_4_d18a8b28979be4afc119.png", "media/images/examples_4_617b4b78cbd6f39aec16.png", "media/images/examples_4_2775e411b7db517287f2.png", "media/images/examples_4_bc2d85b8770a3eb949e3.png", "media/images/examples_4_2cc989a43453f9b5af4a.png", "media/images/examples_4_dd1d26c702e59d989e1d.png", "media/images/examples_4_7716d33c3a005cdd59c7.png", "media/images/examples_4_f533aacc6825a5e90025.png", "media/images/examples_4_ebba30de11ed7947f8c8.png", "media/images/examples_4_8a0a1c3c3577d455ac90.png", "media/images/examples_4_350890d08b246795e5ae.png", "media/images/examples_4_5d62c7292327b4c64981.png", "media/images/examples_4_9003d980fad2d3b297cc.png", "media/images/examples_4_f146b5403fae4d247512.png", "media/images/examples_4_509ee3fa96b8d05b4d05.png", "media/images/examples_4_fdeb36ebf65e69b88924.png", "media/images/examples_4_1815ba41b17750d499d0.png", "media/images/examples_4_23c66ae054e962ea17ab.png", "media/images/examples_4_b2d079cbe099cf277cd3.png", "media/images/examples_4_f541f0422647860042fe.png", "media/images/examples_4_79874bc06eaf1a5c4c81.png", "media/images/examples_4_947dd78a78b478ad15e9.png", "media/images/examples_4_2c7a04573dad76ad8087.png", "media/images/examples_4_97c3d840f15ccde26b95.png", "media/images/examples_4_43a629f66e7c7d86586f.png", "media/images/examples_4_d9769a1b63706c72dc12.png", "media/images/examples_4_0a13fbe7e0bbbaccc68a.png", "media/images/examples_4_46285f16ea9da506c20b.png", "media/images/examples_4_7ee0e3a61e4fd1a84f7f.png", "media/images/examples_4_5663dc3a94278d8e9c9b.png", "media/images/examples_4_83b4f680cc1c9c033864.png", "media/images/examples_4_d4c291a4a70a1cefed2c.png"], "captions": [7, 9, 2, 6, 1, 3, 5, 4, 7, 3, 3, 3, 4, 5, 1, 7, 0, 1, 6, 5, 5, 3, 7, 9, 1, 1, 7, 3, 2, 2, 9, 8, 3, 0, 8, 8]}, "_timestamp": 1650097664, "_runtime": 41, "epoch": 4, "loss": 0.3834626078605652, "accuracy": 0.8605999946594238, "val_loss": 0.3849015533924103, "val_accuracy": 0.857699990272522, "_step": 4, "best_val_loss": 0.3799958825111389, "best_epoch": 3, "_wandb": {"runtime": 40}}