{"graph": {"_type": "graph-file", "path": "media/graph/graph_summary_9e6f729828d7a87c32cd.graph.json", "sha256": "9e6f729828d7a87c32cd8ce2373fefcc91f7ca2ae4678d60a504ff8f96f0ffa4", "size": 719}, "examples": {"_type": "images/separated", "width": 28, "height": 28, "format": "png", "count": 36, "filenames": ["media/images/examples_4_6181c4483e935e619986.png", "media/images/examples_4_d910e90a08582bf5f5ea.png", "media/images/examples_4_c322e4fd2674340190c2.png", "media/images/examples_4_9a4b51761f680be98390.png", "media/images/examples_4_5f502939de930b0738b8.png", "media/images/examples_4_e71588af6607c1cdacab.png", "media/images/examples_4_d9e4fef873175c6ffc81.png", "media/images/examples_4_a2b5d1eeeefbce095010.png", "media/images/examples_4_6e9f125d3393ac028e20.png", "media/images/examples_4_bb88a21ed38339fa403a.png", "media/images/examples_4_a40d38d234a12f763910.png", "media/images/examples_4_c7bfa04c1f0f9110e34d.png", "media/images/examples_4_6b177f0b543f58c37a82.png", "media/images/examples_4_6c19a9067567b08db1e4.png", "media/images/examples_4_5558151d320fc7f89f8b.png", "media/images/examples_4_35e6072b1906c2e531a2.png", "media/images/examples_4_cc8c83256ac099a086a9.png", "media/images/examples_4_89ff9e12dcf23f3488b8.png", "media/images/examples_4_81b93953c4be6fd84ce5.png", "media/images/examples_4_a05ba226bd2fd8a50313.png", "media/images/examples_4_2501ecca2b536e5d515a.png", "media/images/examples_4_aa110797392a79d79fca.png", "media/images/examples_4_090e92a1b4b89bd5563e.png", "media/images/examples_4_b1a2e0125e3cea3c394d.png", "media/images/examples_4_534372e96dded4ecced5.png", "media/images/examples_4_1ea729dd7554b41ed022.png", "media/images/examples_4_9520ba763dc3c6c7b24d.png", "media/images/examples_4_79c4e5ace50413a2e9b1.png", "media/images/examples_4_576c04c5fe60a996e234.png", "media/images/examples_4_2e2132ef8559c4ddba9c.png", "media/images/examples_4_23982bba33cf4605adf9.png", "media/images/examples_4_3222e32517a90845bb96.png", "media/images/examples_4_a2e1a6c41b085871e34e.png", "media/images/examples_4_b918f85e6e5c5251bff5.png", "media/images/examples_4_797ae68fcd84c9a39d0d.png", "media/images/examples_4_7efee7389cc211c25ed6.png"], "captions": [1, 2, 3, 8, 5, 6, 6, 7, 6, 9, 4, 7, 9, 7, 0, 3, 4, 8, 1, 3, 6, 5, 5, 6, 9, 8, 4, 9, 2, 9, 4, 0, 1, 5, 4, 1]}, "_timestamp": 1650096032, "_runtime": 42, "epoch": 4, "loss": 0.3360980451107025, "accuracy": 0.8754000067710876, "val_loss": 0.36411717534065247, "val_accuracy": 0.8672999739646912, "_step": 4, "best_val_loss": 0.36411717534065247, "best_epoch": 4, "_wandb": {"runtime": 40}}