{"graph": {"_type": "graph-file", "path": "media/graph/graph_summary_67b4cecd482748c3f0b1.graph.json", "sha256": "67b4cecd482748c3f0b18537d4014c705e23a092d681080ebb6087aad795091a", "size": 723}, "examples": {"_type": "images/separated", "width": 28, "height": 28, "format": "png", "count": 36, "filenames": ["media/images/examples_4_01a1659c8ccc3511d446.png", "media/images/examples_4_350e4e6a1039197af3ef.png", "media/images/examples_4_5260100caa024314f92c.png", "media/images/examples_4_a9b4b14096ef79a5550b.png", "media/images/examples_4_887cebbb1e7fafb9a3b3.png", "media/images/examples_4_95fef5cd3a6cf67d9b96.png", "media/images/examples_4_e2ba06a328864cd44b3d.png", "media/images/examples_4_c0d6b4cb4cfe81a072b4.png", "media/images/examples_4_c38aaacbc5bac9a619de.png", "media/images/examples_4_8c8f21d1cbcc804897af.png", "media/images/examples_4_c62c580c45409e74bbd4.png", "media/images/examples_4_eb4ce8e100a38d73304e.png", "media/images/examples_4_49f8eb7f4ac681079902.png", "media/images/examples_4_7e3a942f587ce0ce72ff.png", "media/images/examples_4_2c9654e6a4b4287350e8.png", "media/images/examples_4_20afc041c8792cf2de1f.png", "media/images/examples_4_ce1778e69376470a3908.png", "media/images/examples_4_f29ce0b67ca9c6f17744.png", "media/images/examples_4_32ccb69835f477f8668a.png", "media/images/examples_4_59847a71c081ffe7f4fa.png", "media/images/examples_4_22aa2dc00d345e3ef57a.png", "media/images/examples_4_09bbb3e0ce71ba51b8d6.png", "media/images/examples_4_43c0daff902afcb009fa.png", "media/images/examples_4_997b924973548e8735d3.png", "media/images/examples_4_0493337d6a770423ecfc.png", "media/images/examples_4_7f4606162cc4af825b9c.png", "media/images/examples_4_b1e0862fa49475a92d00.png", "media/images/examples_4_da5977f67450c7e0de9c.png", "media/images/examples_4_0a635546a7390814ac4c.png", "media/images/examples_4_8e4e7cbbc4a3caf062e1.png", "media/images/examples_4_bb8d2c1e9ffbb2c0d6b2.png", "media/images/examples_4_b999580211257305cac5.png", "media/images/examples_4_d4db19694f420482dd92.png", "media/images/examples_4_6812175628fd9ea34bfd.png", "media/images/examples_4_4918ea53a8912d007110.png", "media/images/examples_4_e14f9d8afe842539428e.png"], "captions": [7, 4, 3, 1, 6, 7, 2, 9, 3, 1, 9, 7, 9, 0, 4, 3, 1, 0, 3, 1, 4, 5, 7, 9, 9, 2, 6, 7, 2, 3, 6, 0, 9, 9, 6, 9]}, "_timestamp": 1650100431, "_runtime": 40, "epoch": 4, "loss": 0.3800351321697235, "accuracy": 0.8614500164985657, "val_loss": 0.37199848890304565, "val_accuracy": 0.8672000169754028, "_step": 4, "best_val_loss": 0.37199848890304565, "best_epoch": 4, "_wandb": {"runtime": 38}}