{"graph": {"_type": "graph-file", "path": "media/graph/graph_summary_67b4cecd482748c3f0b1.graph.json", "sha256": "67b4cecd482748c3f0b18537d4014c705e23a092d681080ebb6087aad795091a", "size": 723}, "examples": {"_type": "images/separated", "width": 28, "height": 28, "format": "png", "count": 36, "filenames": ["media/images/examples_4_a5d3089a8b968fd11759.png", "media/images/examples_4_8448744d906bafa59677.png", "media/images/examples_4_1d53f903304f7d162679.png", "media/images/examples_4_69a4583fd20a4a1d6ad9.png", "media/images/examples_4_4e4e0b9f27f60e458930.png", "media/images/examples_4_1715322a7bd9f0814f53.png", "media/images/examples_4_a9d8aba85f0555f83736.png", "media/images/examples_4_391057082a95e0032f84.png", "media/images/examples_4_e01994542d622c5bd285.png", "media/images/examples_4_8854e1dab0d053e9ca86.png", "media/images/examples_4_604df4045528d2d60601.png", "media/images/examples_4_b6f81fe7013305162a10.png", "media/images/examples_4_72f303b34f6b0222355f.png", "media/images/examples_4_ae64d1d2d8f796dc1627.png", "media/images/examples_4_1e98655bd54f8c9fc662.png", "media/images/examples_4_dc15a0e1a650a74a134c.png", "media/images/examples_4_4c39c3c4009c5f447ab1.png", "media/images/examples_4_f7026cea541abed70530.png", "media/images/examples_4_e57445833bb703d63676.png", "media/images/examples_4_033b858a7d2d58467058.png", "media/images/examples_4_44eefb02a06a0777fbea.png", "media/images/examples_4_33b0c363cbf33de8ad95.png", "media/images/examples_4_6913de0fb6279aeaee16.png", "media/images/examples_4_4e7c28f9c093444c5b22.png", "media/images/examples_4_4d75a661c8216a8f85f6.png", "media/images/examples_4_7dc550cd9112a2affe4c.png", "media/images/examples_4_1acd70be8c0950c237d9.png", "media/images/examples_4_f59509e22eb14f56211c.png", "media/images/examples_4_c5cfc1e3342f4194d7a2.png", "media/images/examples_4_804d4c00d05dedb53582.png", "media/images/examples_4_d43a735993d7b22c3508.png", "media/images/examples_4_afb9a56a4c54aa533ad3.png", "media/images/examples_4_b3d7f994e1fcc6e632e8.png", "media/images/examples_4_c43e246d6da7ee7f9e72.png", "media/images/examples_4_15a77376188c2bd0830f.png", "media/images/examples_4_55d34b2acf6357700381.png"], "captions": [5, 8, 0, 5, 2, 3, 4, 1, 7, 3, 9, 4, 4, 3, 2, 9, 9, 0, 7, 4, 9, 0, 3, 8, 4, 7, 9, 1, 4, 3, 4, 3, 4, 6, 7, 3]}, "_timestamp": 1650102183, "_runtime": 51, "epoch": 4, "loss": 0.4079419672489166, "accuracy": 0.8510000109672546, "val_loss": 0.3853996694087982, "val_accuracy": 0.8623999953269958, "_step": 4, "best_val_loss": 0.3853996694087982, "best_epoch": 4, "_wandb": {"runtime": 49}}