{"graph": {"_type": "graph-file", "path": "media/graph/graph_summary_9e6f729828d7a87c32cd.graph.json", "sha256": "9e6f729828d7a87c32cd8ce2373fefcc91f7ca2ae4678d60a504ff8f96f0ffa4", "size": 719}, "examples": {"_type": "images/separated", "width": 28, "height": 28, "format": "png", "count": 36, "filenames": ["media/images/examples_4_10f82984989b51da76b4.png", "media/images/examples_4_e82ed33daee76a108230.png", "media/images/examples_4_f532131cb9351a610838.png", "media/images/examples_4_9259b9109bc968176e3e.png", "media/images/examples_4_f555559626d4d9f3b2c5.png", "media/images/examples_4_2c635d4354d115c54bce.png", "media/images/examples_4_0bbec701c3a633c94a65.png", "media/images/examples_4_911d4f4e7f93c0a957ab.png", "media/images/examples_4_7e986862022949340e97.png", "media/images/examples_4_c8e615aa9439b2479786.png", "media/images/examples_4_93f81790ab9736146c73.png", "media/images/examples_4_2e5e1ed02d9376cf6f70.png", "media/images/examples_4_98300a8c3ef8f96eb66d.png", "media/images/examples_4_135243cb3c1aeeae35f8.png", "media/images/examples_4_eb35c4c876866f77cf5a.png", "media/images/examples_4_ab8c90ce1407212b4ee8.png", "media/images/examples_4_7f81aa277972ab4c3754.png", "media/images/examples_4_774526729b21637db370.png", "media/images/examples_4_068ad0f03f6515caf966.png", "media/images/examples_4_9de03abbc32aa32eb1b6.png", "media/images/examples_4_899ca0867a1e3ee8a9f5.png", "media/images/examples_4_f7fb55f39958e84fd9b4.png", "media/images/examples_4_2762a927ed62a202b3cf.png", "media/images/examples_4_5a15c1ffbfb7cdeedaf4.png", "media/images/examples_4_e792092aa0d28ad42405.png", "media/images/examples_4_017b58d7a066dea4c804.png", "media/images/examples_4_1ad8340d93cb1cb807b3.png", "media/images/examples_4_c941f467c1b8037c08da.png", "media/images/examples_4_c5690fc63cc6e3eb2b37.png", "media/images/examples_4_1d114448990785913515.png", "media/images/examples_4_ad286a8cb1a76dbe7145.png", "media/images/examples_4_49399cbd1fac48e5e455.png", "media/images/examples_4_af809f01f2fb4be122f5.png", "media/images/examples_4_ef07806cd5c695ad4585.png", "media/images/examples_4_e12b1f0cc1a6f265beec.png", "media/images/examples_4_2d33f4f4b6ea7d7021a1.png"], "captions": [5, 8, 9, 7, 2, 9, 6, 0, 0, 1, 9, 9, 0, 2, 5, 3, 8, 1, 8, 6, 5, 3, 6, 6, 2, 0, 5, 1, 0, 2, 3, 2, 1, 1, 1, 4]}, "_timestamp": 1650098880, "_runtime": 49, "epoch": 4, "loss": 0.37378033995628357, "accuracy": 0.8652333617210388, "val_loss": 0.38021302223205566, "val_accuracy": 0.8650000095367432, "_step": 4, "best_val_loss": 0.38021302223205566, "best_epoch": 4, "_wandb": {"runtime": 46}}