{"graph": {"_type": "graph-file", "path": "media/graph/graph_summary_67b4cecd482748c3f0b1.graph.json", "sha256": "67b4cecd482748c3f0b18537d4014c705e23a092d681080ebb6087aad795091a", "size": 723}, "examples": {"_type": "images/separated", "width": 28, "height": 28, "format": "png", "count": 36, "filenames": ["media/images/examples_4_788dbcf253f33095fc32.png", "media/images/examples_4_5fc2c1fa4210887a7a3f.png", "media/images/examples_4_48b2737c7639be6fdc11.png", "media/images/examples_4_162a8b7d342a209eafc5.png", "media/images/examples_4_2031d0803bdbaecd9b41.png", "media/images/examples_4_f3a063516ecf541fcc41.png", "media/images/examples_4_b2528bf1ce65e13be8c1.png", "media/images/examples_4_64be1b8248fac700389b.png", "media/images/examples_4_c51c88fef9b82b9db62f.png", "media/images/examples_4_49d36505fd7208ad1ad9.png", "media/images/examples_4_e177c3afd98d0a3ddfb1.png", "media/images/examples_4_49fb9b228848ff067504.png", "media/images/examples_4_0c40424f8c7b78945da7.png", "media/images/examples_4_da17aab2fa2bc0ab29a4.png", "media/images/examples_4_740645223c10be9fd1c0.png", "media/images/examples_4_a9a1afadf298485a44c2.png", "media/images/examples_4_467389c491a80e910a2e.png", "media/images/examples_4_f85d978978cc9c03a359.png", "media/images/examples_4_1d0c997de2d250a77aba.png", "media/images/examples_4_adf60f0c2eed10f345b9.png", "media/images/examples_4_3f7339fb838c688961ae.png", "media/images/examples_4_5e7d8faf3aba9679b985.png", "media/images/examples_4_9913e0af75caea46739d.png", "media/images/examples_4_adbe176ee65b60eed04c.png", "media/images/examples_4_fd0998344f13250814fa.png", "media/images/examples_4_2198cc4bddba75f23e62.png", "media/images/examples_4_77f4966338e20edb16dc.png", "media/images/examples_4_674e474c88f7a963b463.png", "media/images/examples_4_ff209f35af0cdba210d3.png", "media/images/examples_4_226d940d592beb171c10.png", "media/images/examples_4_e88a00cd4082892b17d4.png", "media/images/examples_4_a928ffe2dc4ec9e6bdc2.png", "media/images/examples_4_673368941c700adc852e.png", "media/images/examples_4_f9bcc08d366937c11c3b.png", "media/images/examples_4_b0d5e1b4217d3cc12be0.png", "media/images/examples_4_ee23d983e647c2f5805a.png"], "captions": [9, 9, 7, 5, 9, 7, 8, 9, 4, 5, 6, 7, 7, 7, 9, 2, 4, 7, 0, 0, 0, 9, 8, 5, 1, 9, 7, 6, 3, 5, 8, 7, 4, 8, 0, 3]}, "_timestamp": 1650096528, "_runtime": 40, "epoch": 4, "loss": 0.32786986231803894, "accuracy": 0.8799833059310913, "val_loss": 0.3652202785015106, "val_accuracy": 0.8709999918937683, "_step": 4, "best_val_loss": 0.3527402877807617, "best_epoch": 3, "_wandb": {"runtime": 39}}