{"graph": {"_type": "graph-file", "path": "media/graph/graph_summary_67b4cecd482748c3f0b1.graph.json", "sha256": "67b4cecd482748c3f0b18537d4014c705e23a092d681080ebb6087aad795091a", "size": 723}, "examples": {"_type": "images/separated", "width": 28, "height": 28, "format": "png", "count": 36, "filenames": ["media/images/examples_4_c60b250a725a0ca9dae8.png", "media/images/examples_4_cc7482d77c1e33b27b35.png", "media/images/examples_4_7145dc6cdf4f19e6392e.png", "media/images/examples_4_157e278b7113b9b89021.png", "media/images/examples_4_9930848cdbe0fd08e5dd.png", "media/images/examples_4_e4a036ec9dd8f0fc8677.png", "media/images/examples_4_ac51a658ab95a8c9b932.png", "media/images/examples_4_f109d47c38134feb08ea.png", "media/images/examples_4_4b9cbc4969869de5e545.png", "media/images/examples_4_090bf19044410a5ff5dd.png", "media/images/examples_4_9024d0a066d93803bb63.png", "media/images/examples_4_967f0896bf6ab26296dd.png", "media/images/examples_4_517f40705e03feb906fe.png", "media/images/examples_4_a83b644b2350119935ea.png", "media/images/examples_4_fa511779d2e0b12dd3cf.png", "media/images/examples_4_da0408e1633a63b33ba6.png", "media/images/examples_4_d7c0e49e1bac1a456e06.png", "media/images/examples_4_b8202ef0039c4cac7b56.png", "media/images/examples_4_0832153d0ea18b85aa1d.png", "media/images/examples_4_a21e8f779e62e11da51f.png", "media/images/examples_4_204456da86b0f72388e9.png", "media/images/examples_4_adef9381c86d95684885.png", "media/images/examples_4_7170f05efba50e30033a.png", "media/images/examples_4_68624f2af2e59efe8535.png", "media/images/examples_4_922a2e716b2d28225b92.png", "media/images/examples_4_ff008c0a6f3667e9e3e1.png", "media/images/examples_4_e3430a69c22f63defe76.png", "media/images/examples_4_6e5a9c26057c51482bd5.png", "media/images/examples_4_5223654e15cc7a235501.png", "media/images/examples_4_b5955ff268b383ee0ae0.png", "media/images/examples_4_ba45d4794c3ab00beda9.png", "media/images/examples_4_d037a309389da41532f5.png", "media/images/examples_4_04c96f83b4dd027acd08.png", "media/images/examples_4_f6b21ffc0efd7ef30a47.png", "media/images/examples_4_beddf212a16cab3f3dac.png", "media/images/examples_4_79c120ba6710e864b2a1.png"], "captions": [0, 9, 4, 0, 5, 1, 1, 1, 6, 2, 2, 7, 6, 0, 2, 8, 9, 0, 2, 7, 2, 3, 5, 2, 5, 1, 4, 1, 2, 6, 4, 6, 3, 7, 7, 8]}, "_timestamp": 1650095636, "_runtime": 40, "epoch": 4, "loss": 0.32837092876434326, "accuracy": 0.8796166777610779, "val_loss": 0.36747005581855774, "val_accuracy": 0.866599977016449, "_step": 4, "best_val_loss": 0.36747005581855774, "best_epoch": 4, "_wandb": {"runtime": 39}}