{"graph": {"_type": "graph-file", "path": "media/graph/graph_summary_dc0611eee5461a018c5f.graph.json", "sha256": "dc0611eee5461a018c5f184c806f752fb52091a6b91ab425966161c2823f1688", "size": 719}, "examples": {"_type": "images/separated", "width": 28, "height": 28, "format": "png", "count": 36, "filenames": ["media/images/examples_4_047ac932e4ddb6228f3b.png", "media/images/examples_4_f6ec4b0a4f1856ac5c13.png", "media/images/examples_4_2dac418952b590013f9e.png", "media/images/examples_4_ab0b1f016f14e810e5de.png", "media/images/examples_4_c57fabd0f56e8fea6f50.png", "media/images/examples_4_c87ce2d6de7d227ba03f.png", "media/images/examples_4_575050192dc301bb8025.png", "media/images/examples_4_b7029aa6c79f1bfc4cfe.png", "media/images/examples_4_96f26736ca7c49e46b23.png", "media/images/examples_4_23461f44648ea3ce8de2.png", "media/images/examples_4_d155153d312695356577.png", "media/images/examples_4_609bb60b4c62dd99b774.png", "media/images/examples_4_e8d751033247637feb33.png", "media/images/examples_4_9fc3018144ac4c18622a.png", "media/images/examples_4_08beaee5a80aad997d1b.png", "media/images/examples_4_471bfb0c84b87b354b7c.png", "media/images/examples_4_e763e5feef2065668627.png", "media/images/examples_4_6d655aedb099282ac59f.png", "media/images/examples_4_ded4afbbde5e4ba9358c.png", "media/images/examples_4_54debf62ca52d2d163e5.png", "media/images/examples_4_4ac9f4801bc948d41826.png", "media/images/examples_4_09d7725db25ec91d5f95.png", "media/images/examples_4_4f12cb989292f8b503ad.png", "media/images/examples_4_413ad166bd613c6799d9.png", "media/images/examples_4_46e1a54d06b37b252af8.png", "media/images/examples_4_e3368a10b8b42556ca50.png", "media/images/examples_4_8ff2c66f5fc35fa101e5.png", "media/images/examples_4_635d954535c963b86773.png", "media/images/examples_4_ee77c60d0696d48937b3.png", "media/images/examples_4_457860df9c3b46a9ea1c.png", "media/images/examples_4_260e7c082b787357bfd7.png", "media/images/examples_4_17df111b59603a2b4bd0.png", "media/images/examples_4_b1bbdec4d2bbb71202df.png", "media/images/examples_4_6176e02fbbe9d951df6c.png", "media/images/examples_4_4f27d63e0f9bc5d5ceed.png", "media/images/examples_4_d4708c3dc4a5357dae15.png"], "captions": [4, 0, 1, 2, 7, 1, 9, 4, 2, 9, 4, 4, 8, 0, 0, 3, 1, 0, 7, 0, 0, 3, 3, 0, 1, 8, 0, 8, 7, 9, 0, 0, 0, 7, 1, 7]}, "_timestamp": 1650102766, "_runtime": 48, "epoch": 4, "loss": 0.4543241858482361, "accuracy": 0.8383166790008545, "val_loss": 0.4067426323890686, "val_accuracy": 0.8514000177383423, "_step": 4, "best_val_loss": 0.4067426323890686, "best_epoch": 4, "_wandb": {"runtime": 45}}