{"graph": {"_type": "graph-file", "path": "media/graph/graph_summary_67b4cecd482748c3f0b1.graph.json", "sha256": "67b4cecd482748c3f0b18537d4014c705e23a092d681080ebb6087aad795091a", "size": 723}, "examples": {"_type": "images/separated", "width": 28, "height": 28, "format": "png", "count": 36, "filenames": ["media/images/examples_4_a4e460f53b7e5ed3fa4b.png", "media/images/examples_4_541b13b6b6d4c1b8e219.png", "media/images/examples_4_81c4a18c684538777ae0.png", "media/images/examples_4_b673a8ab3f53b88ad20b.png", "media/images/examples_4_412225d238ee7d92f8db.png", "media/images/examples_4_8bfb0e283b547f06251d.png", "media/images/examples_4_32d79479c91083265a59.png", "media/images/examples_4_eeebb8372269d9951f4b.png", "media/images/examples_4_c60f92023dc78bc93740.png", "media/images/examples_4_e29de6b23a75669924b8.png", "media/images/examples_4_3f7b86e579d3146811af.png", "media/images/examples_4_392a28cd25237095cdc9.png", "media/images/examples_4_27b521b29f3abf9d06ee.png", "media/images/examples_4_12545d27a2e36c9f27bc.png", "media/images/examples_4_06ae1770bb3a56e52904.png", "media/images/examples_4_0f5e697b3ba4a53f98a3.png", "media/images/examples_4_b7675c22dc0b5565dae5.png", "media/images/examples_4_bff3bb917f9d118925c8.png", "media/images/examples_4_442f876711c6373b4075.png", "media/images/examples_4_ef7b015d72792d440c5d.png", "media/images/examples_4_25528679d008c0e5b494.png", "media/images/examples_4_6e5a9c26057c51482bd5.png", "media/images/examples_4_a7d5a41051ddc4b088d2.png", "media/images/examples_4_54bb307e8c052b9e183d.png", "media/images/examples_4_37680627178cb924b77a.png", "media/images/examples_4_f8808fba294fc9618f09.png", "media/images/examples_4_741200847ca5fe7b4f4f.png", "media/images/examples_4_771dd3f77d2a8f22f4f5.png", "media/images/examples_4_260d387868d77583da20.png", "media/images/examples_4_5097bce00ce5592e28c6.png", "media/images/examples_4_45483123fe29821958cb.png", "media/images/examples_4_4606dd2af0d262989e8c.png", "media/images/examples_4_bea86c7b1cda8f8487b9.png", "media/images/examples_4_290deb87c759d2f81ebe.png", "media/images/examples_4_b0d30e24d5ccf0bd8772.png", "media/images/examples_4_f597c6b196c6722e72ef.png"], "captions": [8, 1, 0, 7, 4, 3, 3, 7, 8, 0, 2, 3, 7, 8, 8, 8, 7, 8, 2, 3, 1, 1, 9, 4, 2, 1, 1, 3, 1, 7, 0, 8, 1, 4, 7, 8]}, "_timestamp": 1650098494, "_runtime": 45, "epoch": 4, "loss": 0.3485332131385803, "accuracy": 0.8713499903678894, "val_loss": 0.35239356756210327, "val_accuracy": 0.8719000220298767, "_step": 4, "best_val_loss": 0.35239356756210327, "best_epoch": 4, "_wandb": {"runtime": 43}}