{"graph": {"_type": "graph-file", "path": "media/graph/graph_summary_67b4cecd482748c3f0b1.graph.json", "sha256": "67b4cecd482748c3f0b18537d4014c705e23a092d681080ebb6087aad795091a", "size": 723}, "examples": {"_type": "images/separated", "width": 28, "height": 28, "format": "png", "count": 36, "filenames": ["media/images/examples_4_7895ac52f427bf3e6678.png", "media/images/examples_4_d2d4474399d0074f6e15.png", "media/images/examples_4_065f40fb689db517cb6f.png", "media/images/examples_4_a6162a2ce9e52dabdda8.png", "media/images/examples_4_58e2ad773db521d6edb6.png", "media/images/examples_4_aa826b5a516ecebf0723.png", "media/images/examples_4_9b325792a30f5a45f9dd.png", "media/images/examples_4_04bcbe63059f4c5ba17f.png", "media/images/examples_4_4189911053e5294d015d.png", "media/images/examples_4_b929e8bffec2b5fb526a.png", "media/images/examples_4_6c5e239d9d98bae3128e.png", "media/images/examples_4_4457b9f156fecabdf7ef.png", "media/images/examples_4_01a24a95e544b1baef4e.png", "media/images/examples_4_53d4cbe6ffe3cc99ae4b.png", "media/images/examples_4_0347e58241fd1451caf7.png", "media/images/examples_4_6692e7daf6b9cc6d900e.png", "media/images/examples_4_74b14f97354f3f489bb2.png", "media/images/examples_4_a01fc42d4e57a51990e0.png", "media/images/examples_4_fee37a1e9b4debdba886.png", "media/images/examples_4_721a6ee34d1f24e98534.png", "media/images/examples_4_0fc02823c711119217cc.png", "media/images/examples_4_65ab2bdd167a62601e10.png", "media/images/examples_4_501b35f82f9fd64fe5c7.png", "media/images/examples_4_7f26e973946e52798bff.png", "media/images/examples_4_bc2aec9c44707618d90a.png", "media/images/examples_4_f2e9185091022caa068a.png", "media/images/examples_4_413a3cfe00864eaa61dc.png", "media/images/examples_4_52654c5d1a3605e68cec.png", "media/images/examples_4_e2b9bd46b17974991700.png", "media/images/examples_4_a3f955dcb564ea571b0a.png", "media/images/examples_4_3d3d60111ff526c3042f.png", "media/images/examples_4_7d667c8bb2ef18297184.png", "media/images/examples_4_b857632e874dff5aebda.png", "media/images/examples_4_7f9b965ce58322568cb6.png", "media/images/examples_4_b2d079cbe099cf277cd3.png", "media/images/examples_4_b3e345f3594f29f40ff1.png"], "captions": [0, 6, 8, 8, 3, 2, 6, 9, 6, 0, 8, 9, 7, 4, 0, 0, 1, 0, 1, 8, 2, 8, 5, 7, 7, 0, 0, 3, 7, 4, 9, 1, 2, 8, 7, 2]}, "_timestamp": 1650103265, "_runtime": 54, "epoch": 4, "loss": 0.3992817997932434, "accuracy": 0.8563166856765747, "val_loss": 0.3898411989212036, "val_accuracy": 0.8598999977111816, "_step": 4, "best_val_loss": 0.3898411989212036, "best_epoch": 4, "_wandb": {"runtime": 52}}