{"graph": {"_type": "graph-file", "path": "media/graph/graph_summary_9e6f729828d7a87c32cd.graph.json", "sha256": "9e6f729828d7a87c32cd8ce2373fefcc91f7ca2ae4678d60a504ff8f96f0ffa4", "size": 719}, "examples": {"_type": "images/separated", "width": 28, "height": 28, "format": "png", "count": 36, "filenames": ["media/images/examples_4_f26b8ffc88cf1fc1e205.png", "media/images/examples_4_dabf53db080b67bc3c20.png", "media/images/examples_4_6cc7536753e1a298c465.png", "media/images/examples_4_19bdd7ce6929a72981c6.png", "media/images/examples_4_851432bf76c85faf34b1.png", "media/images/examples_4_428dec235d9a3b3b0a06.png", "media/images/examples_4_0550416c5b7c9f358466.png", "media/images/examples_4_920fbb113f4d63e46203.png", "media/images/examples_4_1d39c4d7076dc68bd9d5.png", "media/images/examples_4_ecd962856325c0c1d0ed.png", "media/images/examples_4_becc737595a71108cac3.png", "media/images/examples_4_734c3b072b820376c665.png", "media/images/examples_4_a13c82d088fbbc4ff9f4.png", "media/images/examples_4_6f97fa3c897e3b6c1010.png", "media/images/examples_4_3db63a0e5cd76fee4e64.png", "media/images/examples_4_868b569109192e5d505f.png", "media/images/examples_4_c84994c68cae993ccab4.png", "media/images/examples_4_dd43d55feb3c3a9664d7.png", "media/images/examples_4_7c155231f429d16b0ccd.png", "media/images/examples_4_e6a329a6b1449bb2d791.png", "media/images/examples_4_b0f68f4173ec599f8b28.png", "media/images/examples_4_c38aaacbc5bac9a619de.png", "media/images/examples_4_5adfaba7802ba30cbf55.png", "media/images/examples_4_dcd8508b0c7198089724.png", "media/images/examples_4_92166fb605b7abccf291.png", "media/images/examples_4_18c4ad788e9755b9df72.png", "media/images/examples_4_152725556f4694e6644f.png", "media/images/examples_4_0b56858260264c08b572.png", "media/images/examples_4_7c52e4bf59c8f8b2eae5.png", "media/images/examples_4_007bca9996d5bfe7e7cb.png", "media/images/examples_4_884a101213358231933d.png", "media/images/examples_4_5b05bb293e65c0866bfe.png", "media/images/examples_4_88146db5da52ffdba82b.png", "media/images/examples_4_4e05fb1ad72c6b53bb54.png", "media/images/examples_4_53dc3bf13be5612da7ff.png", "media/images/examples_4_761cd3abd9293d1e49d3.png"], "captions": [6, 8, 1, 3, 1, 6, 9, 6, 1, 3, 3, 8, 7, 7, 4, 2, 2, 5, 5, 1, 2, 3, 3, 6, 8, 4, 1, 9, 8, 3, 7, 8, 9, 5, 6, 4]}, "_timestamp": 1650096878, "_runtime": 41, "epoch": 4, "loss": 0.3527137041091919, "accuracy": 0.873449981212616, "val_loss": 0.3773495554924011, "val_accuracy": 0.8636999726295471, "_step": 4, "best_val_loss": 0.3764922022819519, "best_epoch": 3, "_wandb": {"runtime": 40}}