{"graph": {"_type": "graph-file", "path": "media/graph/graph_summary_9e6f729828d7a87c32cd.graph.json", "sha256": "9e6f729828d7a87c32cd8ce2373fefcc91f7ca2ae4678d60a504ff8f96f0ffa4", "size": 719}, "examples": {"_type": "images/separated", "width": 28, "height": 28, "format": "png", "count": 36, "filenames": ["media/images/examples_4_2c7a04573dad76ad8087.png", "media/images/examples_4_3fd22f653fc120044a9d.png", "media/images/examples_4_f860af1a0fd595a80571.png", "media/images/examples_4_df685cbeaaf2a194c910.png", "media/images/examples_4_1e55a6e8d9c9aecf03cf.png", "media/images/examples_4_d4da13f92ad06e54a8bb.png", "media/images/examples_4_b2024e156fa4493ec996.png", "media/images/examples_4_130147f3d9ed4084d237.png", "media/images/examples_4_e859f6c14abc5ecdda04.png", "media/images/examples_4_7f22dd0e325b5a9ba7c9.png", "media/images/examples_4_1d10e6f0e0f906de4df0.png", "media/images/examples_4_8e4e7cbbc4a3caf062e1.png", "media/images/examples_4_4a6a691886ee13150b01.png", "media/images/examples_4_539c0b8150ccde1c2d39.png", "media/images/examples_4_7258d40d92bdec61a6a3.png", "media/images/examples_4_60b3ee854bd030a6fe40.png", "media/images/examples_4_60dd19ade274c173d80a.png", "media/images/examples_4_ac1f951b2a9dcc322d5f.png", "media/images/examples_4_5b33af2d6309defe05d2.png", "media/images/examples_4_2868b11a53ef7dff44d1.png", "media/images/examples_4_9df75604bf89c92f19ac.png", "media/images/examples_4_623243b64d3fef5dc04a.png", "media/images/examples_4_5a1a5ebdd3a24718e582.png", "media/images/examples_4_c73c60617152c1776712.png", "media/images/examples_4_162a8b7d342a209eafc5.png", "media/images/examples_4_0371ca1dcac4766c905e.png", "media/images/examples_4_dd57e0a7fe1c18a42241.png", "media/images/examples_4_e8ed1dff9f272348cd0e.png", "media/images/examples_4_20fb478e1700dd2e3e43.png", "media/images/examples_4_ab10eb561ab30a35efac.png", "media/images/examples_4_d055416eb228a4f16de2.png", "media/images/examples_4_f2e9185091022caa068a.png", "media/images/examples_4_001738accee728493d32.png", "media/images/examples_4_cf4fb09f8d3db732098b.png", "media/images/examples_4_95d6efdef0f5979b9866.png", "media/images/examples_4_79b47cd2ea7dd91023bd.png"], "captions": [7, 2, 2, 5, 2, 9, 9, 4, 3, 8, 3, 3, 7, 7, 7, 2, 0, 4, 2, 7, 0, 6, 2, 6, 5, 3, 8, 5, 2, 7, 1, 3, 5, 1, 7, 7]}, "_timestamp": 1650099954, "_runtime": 41, "epoch": 4, "loss": 0.39103907346725464, "accuracy": 0.8580166697502136, "val_loss": 0.376476913690567, "val_accuracy": 0.8615999817848206, "_step": 4, "best_val_loss": 0.376476913690567, "best_epoch": 4, "_wandb": {"runtime": 39}}