{"graph": {"_type": "graph-file", "path": "media/graph/graph_summary_9e6f729828d7a87c32cd.graph.json", "sha256": "9e6f729828d7a87c32cd8ce2373fefcc91f7ca2ae4678d60a504ff8f96f0ffa4", "size": 719}, "examples": {"_type": "images/separated", "width": 28, "height": 28, "format": "png", "count": 36, "filenames": ["media/images/examples_4_0b2c7b654416adc911dc.png", "media/images/examples_4_3811183ea4e22a437173.png", "media/images/examples_4_8781ddde64d60e4f297e.png", "media/images/examples_4_f949eee25f0fae5b1caa.png", "media/images/examples_4_9a8d2b80fd8b32a93ddc.png", "media/images/examples_4_f5628ef2d43b9559a5ee.png", "media/images/examples_4_c6f6dae177394a1c815f.png", "media/images/examples_4_26fef4873f6eb16846ef.png", "media/images/examples_4_5fbda5bcad1c84675741.png", "media/images/examples_4_20160535ddd54712f6bb.png", "media/images/examples_4_e8d1d468d62297fb5bae.png", "media/images/examples_4_a8c29634bab7bf3e155e.png", "media/images/examples_4_d7acb53ecae17f7fded9.png", "media/images/examples_4_cbc9058d2cff89454c14.png", "media/images/examples_4_ca3eab91ca25979dfa01.png", "media/images/examples_4_6c19a9067567b08db1e4.png", "media/images/examples_4_8730088cdd55e8e0e88e.png", "media/images/examples_4_097879b790c3cfe692a5.png", "media/images/examples_4_88a803bf32f93fbea120.png", "media/images/examples_4_a466fa56437b08f88449.png", "media/images/examples_4_916f7104fccde7521503.png", "media/images/examples_4_b3e345f3594f29f40ff1.png", "media/images/examples_4_7e065a2c849b81d56d9b.png", "media/images/examples_4_4d317f1883aafe8a6568.png", "media/images/examples_4_484443e3d045486f6a12.png", "media/images/examples_4_23c727e4b7bf4798d5d1.png", "media/images/examples_4_03861678fce30dd2f8b2.png", "media/images/examples_4_43a629f66e7c7d86586f.png", "media/images/examples_4_fffac7719e1c2c06ef71.png", "media/images/examples_4_e59eaa7031030e0c79e8.png", "media/images/examples_4_708169f949a796a2f636.png", "media/images/examples_4_56c0b35f40051b6dccee.png", "media/images/examples_4_45ab1851e3fcab4c0316.png", "media/images/examples_4_d2d4474399d0074f6e15.png", "media/images/examples_4_98a88479aa488978e854.png", "media/images/examples_4_84d0ae7192e7b2cdd5e3.png"], "captions": [4, 9, 5, 0, 3, 1, 0, 9, 0, 3, 1, 1, 0, 7, 5, 7, 0, 4, 8, 1, 9, 2, 6, 1, 3, 1, 1, 2, 8, 8, 3, 3, 9, 4, 3, 1]}, "_timestamp": 1650102824, "_runtime": 48, "epoch": 4, "loss": 0.4188055992126465, "accuracy": 0.8494333624839783, "val_loss": 0.38756662607192993, "val_accuracy": 0.8598999977111816, "_step": 4, "best_val_loss": 0.38756662607192993, "best_epoch": 4, "_wandb": {"runtime": 46}}