{"graph": {"_type": "graph-file", "path": "media/graph/graph_summary_9e6f729828d7a87c32cd.graph.json", "sha256": "9e6f729828d7a87c32cd8ce2373fefcc91f7ca2ae4678d60a504ff8f96f0ffa4", "size": 719}, "examples": {"_type": "images/separated", "width": 28, "height": 28, "format": "png", "count": 36, "filenames": ["media/images/examples_4_e085a225d3813977e97b.png", "media/images/examples_4_2d87359df90c8d8e37d8.png", "media/images/examples_4_15039cdeaf0a7c33b054.png", "media/images/examples_4_0e68628ba4bd0edb3e77.png", "media/images/examples_4_16f27ffc5dbcbbdda0c0.png", "media/images/examples_4_ef8937f1d47fa2a2954e.png", "media/images/examples_4_3dc9fb8df70d68fd927f.png", "media/images/examples_4_c7bfa04c1f0f9110e34d.png", "media/images/examples_4_5ecc1227923589a2cb5f.png", "media/images/examples_4_04df98ca4abf14d03bcc.png", "media/images/examples_4_d362422a8c74343d6ee3.png", "media/images/examples_4_2984c3b446c70f8cc776.png", "media/images/examples_4_95d1fc7753f70b448bbf.png", "media/images/examples_4_779028613eb6b7d205f6.png", "media/images/examples_4_f73faa1d5c334981717b.png", "media/images/examples_4_843e977912ae262e51b5.png", "media/images/examples_4_a33ba6b81d63a6e2ce42.png", "media/images/examples_4_892431c47acd30412b4b.png", "media/images/examples_4_4390223b7642a5c1113d.png", "media/images/examples_4_4d9c307fdb0449cebf4c.png", "media/images/examples_4_2eb9f80fc570303f001e.png", "media/images/examples_4_4c482e639742ec1e26e4.png", "media/images/examples_4_50638fb57d41be6661c9.png", "media/images/examples_4_a703a3bb413154f56ee7.png", "media/images/examples_4_743ff0c92eed0eacd644.png", "media/images/examples_4_f3eef9d7f51fa152c285.png", "media/images/examples_4_bf9171ba575c09cad969.png", "media/images/examples_4_052fcd989c0fc8c05a2b.png", "media/images/examples_4_5b51229ef2d968cb286b.png", "media/images/examples_4_2c5c54cc4b6a22b705a2.png", "media/images/examples_4_f310cea434b31fb30ee5.png", "media/images/examples_4_227313f5287d0c8c873e.png", "media/images/examples_4_710e129962f9d60714b4.png", "media/images/examples_4_bdd9b43d298420d7d3f0.png", "media/images/examples_4_079b20b1db09c6f4823d.png", "media/images/examples_4_892b39fa1bb2aa114fec.png"], "captions": [3, 7, 8, 2, 8, 1, 2, 7, 3, 4, 4, 2, 8, 3, 8, 8, 8, 1, 9, 9, 3, 5, 4, 0, 7, 2, 6, 0, 0, 2, 7, 2, 0, 3, 7, 5]}, "_timestamp": 1650102003, "_runtime": 49, "epoch": 4, "loss": 0.42840859293937683, "accuracy": 0.8437833189964294, "val_loss": 0.3946155607700348, "val_accuracy": 0.8579000234603882, "_step": 4, "best_val_loss": 0.3946155607700348, "best_epoch": 4, "_wandb": {"runtime": 48}}