{"graph": {"_type": "graph-file", "path": "media/graph/graph_summary_dc0611eee5461a018c5f.graph.json", "sha256": "dc0611eee5461a018c5f184c806f752fb52091a6b91ab425966161c2823f1688", "size": 719}, "examples": {"_type": "images/separated", "width": 28, "height": 28, "format": "png", "count": 36, "filenames": ["media/images/examples_4_617d898d4adef692cfa6.png", "media/images/examples_4_5abe142ba01e49be1d0c.png", "media/images/examples_4_738a47d7793f87c4647f.png", "media/images/examples_4_fef41ca33cc7fb0bf95b.png", "media/images/examples_4_1a745d10719f678b601a.png", "media/images/examples_4_d5fba99bf336a7e2aebf.png", "media/images/examples_4_7169ce6be3e6854397c7.png", "media/images/examples_4_e9548e39c5747c66ed3d.png", "media/images/examples_4_46977752b3db9d2d66b9.png", "media/images/examples_4_dc66e546236c6e6b2884.png", "media/images/examples_4_e9b321423dfed8e2c3ff.png", "media/images/examples_4_d4f178598f75e45448f0.png", "media/images/examples_4_ebcf86b070e36a436a90.png", "media/images/examples_4_e2cdce517debfe50d7a4.png", "media/images/examples_4_23b5d0ef63bee4cc1be8.png", "media/images/examples_4_5d775e17fb3f81d24512.png", "media/images/examples_4_10bc9da29b5973173d39.png", "media/images/examples_4_ebe85dffc519e15775d3.png", "media/images/examples_4_06fff8e69e7cb82b3180.png", "media/images/examples_4_b8d399a128c259b270dc.png", "media/images/examples_4_bb173444445dc07cf927.png", "media/images/examples_4_e472c47c66e6b04a88d2.png", "media/images/examples_4_1422da9ef21350fd31bc.png", "media/images/examples_4_fd692b25e30218fa11bc.png", "media/images/examples_4_700ac29c4b1d3708b442.png", "media/images/examples_4_eff9216ae2f562292b56.png", "media/images/examples_4_26cf8e5c7020463a36a2.png", "media/images/examples_4_a09381a38211b3be7774.png", "media/images/examples_4_a078aa05e76104c12ea1.png", "media/images/examples_4_ae4ac257efb6a371a694.png", "media/images/examples_4_d809e4613670b63f56b1.png", "media/images/examples_4_4f42380c813973963ded.png", "media/images/examples_4_3e236dc4d637c65c62fc.png", "media/images/examples_4_35a0e14060c447e19cfd.png", "media/images/examples_4_23b1d6cfe50a8bdb5266.png", "media/images/examples_4_d42717bac9f7c932ee3b.png"], "captions": [0, 7, 7, 0, 1, 4, 6, 2, 7, 7, 7, 8, 5, 1, 2, 0, 6, 6, 2, 3, 6, 7, 5, 1, 2, 1, 5, 2, 2, 3, 8, 9, 9, 9, 2, 1]}, "_timestamp": 1650093979, "_runtime": 38, "epoch": 4, "loss": 0.33512744307518005, "accuracy": 0.8776999711990356, "val_loss": 0.37251442670822144, "val_accuracy": 0.8652999997138977, "_step": 4, "best_val_loss": 0.37251442670822144, "best_epoch": 4, "_wandb": {"runtime": 36}}