{"graph": {"_type": "graph-file", "path": "media/graph/graph_summary_67b4cecd482748c3f0b1.graph.json", "sha256": "67b4cecd482748c3f0b18537d4014c705e23a092d681080ebb6087aad795091a", "size": 723}, "examples": {"_type": "images/separated", "width": 28, "height": 28, "format": "png", "count": 36, "filenames": ["media/images/examples_4_60a43e197898f9bf449d.png", "media/images/examples_4_d8baa4eedc6446b6ffc0.png", "media/images/examples_4_ce83429eb87464360178.png", "media/images/examples_4_efc522f8a7a8da4d7810.png", "media/images/examples_4_825bf0fd3c5cd95fdae6.png", "media/images/examples_4_1df0ee4d6c83a878b399.png", "media/images/examples_4_86240440fc1e1333ae28.png", "media/images/examples_4_df685cbeaaf2a194c910.png", "media/images/examples_4_47892be5772fee2554d7.png", "media/images/examples_4_827cf0a0bc671649de6f.png", "media/images/examples_4_b581d83479b5e88e2ef2.png", "media/images/examples_4_de9dab90f817d83f839e.png", "media/images/examples_4_e0de27ed173d828d7275.png", "media/images/examples_4_360ac41b526802b6e004.png", "media/images/examples_4_b4c6aa9f8df9fa47fe4d.png", "media/images/examples_4_1cca76b6f2d6303f8928.png", "media/images/examples_4_e82accd277d71a11cc3d.png", "media/images/examples_4_1e2f0a0b974216a7b962.png", "media/images/examples_4_7bfbd5a148c0e191e9ff.png", "media/images/examples_4_4271eb45df8b2dec126f.png", "media/images/examples_4_5d75d70d1174b9c50bbc.png", "media/images/examples_4_e5b0d5d992d745cb0dda.png", "media/images/examples_4_0148ccd48c0cbb7f4383.png", "media/images/examples_4_ef13b996e89987e80102.png", "media/images/examples_4_b624dd6a92147341a0a6.png", "media/images/examples_4_ab7fe4b1861bba40cd2d.png", "media/images/examples_4_050dfd25c7a1b0691c8f.png", "media/images/examples_4_388bdac43935fc5fb5c8.png", "media/images/examples_4_9028251f83c10628f9ea.png", "media/images/examples_4_d6a4e0978e9ab0c58644.png", "media/images/examples_4_8e5ce8f6c7b47d5b9dd3.png", "media/images/examples_4_59a12263a5f9d79a9f48.png", "media/images/examples_4_d6c0aee849ce030c20de.png", "media/images/examples_4_11fde004796d747cb24d.png", "media/images/examples_4_2b9df619edc7a52d1814.png", "media/images/examples_4_1f4802687f644757289f.png"], "captions": [9, 3, 0, 6, 0, 4, 7, 5, 2, 2, 2, 7, 4, 8, 3, 0, 4, 2, 9, 6, 2, 1, 3, 8, 8, 2, 6, 2, 9, 2, 6, 2, 5, 2, 3, 7]}, "_timestamp": 1650097246, "_runtime": 43, "epoch": 4, "loss": 0.34114325046539307, "accuracy": 0.8756833076477051, "val_loss": 0.3825947046279907, "val_accuracy": 0.8579000234603882, "_step": 4, "best_val_loss": 0.3771970868110657, "best_epoch": 3, "_wandb": {"runtime": 40}}