{"graph": {"_type": "graph-file", "path": "media/graph/graph_summary_dc0611eee5461a018c5f.graph.json", "sha256": "dc0611eee5461a018c5f184c806f752fb52091a6b91ab425966161c2823f1688", "size": 719}, "examples": {"_type": "images/separated", "width": 28, "height": 28, "format": "png", "count": 36, "filenames": ["media/images/examples_4_42b196771953480c533e.png", "media/images/examples_4_15ce0dcad503ab516811.png", "media/images/examples_4_d93394c3f0198dc830fc.png", "media/images/examples_4_880d5212a81f38b44c0b.png", "media/images/examples_4_d9a44573892e9883cb66.png", "media/images/examples_4_36fac919a64df15613e1.png", "media/images/examples_4_6c67fde5083a01cb9c85.png", "media/images/examples_4_0c3094acd4ed617b1c29.png", "media/images/examples_4_9ce9bb0d271b1fc73cba.png", "media/images/examples_4_09b7586983611373b2a6.png", "media/images/examples_4_771873f80370e0d6d01b.png", "media/images/examples_4_558bfc29727d66a194f8.png", "media/images/examples_4_8a0a1c3c3577d455ac90.png", "media/images/examples_4_e3d8bcc48820805bf631.png", "media/images/examples_4_ae4600a3334d22b5065c.png", "media/images/examples_4_a9a7ac2f740b74db4a69.png", "media/images/examples_4_c6addf94a4d68627c0e1.png", "media/images/examples_4_fe6a0aa73dc89b90ad85.png", "media/images/examples_4_7efb919daa2732c90e78.png", "media/images/examples_4_f54205339b58d9036f41.png", "media/images/examples_4_2de3b191a8e5d491d5ea.png", "media/images/examples_4_4d7141bc0f0ea46f9111.png", "media/images/examples_4_e78eef305e59f9af809b.png", "media/images/examples_4_c4930a53bd7daf126e2a.png", "media/images/examples_4_02198114391e2ba2853a.png", "media/images/examples_4_ca4149ca913e4b431beb.png", "media/images/examples_4_b2a8d21841295316146e.png", "media/images/examples_4_ac9f8c8fceb2e1ee5d61.png", "media/images/examples_4_da895dca3948c5095267.png", "media/images/examples_4_8733ea62cc3fac60c98e.png", "media/images/examples_4_af771df9b60abf4f73d7.png", "media/images/examples_4_4adaba0b87b8a9b553c7.png", "media/images/examples_4_33c280ecbaa3b99fde35.png", "media/images/examples_4_1bedcc8f4aed2abf84ea.png", "media/images/examples_4_01bd2e7e95dc9e753bc5.png", "media/images/examples_4_55797d6771a86ffb9301.png"], "captions": [8, 4, 7, 4, 8, 3, 1, 0, 3, 1, 7, 3, 5, 8, 5, 6, 3, 0, 3, 1, 3, 6, 1, 9, 9, 1, 4, 8, 0, 3, 6, 6, 8, 5, 3, 2]}, "_timestamp": 1650094760, "_runtime": 42, "epoch": 4, "loss": 0.3538581132888794, "accuracy": 0.8701333403587341, "val_loss": 0.38466188311576843, "val_accuracy": 0.8593999743461609, "_step": 4, "best_val_loss": 0.38466188311576843, "best_epoch": 4, "_wandb": {"runtime": 40}}