{"graph": {"_type": "graph-file", "path": "media/graph/graph_summary_dc0611eee5461a018c5f.graph.json", "sha256": "dc0611eee5461a018c5f184c806f752fb52091a6b91ab425966161c2823f1688", "size": 719}, "examples": {"_type": "images/separated", "width": 28, "height": 28, "format": "png", "count": 36, "filenames": ["media/images/examples_4_b89dda93a2a7feb415fe.png", "media/images/examples_4_5c9f563768e355c035e4.png", "media/images/examples_4_d73cdc190cf8e96c8d81.png", "media/images/examples_4_b38a8f95068f243f5680.png", "media/images/examples_4_6b9bc67c80d7156ada89.png", "media/images/examples_4_fd8a2e00deeb4c6b4027.png", "media/images/examples_4_0e56cc013db8fea89f49.png", "media/images/examples_4_ccf60089d79867b110cb.png", "media/images/examples_4_1fad87f1e213f378b6cd.png", "media/images/examples_4_3318b9fcd1e1f3ccbfcb.png", "media/images/examples_4_1989a5e85a70abc5f19b.png", "media/images/examples_4_142417240c2cd3dd45d0.png", "media/images/examples_4_3864d87a1ffe645cd4b2.png", "media/images/examples_4_e6deed938d5d8239181a.png", "media/images/examples_4_d11979e8ba05f6533cfd.png", "media/images/examples_4_679556df37a32aca7459.png", "media/images/examples_4_5deb0e83a91c9ad69ff4.png", "media/images/examples_4_f85d978978cc9c03a359.png", "media/images/examples_4_d599c4e5f6defcbd85f8.png", "media/images/examples_4_77b0944615e0843a6281.png", "media/images/examples_4_d0875b75c5cb8800b335.png", "media/images/examples_4_aaa8343b7fe3cf8c6b89.png", "media/images/examples_4_7a20a1dad65138040621.png", "media/images/examples_4_ebe20bc1d8a9b5421d0b.png", "media/images/examples_4_a4f55be2fe9633d3b425.png", "media/images/examples_4_7a2e0bbab4a6a0638ab0.png", "media/images/examples_4_42a1e39cfcd600d5ec1c.png", "media/images/examples_4_003d9ad5b63d19533420.png", "media/images/examples_4_757a65746b02b9fe1a2a.png", "media/images/examples_4_fa74e292d00975cf9915.png", "media/images/examples_4_8fd07687dcf2b3304cb0.png", "media/images/examples_4_285e6cdc466c7c2f3de3.png", "media/images/examples_4_a2ac738748473394a3cb.png", "media/images/examples_4_0c107755014f88a3d73e.png", "media/images/examples_4_bc23fbcc40277aaf1770.png", "media/images/examples_4_dd8f060237eeb97562f2.png"], "captions": [0, 0, 0, 1, 1, 4, 0, 9, 6, 3, 5, 0, 7, 9, 7, 0, 9, 7, 8, 7, 2, 4, 0, 3, 7, 1, 2, 9, 3, 6, 8, 0, 7, 1, 5, 9]}, "_timestamp": 1650100479, "_runtime": 40, "epoch": 4, "loss": 0.42155617475509644, "accuracy": 0.8480666875839233, "val_loss": 0.3944895267486572, "val_accuracy": 0.8568999767303467, "_step": 4, "best_val_loss": 0.3944895267486572, "best_epoch": 4, "_wandb": {"runtime": 39}}