{"graph": {"_type": "graph-file", "path": "media/graph/graph_summary_67b4cecd482748c3f0b1.graph.json", "sha256": "67b4cecd482748c3f0b18537d4014c705e23a092d681080ebb6087aad795091a", "size": 723}, "examples": {"_type": "images/separated", "width": 28, "height": 28, "format": "png", "count": 36, "filenames": ["media/images/examples_4_67c71cd5164dd9970c61.png", "media/images/examples_4_ca37b9dba4e9b1d596a2.png", "media/images/examples_4_c4498e360c3ef7f9bb22.png", "media/images/examples_4_cdab0d81a516458256bf.png", "media/images/examples_4_3037eb65faafb7748ade.png", "media/images/examples_4_0ff027ff0f73ba3897da.png", "media/images/examples_4_cc37fabb6eae434ed0cb.png", "media/images/examples_4_b7ac9a384c2b8049e847.png", "media/images/examples_4_bf84039f31645b8aa896.png", "media/images/examples_4_6a5513f89d45e0358189.png", "media/images/examples_4_e7c7e3d5167e10f301ce.png", "media/images/examples_4_dc9d545364255b8bafd5.png", "media/images/examples_4_fc6a4c73de64bcbdbaad.png", "media/images/examples_4_67fb40622ee5f5500cf1.png", "media/images/examples_4_265e02c11c50d74c0bdf.png", "media/images/examples_4_f78ec93ef7b4f63c0876.png", "media/images/examples_4_ca4149ca913e4b431beb.png", "media/images/examples_4_888e8f358ca369257456.png", "media/images/examples_4_bbbdfa476b496a56bf4d.png", "media/images/examples_4_d8f5d2e54ea6eaedc3c3.png", "media/images/examples_4_fffd07def22c597e9359.png", "media/images/examples_4_be93ea11eeb60cb190c8.png", "media/images/examples_4_9e6ea183be7cc8b193a1.png", "media/images/examples_4_1ac6618ed47b658611d7.png", "media/images/examples_4_89d4afd604b49951c3ff.png", "media/images/examples_4_7f6f9316df8dc94783f2.png", "media/images/examples_4_abf8ed00e7d32a282bb7.png", "media/images/examples_4_753981a6a4f2d2dba095.png", "media/images/examples_4_3a2b855dc8f18580e145.png", "media/images/examples_4_109c2d23d08ab084b54c.png", "media/images/examples_4_1a781b1b381763582ae0.png", "media/images/examples_4_9d3fa6b09a60e28f3456.png", "media/images/examples_4_fa794d3f34c19965b5de.png", "media/images/examples_4_23c8c4b511ff5298132c.png", "media/images/examples_4_f5128472d04151f55d1e.png", "media/images/examples_4_623458293f6e5a43e611.png"], "captions": [7, 1, 4, 5, 0, 6, 8, 8, 6, 7, 6, 0, 6, 0, 7, 7, 1, 9, 1, 6, 5, 3, 3, 9, 2, 9, 8, 9, 9, 2, 0, 8, 0, 9, 9, 6]}, "_timestamp": 1650103325, "_runtime": 51, "epoch": 4, "loss": 0.40393534302711487, "accuracy": 0.8532333374023438, "val_loss": 0.3877342939376831, "val_accuracy": 0.8611000180244446, "_step": 4, "best_val_loss": 0.3877342939376831, "best_epoch": 4, "_wandb": {"runtime": 48}}