{"graph": {"_type": "graph-file", "path": "media/graph/graph_summary_dc0611eee5461a018c5f.graph.json", "sha256": "dc0611eee5461a018c5f184c806f752fb52091a6b91ab425966161c2823f1688", "size": 719}, "examples": {"_type": "images/separated", "width": 28, "height": 28, "format": "png", "count": 36, "filenames": ["media/images/examples_4_fb9462296281f464b44f.png", "media/images/examples_4_13889c9a36c51e37ce3d.png", "media/images/examples_4_bf9a96d46b375a773912.png", "media/images/examples_4_fa613cc04daac1f9b0c3.png", "media/images/examples_4_cab3096ab9ff2ea2087a.png", "media/images/examples_4_653732b9cfddc7cc15c9.png", "media/images/examples_4_4b881227bde0e97b5992.png", "media/images/examples_4_1ded8368613d91b713c0.png", "media/images/examples_4_195ed6a88a7e87f75097.png", "media/images/examples_4_b0845f51bdcce5523cca.png", "media/images/examples_4_42019110f59f0fd19d3b.png", "media/images/examples_4_d4161097c0732fcd70ae.png", "media/images/examples_4_986aaf99f8a18dd38754.png", "media/images/examples_4_48a2290f9bbdd91ec595.png", "media/images/examples_4_57ada780a449d380e97f.png", "media/images/examples_4_ac3162e1b1af5d88840e.png", "media/images/examples_4_64d8524cb055e074fe5c.png", "media/images/examples_4_866d34de051f8bd82191.png", "media/images/examples_4_551f59c1b73d5cfbbc5c.png", "media/images/examples_4_bf24e10559902ddff93e.png", "media/images/examples_4_0c56e8e7561a40833958.png", "media/images/examples_4_6e9f7eb9a04c9a1b8e42.png", "media/images/examples_4_cb013c49b3b13e1ccec0.png", "media/images/examples_4_4fd7dc0c93f29ddc4763.png", "media/images/examples_4_f9c8f6956ed63ea81786.png", "media/images/examples_4_55b7e4392c7a138ac15e.png", "media/images/examples_4_f7fb55f39958e84fd9b4.png", "media/images/examples_4_66baac496e7d337071a0.png", "media/images/examples_4_4d30cbb298fc9c0529fe.png", "media/images/examples_4_bd4c147aab1acfdf537a.png", "media/images/examples_4_f260e6d5eb7a237ddc8b.png", "media/images/examples_4_6b5198df03b6aa5be7f9.png", "media/images/examples_4_5885f6a334c1fdb626fa.png", "media/images/examples_4_90e87c3547f689292268.png", "media/images/examples_4_8b29b11b7e2a9cf7cc76.png", "media/images/examples_4_b3b9315a885141c95c87.png"], "captions": [9, 0, 7, 4, 2, 9, 4, 0, 2, 2, 5, 5, 6, 7, 4, 0, 4, 3, 5, 1, 4, 7, 5, 9, 9, 1, 3, 4, 0, 6, 0, 2, 8, 1, 1, 1]}, "_timestamp": 1650096826, "_runtime": 42, "epoch": 4, "loss": 0.3706459105014801, "accuracy": 0.8654500246047974, "val_loss": 0.37508147954940796, "val_accuracy": 0.8648999929428101, "_step": 4, "best_val_loss": 0.37508147954940796, "best_epoch": 4, "_wandb": {"runtime": 40}}