{"graph": {"_type": "graph-file", "path": "media/graph/graph_summary_9e6f729828d7a87c32cd.graph.json", "sha256": "9e6f729828d7a87c32cd8ce2373fefcc91f7ca2ae4678d60a504ff8f96f0ffa4", "size": 719}, "examples": {"_type": "images/separated", "width": 28, "height": 28, "format": "png", "count": 36, "filenames": ["media/images/examples_4_2c5c54cc4b6a22b705a2.png", "media/images/examples_4_fd6840a11754bf95e465.png", "media/images/examples_4_c9190475aef1fc20523a.png", "media/images/examples_4_bd59901f204c10857619.png", "media/images/examples_4_03eb94063249211bd29d.png", "media/images/examples_4_84db7606be269c336121.png", "media/images/examples_4_24ede18f8d33caa1a344.png", "media/images/examples_4_2a429fa3a2e44c78698a.png", "media/images/examples_4_2bc5d5de2e5710d8a6ce.png", "media/images/examples_4_6d3b98734ea700e45a6d.png", "media/images/examples_4_3b122cd80b2d395dd4ce.png", "media/images/examples_4_3458da23cfce2f92a9db.png", "media/images/examples_4_696b472450b15db7650f.png", "media/images/examples_4_eac42ef31ec497e89444.png", "media/images/examples_4_1c7653d5307df8782d9c.png", "media/images/examples_4_5eca7e5b02326338125a.png", "media/images/examples_4_b2e86ad874777b465601.png", "media/images/examples_4_e878d4dc67cc1775d691.png", "media/images/examples_4_6e7673a26753efcbc903.png", "media/images/examples_4_dc857014b97b6b2acd7c.png", "media/images/examples_4_a5c4f96684754c657224.png", "media/images/examples_4_880818d0cb78c6413ba4.png", "media/images/examples_4_5971b84aaf4d5c474b2f.png", "media/images/examples_4_1985049e519767471dd7.png", "media/images/examples_4_9a8d2b80fd8b32a93ddc.png", "media/images/examples_4_9514caf323e5e869753f.png", "media/images/examples_4_248589284cf783138857.png", "media/images/examples_4_9da90c793552ec1243b7.png", "media/images/examples_4_36fac919a64df15613e1.png", "media/images/examples_4_47892be5772fee2554d7.png", "media/images/examples_4_a73414ec201e6038dc8d.png", "media/images/examples_4_1b2ed2905800829d744a.png", "media/images/examples_4_b1507f746f133e2eba68.png", "media/images/examples_4_41456aefce6f6cd6808e.png", "media/images/examples_4_c01beb9bb7d3887abf9a.png", "media/images/examples_4_9f7b56196e0d17452f95.png"], "captions": [2, 6, 2, 1, 8, 1, 0, 3, 8, 8, 9, 6, 9, 3, 7, 8, 9, 4, 6, 1, 2, 6, 1, 4, 3, 3, 1, 8, 3, 2, 6, 0, 5, 4, 3, 5]}, "_timestamp": 1650100002, "_runtime": 41, "epoch": 4, "loss": 0.3909238576889038, "accuracy": 0.857450008392334, "val_loss": 0.3807564079761505, "val_accuracy": 0.8644000291824341, "_step": 4, "best_val_loss": 0.3807564079761505, "best_epoch": 4, "_wandb": {"runtime": 39}}