{"graph": {"_type": "graph-file", "path": "media/graph/graph_summary_dc0611eee5461a018c5f.graph.json", "sha256": "dc0611eee5461a018c5f184c806f752fb52091a6b91ab425966161c2823f1688", "size": 719}, "examples": {"_type": "images/separated", "width": 28, "height": 28, "format": "png", "count": 36, "filenames": ["media/images/examples_4_2253b3b1e0ccab5bfca5.png", "media/images/examples_4_2f3877561682b4ca9200.png", "media/images/examples_4_bdf252cf642ec7c9e2ac.png", "media/images/examples_4_8ee22a574c03d6cce41e.png", "media/images/examples_4_260e46005a33d7a1a6fb.png", "media/images/examples_4_da476e3b7e3fb61a7033.png", "media/images/examples_4_15ce0dcad503ab516811.png", "media/images/examples_4_6c87c937e449c455da07.png", "media/images/examples_4_3747f890c016d971fbc6.png", "media/images/examples_4_ecd9ae3f9887be9b4d73.png", "media/images/examples_4_51bc5783ca3de6560b57.png", "media/images/examples_4_8cc6107d85c1502fcc54.png", "media/images/examples_4_625b77080b4c38c9df36.png", "media/images/examples_4_7156870f4aaf949910f3.png", "media/images/examples_4_46933277ffb724bc0244.png", "media/images/examples_4_29c67ce4ce7fa4e209fc.png", "media/images/examples_4_93377c8a4c7e633fecc8.png", "media/images/examples_4_1ec1dbe6e3252c30c08b.png", "media/images/examples_4_e8ad2bba18f3da93bfa6.png", "media/images/examples_4_fd0c4a2d1e87d477743c.png", "media/images/examples_4_5ba8eda6d756473e198e.png", "media/images/examples_4_2cc6e2c8b59644f984d5.png", "media/images/examples_4_a88f9bf829142b1c3447.png", "media/images/examples_4_d6adf9c625179ef2ba69.png", "media/images/examples_4_4f82dfb0262a1b1e8244.png", "media/images/examples_4_59a812316558e224e174.png", "media/images/examples_4_3cbc673be9e81e95a779.png", "media/images/examples_4_730530f6d63b306ffd6e.png", "media/images/examples_4_b48f06b6121c8fe8881e.png", "media/images/examples_4_5ea7817b9da022dc249d.png", "media/images/examples_4_8aa0e8e13ac49a7d149e.png", "media/images/examples_4_8d03230ebab3e5244334.png", "media/images/examples_4_cc45806ae81b649a0c5f.png", "media/images/examples_4_1a2ca453f14ce5ca50b9.png", "media/images/examples_4_1a7d9499bc87d3557198.png", "media/images/examples_4_4189911053e5294d015d.png"], "captions": [8, 6, 6, 3, 4, 6, 4, 7, 0, 1, 6, 8, 9, 5, 2, 6, 1, 7, 4, 8, 5, 8, 6, 3, 9, 9, 4, 6, 0, 4, 0, 8, 3, 1, 6, 6]}, "_timestamp": 1650095686, "_runtime": 43, "epoch": 4, "loss": 0.36219608783721924, "accuracy": 0.8677833080291748, "val_loss": 0.37824299931526184, "val_accuracy": 0.8644000291824341, "_step": 4, "best_val_loss": 0.37824299931526184, "best_epoch": 4, "_wandb": {"runtime": 41}}