{"graph": {"_type": "graph-file", "path": "media/graph/graph_summary_67b4cecd482748c3f0b1.graph.json", "sha256": "67b4cecd482748c3f0b18537d4014c705e23a092d681080ebb6087aad795091a", "size": 723}, "examples": {"_type": "images/separated", "width": 28, "height": 28, "format": "png", "count": 36, "filenames": ["media/images/examples_4_c6ac8c3ff6992366a334.png", "media/images/examples_4_ca8f5ba3379cc6e1ad05.png", "media/images/examples_4_7f7484a0b4364887eb3c.png", "media/images/examples_4_c358b2c60c8a8b61fd51.png", "media/images/examples_4_2465f96b8977e5af9ac6.png", "media/images/examples_4_88c74f3e65e63bd50c45.png", "media/images/examples_4_d0000c13077482e6d5fa.png", "media/images/examples_4_84452f275a93f8143e5d.png", "media/images/examples_4_820e4f76e1837ffa6100.png", "media/images/examples_4_6a6ce70a5df5e6f7843c.png", "media/images/examples_4_5329ff72da5cec3a6974.png", "media/images/examples_4_82dff5dd3055690a7aad.png", "media/images/examples_4_8d817a1a1a200f9d0593.png", "media/images/examples_4_54e6ac91c9f630401828.png", "media/images/examples_4_9e9e9bb07b29f2116754.png", "media/images/examples_4_01367259a79d23d28393.png", "media/images/examples_4_c7cb691031945ca82656.png", "media/images/examples_4_033b858a7d2d58467058.png", "media/images/examples_4_4501f03fee0c30473375.png", "media/images/examples_4_59fd8f8aad9cd685dc2b.png", "media/images/examples_4_974bdad5ea754b2f4095.png", "media/images/examples_4_f2ca23f73a5352b7e958.png", "media/images/examples_4_65910a940af5d2a667c7.png", "media/images/examples_4_c937e4fabcd6b43821f1.png", "media/images/examples_4_4b9cbc4969869de5e545.png", "media/images/examples_4_de27e681aa91cdb8ae0e.png", "media/images/examples_4_543df8a123c0b1edc283.png", "media/images/examples_4_641ad64ead0f0b6c5653.png", "media/images/examples_4_1e2043b1de7e9b177579.png", "media/images/examples_4_33d91c26f39b2e5a1ce9.png", "media/images/examples_4_ecb8bc735e2eef0bed3b.png", "media/images/examples_4_80740b5ef5f7a671363e.png", "media/images/examples_4_c8a3ecabd001c3d9e969.png", "media/images/examples_4_4d78b745893ba8d48031.png", "media/images/examples_4_e5dd6a764586710dbfdc.png", "media/images/examples_4_6dd4d98119eb565ac363.png"], "captions": [6, 4, 8, 8, 8, 2, 4, 9, 2, 8, 1, 9, 7, 5, 4, 3, 1, 2, 5, 7, 9, 7, 7, 0, 6, 3, 7, 8, 8, 7, 7, 2, 0, 7, 4, 7]}, "_timestamp": 1650094594, "_runtime": 44, "epoch": 4, "loss": 0.31443747878074646, "accuracy": 0.8846166729927063, "val_loss": 0.37484490871429443, "val_accuracy": 0.8654000163078308, "_step": 4, "best_val_loss": 0.36785051226615906, "best_epoch": 3, "_wandb": {"runtime": 42}}