{"graph": {"_type": "graph-file", "path": "media/graph/graph_summary_67b4cecd482748c3f0b1.graph.json", "sha256": "67b4cecd482748c3f0b18537d4014c705e23a092d681080ebb6087aad795091a", "size": 723}, "examples": {"_type": "images/separated", "width": 28, "height": 28, "format": "png", "count": 36, "filenames": ["media/images/examples_4_104ae86d7f3c9ab64cc3.png", "media/images/examples_4_f30b05bac3ce5b05e638.png", "media/images/examples_4_345573c063b2e385ac50.png", "media/images/examples_4_7c6d0f16e9e11ddd4cbc.png", "media/images/examples_4_d9cffd0f2df7deeacaa3.png", "media/images/examples_4_1de526bf9d6247ada2fb.png", "media/images/examples_4_0ec1f6ca47735ace69e6.png", "media/images/examples_4_3e93746ec753f8de997d.png", "media/images/examples_4_df81ef341d9d5a65076f.png", "media/images/examples_4_a82261e578d4d2c5a992.png", "media/images/examples_4_8464a76d35728eeab723.png", "media/images/examples_4_2c44c22eb49ddde4f123.png", "media/images/examples_4_01b9ec802fc156e0e58f.png", "media/images/examples_4_c322e4fd2674340190c2.png", "media/images/examples_4_8353ba8b1479329445c8.png", "media/images/examples_4_172b9b632e7b6636a4cf.png", "media/images/examples_4_e27e2fc017dcc1815107.png", "media/images/examples_4_d4e72acb36a5e99aac19.png", "media/images/examples_4_71eb96c271afff27c111.png", "media/images/examples_4_eab727e15322676de535.png", "media/images/examples_4_9a0f8ba0a2bfc6650ff5.png", "media/images/examples_4_d67a0842b054b7aa58e2.png", "media/images/examples_4_5488b7e6400ede22518c.png", "media/images/examples_4_24ea05e046506b723951.png", "media/images/examples_4_a441d8f18a9f82f6c4ab.png", "media/images/examples_4_2dca1042f956d5d32b99.png", "media/images/examples_4_383dd18682f0fa874b22.png", "media/images/examples_4_765e52774f4486d446ff.png", "media/images/examples_4_db4492489f5ddb7c144b.png", "media/images/examples_4_90f6cbf4348786002759.png", "media/images/examples_4_b34d91e633de5a7f0411.png", "media/images/examples_4_544baa458adda896fc70.png", "media/images/examples_4_f9edeaabf3985701c80a.png", "media/images/examples_4_a589afbae8e38e64c0bf.png", "media/images/examples_4_937a8f072b648d983206.png", "media/images/examples_4_d85e6a07ccf18080e44e.png"], "captions": [8, 7, 7, 3, 4, 7, 7, 7, 0, 2, 8, 5, 5, 3, 0, 1, 8, 8, 4, 4, 4, 7, 0, 1, 7, 8, 2, 9, 1, 7, 9, 5, 6, 8, 3, 0]}, "_timestamp": 1650094649, "_runtime": 46, "epoch": 4, "loss": 0.309426486492157, "accuracy": 0.8854166865348816, "val_loss": 0.34310010075569153, "val_accuracy": 0.8755999803543091, "_step": 4, "best_val_loss": 0.34310010075569153, "best_epoch": 4, "_wandb": {"runtime": 44}}