{"graph": {"_type": "graph-file", "path": "media/graph/graph_summary_9e6f729828d7a87c32cd.graph.json", "sha256": "9e6f729828d7a87c32cd8ce2373fefcc91f7ca2ae4678d60a504ff8f96f0ffa4", "size": 719}, "examples": {"_type": "images/separated", "width": 28, "height": 28, "format": "png", "count": 36, "filenames": ["media/images/examples_4_f1cbba4a9580d36390c5.png", "media/images/examples_4_35c5446389ce48594c39.png", "media/images/examples_4_d942274acee0a1916326.png", "media/images/examples_4_f77442ba3fb043e47c38.png", "media/images/examples_4_4b881227bde0e97b5992.png", "media/images/examples_4_65e590e4d8f937f555d7.png", "media/images/examples_4_5178a1f3af5294ec2941.png", "media/images/examples_4_38a943ac61304b09633a.png", "media/images/examples_4_96f26736ca7c49e46b23.png", "media/images/examples_4_3976f8f819d300b464aa.png", "media/images/examples_4_dcd9987eb7282b655b96.png", "media/images/examples_4_3b6d65b6c6bce6e078f3.png", "media/images/examples_4_25528679d008c0e5b494.png", "media/images/examples_4_8dcf8d81f613eb1d2767.png", "media/images/examples_4_5131d83e629069310d5f.png", "media/images/examples_4_56dc03bca00547df03a9.png", "media/images/examples_4_b77c3f47956e9450988f.png", "media/images/examples_4_8c8719eb7e2a462d543c.png", "media/images/examples_4_93560281c882b2ff05ab.png", "media/images/examples_4_7169ce6be3e6854397c7.png", "media/images/examples_4_fd8f6d7514a3f8893232.png", "media/images/examples_4_38e6bb7ec185b88478f6.png", "media/images/examples_4_1a781b1b381763582ae0.png", "media/images/examples_4_acb414b1b7b08f8e467f.png", "media/images/examples_4_ccc0003db41a404f7b84.png", "media/images/examples_4_1e2043b1de7e9b177579.png", "media/images/examples_4_2cdf78b2aa3ea50d51ce.png", "media/images/examples_4_64de613cf2261bda8625.png", "media/images/examples_4_ad4f5ca40504ff14e4f0.png", "media/images/examples_4_abc645ca021f677fb684.png", "media/images/examples_4_1dcd9b83b37a28637007.png", "media/images/examples_4_a23bdb6017b397e2814e.png", "media/images/examples_4_d27c3422019434a4da25.png", "media/images/examples_4_25e06b45a92524c5137c.png", "media/images/examples_4_998e6912d74b204d50fc.png", "media/images/examples_4_0c774afa03918b5a77fa.png"], "captions": [0, 3, 3, 2, 4, 4, 1, 4, 2, 8, 3, 7, 3, 9, 1, 8, 6, 8, 8, 6, 1, 4, 0, 6, 1, 8, 7, 4, 7, 5, 2, 9, 6, 3, 5, 5]}, "_timestamp": 1650096983, "_runtime": 42, "epoch": 4, "loss": 0.35248881578445435, "accuracy": 0.8727166652679443, "val_loss": 0.3684491813182831, "val_accuracy": 0.8697999715805054, "_step": 4, "best_val_loss": 0.3684491813182831, "best_epoch": 4, "_wandb": {"runtime": 40}}