{"graph": {"_type": "graph-file", "path": "media/graph/graph_summary_67b4cecd482748c3f0b1.graph.json", "sha256": "67b4cecd482748c3f0b18537d4014c705e23a092d681080ebb6087aad795091a", "size": 723}, "examples": {"_type": "images/separated", "width": 28, "height": 28, "format": "png", "count": 36, "filenames": ["media/images/examples_4_19ed6601eb4dd2d3c84e.png", "media/images/examples_4_5c81fdff970cade7f52f.png", "media/images/examples_4_7125c301ace292227ebb.png", "media/images/examples_4_e329fc302daf6100593e.png", "media/images/examples_4_37e41a72a2d424f1d413.png", "media/images/examples_4_6bef53fdf31fb98e6385.png", "media/images/examples_4_f375518ced22b22b513d.png", "media/images/examples_4_06ce1056355b662fc381.png", "media/images/examples_4_7952e3f36dc0352b963e.png", "media/images/examples_4_41bb577745bb5eaa9fed.png", "media/images/examples_4_1dcb69d57f3cf91198b9.png", "media/images/examples_4_d87ae36488ea1feac84c.png", "media/images/examples_4_2e16c7cf0773b6a91b52.png", "media/images/examples_4_cfa80df7e3f9582166e5.png", "media/images/examples_4_861fa36a7313828d9418.png", "media/images/examples_4_b0d30e24d5ccf0bd8772.png", "media/images/examples_4_9892245fb76aaaced1c3.png", "media/images/examples_4_fbdad20b88aef91cc1b3.png", "media/images/examples_4_72029e86691cee870e6c.png", "media/images/examples_4_cab3096ab9ff2ea2087a.png", "media/images/examples_4_303dc4e8e13d3329c3ac.png", "media/images/examples_4_887cebbb1e7fafb9a3b3.png", "media/images/examples_4_9e5d391ff7ab766748af.png", "media/images/examples_4_e085a225d3813977e97b.png", "media/images/examples_4_01328e98c779079b4529.png", "media/images/examples_4_ba9ea193456c31bc7606.png", "media/images/examples_4_39f8dc92cc67351c01b0.png", "media/images/examples_4_a72ec4fd443aa37530b5.png", "media/images/examples_4_55eb88e5b942e507c444.png", "media/images/examples_4_a9045ee4bd72d0c0a24c.png", "media/images/examples_4_13b592498757be736fee.png", "media/images/examples_4_db6ab5a6cb6a8e7f70c6.png", "media/images/examples_4_fd8a2e00deeb4c6b4027.png", "media/images/examples_4_263e623126b85116be37.png", "media/images/examples_4_a3aad0d893d91f3e3e98.png", "media/images/examples_4_82aaa33fbd4bd8e96d96.png"], "captions": [7, 4, 9, 2, 5, 9, 0, 1, 1, 2, 3, 5, 2, 8, 4, 7, 7, 8, 0, 2, 7, 6, 5, 3, 3, 9, 7, 8, 6, 7, 5, 1, 4, 5, 4, 5]}, "_timestamp": 1650096283, "_runtime": 41, "epoch": 4, "loss": 0.3285740911960602, "accuracy": 0.8779833316802979, "val_loss": 0.35001304745674133, "val_accuracy": 0.8752999901771545, "_step": 4, "best_val_loss": 0.3473770320415497, "best_epoch": 3, "_wandb": {"runtime": 39}}