{"graph": {"_type": "graph-file", "path": "media/graph/graph_summary_dc0611eee5461a018c5f.graph.json", "sha256": "dc0611eee5461a018c5f184c806f752fb52091a6b91ab425966161c2823f1688", "size": 719}, "examples": {"_type": "images/separated", "width": 28, "height": 28, "format": "png", "count": 36, "filenames": ["media/images/examples_4_749e3ed837314ac13de6.png", "media/images/examples_4_26e0234f3bf8ba368f81.png", "media/images/examples_4_f11f2039b25070534e28.png", "media/images/examples_4_f136128bc77499bf672f.png", "media/images/examples_4_fe0809718eff2cc91e7a.png", "media/images/examples_4_098f6d2cfb1babcdf0bb.png", "media/images/examples_4_6c19a9067567b08db1e4.png", "media/images/examples_4_bd0f21c2506cf342d115.png", "media/images/examples_4_e25b8661bb880393406c.png", "media/images/examples_4_4705d4287fec32ef9256.png", "media/images/examples_4_c510c63ceb679e2644b7.png", "media/images/examples_4_83bfe518d1ba855f221a.png", "media/images/examples_4_9f67ff424901dcdf589a.png", "media/images/examples_4_ead5b90269c610d2ef49.png", "media/images/examples_4_e6ad6ccba3ed5a4461e9.png", "media/images/examples_4_049479fe563d53f38115.png", "media/images/examples_4_2fc5eaa49190aa2b66a4.png", "media/images/examples_4_64006c1d2165f5728e96.png", "media/images/examples_4_37d10f7275d1875bee1d.png", "media/images/examples_4_2f36f2a85e55f749f5a7.png", "media/images/examples_4_091abed302fbdd1d3adc.png", "media/images/examples_4_222e7a404ae267692d9f.png", "media/images/examples_4_11b1e460bb76eb10258b.png", "media/images/examples_4_6677ddda40cb9415c14d.png", "media/images/examples_4_2d4593e8a64b4b606006.png", "media/images/examples_4_4f70b07e2c8ded3fd009.png", "media/images/examples_4_227313f5287d0c8c873e.png", "media/images/examples_4_03b1fa40de7d46244850.png", "media/images/examples_4_afc74ab1d775c645d7e4.png", "media/images/examples_4_668dc26830fa7d360360.png", "media/images/examples_4_f052121bf447441e9f08.png", "media/images/examples_4_d6426d82628f7ecce624.png", "media/images/examples_4_3ec7c86519e256f61ae3.png", "media/images/examples_4_caeffb08c238faf2503d.png", "media/images/examples_4_c75f2c03f2ad9b81beaf.png", "media/images/examples_4_5cadaf0f95e8729f3d94.png"], "captions": [9, 5, 7, 0, 5, 9, 7, 1, 7, 5, 6, 3, 6, 1, 1, 5, 6, 9, 0, 0, 3, 5, 0, 6, 7, 9, 0, 6, 4, 9, 9, 5, 8, 6, 2, 5]}, "_timestamp": 1650096624, "_runtime": 41, "epoch": 4, "loss": 0.3672679364681244, "accuracy": 0.8665333390235901, "val_loss": 0.376823365688324, "val_accuracy": 0.8658000230789185, "_step": 4, "best_val_loss": 0.376823365688324, "best_epoch": 4, "_wandb": {"runtime": 40}}