{"graph": {"_type": "graph-file", "path": "media/graph/graph_summary_dc0611eee5461a018c5f.graph.json", "sha256": "dc0611eee5461a018c5f184c806f752fb52091a6b91ab425966161c2823f1688", "size": 719}, "examples": {"_type": "images/separated", "width": 28, "height": 28, "format": "png", "count": 36, "filenames": ["media/images/examples_4_21c5891b18650839de81.png", "media/images/examples_4_6f7a7fcbf5e34642a3f2.png", "media/images/examples_4_300c7c1848af2662d3f7.png", "media/images/examples_4_31a51515a935b4780c31.png", "media/images/examples_4_05d32dfe11d4e87bfc14.png", "media/images/examples_4_1efaa2e698c77b762690.png", "media/images/examples_4_6bb2f44961c5a8fc140d.png", "media/images/examples_4_55b96260b927290ae5d9.png", "media/images/examples_4_c4115090b5fabfd1bb7a.png", "media/images/examples_4_79fef6d23fa1a9272dc8.png", "media/images/examples_4_feaaf4ca336aa68e8db1.png", "media/images/examples_4_a2d4d332963596b67ead.png", "media/images/examples_4_8ed55e52f65d80a16b83.png", "media/images/examples_4_a2e1a6c41b085871e34e.png", "media/images/examples_4_42efb7e111336be69428.png", "media/images/examples_4_8b74ecd54308703a8ef1.png", "media/images/examples_4_c4a6d438abebe49257e0.png", "media/images/examples_4_508979e171f6c3524d21.png", "media/images/examples_4_ca69405743dd84940f98.png", "media/images/examples_4_6512d848567719cd912d.png", "media/images/examples_4_88abaf70017bfb845579.png", "media/images/examples_4_60e510b409da499bcf8e.png", "media/images/examples_4_12c29365db33a2e4de6f.png", "media/images/examples_4_b73fdcb6525d4b6f274a.png", "media/images/examples_4_a7a4e2a3f80d86018259.png", "media/images/examples_4_e662437aa5bcc0dbf10f.png", "media/images/examples_4_2b652fb5423ec60d0136.png", "media/images/examples_4_c8a67e613712251f9857.png", "media/images/examples_4_4fa05e09815401c6ea36.png", "media/images/examples_4_e51bc663e7c8c02e9b53.png", "media/images/examples_4_cf5cec813b1fcbd5d188.png", "media/images/examples_4_85b572d2513c93918081.png", "media/images/examples_4_6c6108b216e867e39b0e.png", "media/images/examples_4_9732277279808bf925f0.png", "media/images/examples_4_b5f1bb4e834066491872.png", "media/images/examples_4_74cadc0e22836d2a10a6.png"], "captions": [2, 2, 1, 9, 5, 5, 8, 9, 2, 9, 0, 9, 2, 1, 8, 4, 7, 9, 2, 9, 5, 3, 6, 6, 5, 5, 4, 3, 3, 1, 3, 5, 5, 1, 9, 0]}, "_timestamp": 1650094972, "_runtime": 42, "epoch": 4, "loss": 0.35219284892082214, "accuracy": 0.8727333545684814, "val_loss": 0.3733701705932617, "val_accuracy": 0.866100013256073, "_step": 4, "best_val_loss": 0.3733701705932617, "best_epoch": 4, "_wandb": {"runtime": 41}}