{"graph": {"_type": "graph-file", "path": "media/graph/graph_summary_67b4cecd482748c3f0b1.graph.json", "sha256": "67b4cecd482748c3f0b18537d4014c705e23a092d681080ebb6087aad795091a", "size": 723}, "examples": {"_type": "images/separated", "width": 28, "height": 28, "format": "png", "count": 36, "filenames": ["media/images/examples_4_cd379b494c810e52c273.png", "media/images/examples_4_679556df37a32aca7459.png", "media/images/examples_4_a7ee41217a12f2987963.png", "media/images/examples_4_1eb32000f930f1e55469.png", "media/images/examples_4_a3ebcc8a8f00773859e0.png", "media/images/examples_4_4149d00d04427513ac18.png", "media/images/examples_4_a261e9b894b0b58000d2.png", "media/images/examples_4_1edbec08a9f318e8c1de.png", "media/images/examples_4_25d5b026c8f327b5b91d.png", "media/images/examples_4_2b2cf91f71dbeb684af6.png", "media/images/examples_4_d2e7494b74d642513a29.png", "media/images/examples_4_fa838c8f7844e4a17fbf.png", "media/images/examples_4_dff33cae70d62105f434.png", "media/images/examples_4_586695504db04fa6417a.png", "media/images/examples_4_9497efad364bb0ea80c1.png", "media/images/examples_4_3995a890d237ba6c9bf9.png", "media/images/examples_4_3ebfe0835255807e9484.png", "media/images/examples_4_e7196f55a72a4da844a1.png", "media/images/examples_4_94bec24745852dcf88e7.png", "media/images/examples_4_4a4352959d5bbfde5371.png", "media/images/examples_4_59ae150e0a1ebcd91f91.png", "media/images/examples_4_77fe0e477e05d2890cbf.png", "media/images/examples_4_bfac0d3bb3050f14e164.png", "media/images/examples_4_0c774afa03918b5a77fa.png", "media/images/examples_4_09130bae62c448ddc5ee.png", "media/images/examples_4_cc72609bb2aeadbdbc95.png", "media/images/examples_4_df483cf0b6e7ef8f6174.png", "media/images/examples_4_5e23af807b6190a97ef0.png", "media/images/examples_4_82754d0ffd1fc3db7b36.png", "media/images/examples_4_23049c8bffa877179de8.png", "media/images/examples_4_635d954535c963b86773.png", "media/images/examples_4_4f4d93bd71add2f795d6.png", "media/images/examples_4_9ea95b8961fb072ae1c8.png", "media/images/examples_4_bc2aec9c44707618d90a.png", "media/images/examples_4_c513bbd2bf817744107e.png", "media/images/examples_4_8c5ffe422e4ff8b60bd6.png"], "captions": [9, 0, 9, 9, 4, 7, 2, 6, 9, 8, 4, 0, 0, 4, 4, 8, 3, 5, 2, 5, 7, 5, 7, 5, 3, 9, 9, 6, 7, 8, 8, 3, 6, 7, 5, 0]}, "_timestamp": 1650103393, "_runtime": 51, "epoch": 4, "loss": 0.4024241268634796, "accuracy": 0.8555499911308289, "val_loss": 0.38370540738105774, "val_accuracy": 0.8633000254631042, "_step": 4, "best_val_loss": 0.38370540738105774, "best_epoch": 4, "_wandb": {"runtime": 50}}