{"graph": {"_type": "graph-file", "path": "media/graph/graph_summary_dc0611eee5461a018c5f.graph.json", "sha256": "dc0611eee5461a018c5f184c806f752fb52091a6b91ab425966161c2823f1688", "size": 719}, "examples": {"_type": "images/separated", "width": 28, "height": 28, "format": "png", "count": 36, "filenames": ["media/images/examples_4_23fc3373418fa0fc129c.png", "media/images/examples_4_6ae96d442ed203bfd3d7.png", "media/images/examples_4_276749e85174cefa7242.png", "media/images/examples_4_77aef747514f5740a51c.png", "media/images/examples_4_5edc3329c7071c69c570.png", "media/images/examples_4_0fd861b3e6708cdd5951.png", "media/images/examples_4_3e4ca0b525365ac1fe2c.png", "media/images/examples_4_9d50ae98d8c7343ef983.png", "media/images/examples_4_9ee98b9f9b3afca2a347.png", "media/images/examples_4_209dbe9b685f45d425c0.png", "media/images/examples_4_30ac2cfb3420e944cf34.png", "media/images/examples_4_89b0d9592d2a47db2ce9.png", "media/images/examples_4_15683fceee768ef00d0c.png", "media/images/examples_4_77a4b2b1ca627b3404ba.png", "media/images/examples_4_1d357ca201d19daa05a7.png", "media/images/examples_4_7f2e6c4426c45a49bec9.png", "media/images/examples_4_f3f44300a716667b82d5.png", "media/images/examples_4_7ab4cf3b39fe803ad098.png", "media/images/examples_4_95829cb0a8f335392ab8.png", "media/images/examples_4_4825e38721de622aab8e.png", "media/images/examples_4_07451b22afab7bdb6539.png", "media/images/examples_4_363393c6a0cf5cb8e49a.png", "media/images/examples_4_ea631e5a55a46f87e1b9.png", "media/images/examples_4_490d4aad1c045ec80d7a.png", "media/images/examples_4_2474fd68a4e7f7e08058.png", "media/images/examples_4_b309858f3712dda0021e.png", "media/images/examples_4_12058240d2a77ec0202d.png", "media/images/examples_4_c359b190d786a479e4fd.png", "media/images/examples_4_8414948d9412e8647210.png", "media/images/examples_4_c861c6237c18f21e3b77.png", "media/images/examples_4_162a8b7d342a209eafc5.png", "media/images/examples_4_0a970a87c026df944357.png", "media/images/examples_4_d2a56855f6f95d006fac.png", "media/images/examples_4_959d6127062e79cc1bcc.png", "media/images/examples_4_34666ab2f6b01ffe3d80.png", "media/images/examples_4_2ad7ab944cbf81b2e041.png"], "captions": [1, 7, 7, 6, 2, 8, 4, 9, 5, 0, 4, 4, 8, 2, 1, 7, 3, 5, 4, 3, 9, 2, 3, 3, 3, 9, 7, 0, 6, 9, 5, 0, 2, 9, 5, 1]}, "_timestamp": 1650093933, "_runtime": 40, "epoch": 4, "loss": 0.33820489048957825, "accuracy": 0.8756666779518127, "val_loss": 0.3888111412525177, "val_accuracy": 0.8561999797821045, "_step": 4, "best_val_loss": 0.37302520871162415, "best_epoch": 3, "_wandb": {"runtime": 38}}