{"graph": {"_type": "graph-file", "path": "media/graph/graph_summary_67b4cecd482748c3f0b1.graph.json", "sha256": "67b4cecd482748c3f0b18537d4014c705e23a092d681080ebb6087aad795091a", "size": 723}, "examples": {"_type": "images/separated", "width": 28, "height": 28, "format": "png", "count": 36, "filenames": ["media/images/examples_4_57ba98bb251ba532c4aa.png", "media/images/examples_4_eab1cb0ee36f1e04a8b4.png", "media/images/examples_4_70daf91a2593cf279689.png", "media/images/examples_4_4f4380e52075e01177e4.png", "media/images/examples_4_1f083c43a0cadd123f76.png", "media/images/examples_4_dc017bd57007f4209a24.png", "media/images/examples_4_d76f47f33f4107126aec.png", "media/images/examples_4_37efff525454d634a49e.png", "media/images/examples_4_079b20b1db09c6f4823d.png", "media/images/examples_4_74aac8f409532e5f2d5c.png", "media/images/examples_4_3c11892bf019a1a67210.png", "media/images/examples_4_6901c348872a35eb5f86.png", "media/images/examples_4_cc1380f28c0b347bd863.png", "media/images/examples_4_9ff29ebbf3a932ad61ac.png", "media/images/examples_4_95389a0b86b072ccfac5.png", "media/images/examples_4_d5690a46e581b3e09e38.png", "media/images/examples_4_0d9851aa6c62e1abedd1.png", "media/images/examples_4_271f7cae06d1921e097a.png", "media/images/examples_4_6547cab0ee63d8ae883e.png", "media/images/examples_4_184aad304ef1d5e9dda9.png", "media/images/examples_4_04057a79225c8a1e826b.png", "media/images/examples_4_0c259865599f0ddb1b8a.png", "media/images/examples_4_f0a32cc4ed0cec6fed2f.png", "media/images/examples_4_da3b8ae4f354c52929fc.png", "media/images/examples_4_66a644de81a4793aaf4a.png", "media/images/examples_4_b1fedfeec0afba429d52.png", "media/images/examples_4_99e2ebb430264c369506.png", "media/images/examples_4_3adcdafbae38f10fb670.png", "media/images/examples_4_12041c579724fe918695.png", "media/images/examples_4_2a6a757320c520817710.png", "media/images/examples_4_5e8085c38b526ffd78be.png", "media/images/examples_4_8547adf37bf9cff62741.png", "media/images/examples_4_23a4fd2f80cc935fa302.png", "media/images/examples_4_61119f17be8a5912ef53.png", "media/images/examples_4_46b329ce3e2e24ee67d6.png", "media/images/examples_4_f1a72d3ae82d17de00a1.png"], "captions": [9, 3, 4, 6, 5, 8, 2, 3, 7, 6, 7, 4, 6, 0, 4, 9, 9, 9, 8, 3, 2, 5, 3, 6, 5, 4, 2, 7, 5, 2, 3, 1, 5, 8, 9, 2]}, "_timestamp": 1650095432, "_runtime": 41, "epoch": 4, "loss": 0.32935020327568054, "accuracy": 0.8807333111763, "val_loss": 0.36066585779190063, "val_accuracy": 0.8719000220298767, "_step": 4, "best_val_loss": 0.36066585779190063, "best_epoch": 4, "_wandb": {"runtime": 40}}