{"graph": {"_type": "graph-file", "path": "media/graph/graph_summary_67b4cecd482748c3f0b1.graph.json", "sha256": "67b4cecd482748c3f0b18537d4014c705e23a092d681080ebb6087aad795091a", "size": 723}, "examples": {"_type": "images/separated", "width": 28, "height": 28, "format": "png", "count": 36, "filenames": ["media/images/examples_4_de2b0d9256a6857c92a9.png", "media/images/examples_4_ea3704caf8fdd12f4333.png", "media/images/examples_4_6702a7ae378b6bbe8c38.png", "media/images/examples_4_09bbb3e0ce71ba51b8d6.png", "media/images/examples_4_ccf7a4ff25922e408d9f.png", "media/images/examples_4_b2024e156fa4493ec996.png", "media/images/examples_4_0ff5b1b5e6c1e00cb37a.png", "media/images/examples_4_83dece6f616d6941ce8e.png", "media/images/examples_4_db563a98c7b72c6687ae.png", "media/images/examples_4_5d19575c6b0898292342.png", "media/images/examples_4_e9abfac939ea79c784fb.png", "media/images/examples_4_d443bb843a619469c7da.png", "media/images/examples_4_0bd8fe0d4f2937b3d604.png", "media/images/examples_4_1f3bfa2ca4a9f5a0a8c9.png", "media/images/examples_4_201c3d1ec6b9de990023.png", "media/images/examples_4_5d754a27a98fa214ab66.png", "media/images/examples_4_96f4754a19c09c1b61a7.png", "media/images/examples_4_153e9c6355ff9146ab86.png", "media/images/examples_4_92d51d1d66ccfc81e85b.png", "media/images/examples_4_ab688d442a2d83921cb2.png", "media/images/examples_4_3251713a094522ec26e1.png", "media/images/examples_4_04b8172944041d7f4330.png", "media/images/examples_4_9f67ff424901dcdf589a.png", "media/images/examples_4_c62394189fd6fa9974b7.png", "media/images/examples_4_9163a199bf1d27dcc977.png", "media/images/examples_4_6d3a8d763a6019611474.png", "media/images/examples_4_f39bef1e49075efef41d.png", "media/images/examples_4_d12075ebdf0e3b353874.png", "media/images/examples_4_83fdd58b98a7843a3b3b.png", "media/images/examples_4_22ac14353cd852608471.png", "media/images/examples_4_ce87493a2da08ee6ad06.png", "media/images/examples_4_dc66e546236c6e6b2884.png", "media/images/examples_4_479cdc1acdec821cfec7.png", "media/images/examples_4_ff73774e84a31753dea0.png", "media/images/examples_4_ac056884c5a8a4738762.png", "media/images/examples_4_d8b3947a68ed0d6e6dda.png"], "captions": [8, 9, 6, 5, 5, 9, 9, 3, 3, 1, 3, 6, 9, 1, 2, 0, 0, 9, 4, 2, 6, 8, 3, 2, 1, 0, 2, 6, 6, 4, 6, 7, 8, 3, 8, 9]}, "_timestamp": 1650097455, "_runtime": 42, "epoch": 4, "loss": 0.3445376753807068, "accuracy": 0.8747166395187378, "val_loss": 0.36063048243522644, "val_accuracy": 0.8695999979972839, "_step": 4, "best_val_loss": 0.36063048243522644, "best_epoch": 4, "_wandb": {"runtime": 40}}