{"graph": {"_type": "graph-file", "path": "media/graph/graph_summary_9e6f729828d7a87c32cd.graph.json", "sha256": "9e6f729828d7a87c32cd8ce2373fefcc91f7ca2ae4678d60a504ff8f96f0ffa4", "size": 719}, "examples": {"_type": "images/separated", "width": 28, "height": 28, "format": "png", "count": 36, "filenames": ["media/images/examples_4_9145b47a38d905f8948c.png", "media/images/examples_4_a72ec4fd443aa37530b5.png", "media/images/examples_4_19162de59ff5b76e6b18.png", "media/images/examples_4_77eed802cc1cad7508f0.png", "media/images/examples_4_ab0d860647d0e098aa76.png", "media/images/examples_4_99a004bc95eff63f0975.png", "media/images/examples_4_0b3be6ec60a5b6f0a20f.png", "media/images/examples_4_e57445833bb703d63676.png", "media/images/examples_4_384e38dee0c96964e8bb.png", "media/images/examples_4_9aea3913067d5a2079f3.png", "media/images/examples_4_18c4ad788e9755b9df72.png", "media/images/examples_4_a8f6c45377693b212fd4.png", "media/images/examples_4_23b5d0ef63bee4cc1be8.png", "media/images/examples_4_c3474a5a440c8b15a82d.png", "media/images/examples_4_e99f3bf769918bbac470.png", "media/images/examples_4_6644c955ed6720914a23.png", "media/images/examples_4_7894d4fd5cbb5086d950.png", "media/images/examples_4_8da1708cb93a69b4687f.png", "media/images/examples_4_2707814a78aeb5a3c61e.png", "media/images/examples_4_4aa715a0ecf9d138b5ea.png", "media/images/examples_4_b6f81fe7013305162a10.png", "media/images/examples_4_ea8a786f96b17139f352.png", "media/images/examples_4_d037250cb2a53945a0d9.png", "media/images/examples_4_72d92734901f71cc2c39.png", "media/images/examples_4_fd09a4022739e079648e.png", "media/images/examples_4_d0f4878c1755cc124c2c.png", "media/images/examples_4_a1f98d1e44d9a1eb1278.png", "media/images/examples_4_be45765cb007553494c8.png", "media/images/examples_4_5c92384682c6f7c58569.png", "media/images/examples_4_89ab54fcd4371a810469.png", "media/images/examples_4_afe487a2a12e9ea0ff87.png", "media/images/examples_4_a63a217e4efb875071ca.png", "media/images/examples_4_e73389330c33f6217f02.png", "media/images/examples_4_140240fffd5970e9306b.png", "media/images/examples_4_281c815da35ee9ea27a6.png", "media/images/examples_4_84f240f6af96a6744fe2.png"], "captions": [6, 8, 1, 3, 9, 0, 9, 7, 9, 7, 4, 7, 2, 9, 0, 5, 4, 2, 9, 2, 4, 5, 3, 0, 4, 4, 5, 9, 4, 3, 9, 2, 2, 1, 9, 3]}, "_timestamp": 1650101888, "_runtime": 49, "epoch": 4, "loss": 0.4267425537109375, "accuracy": 0.8457333445549011, "val_loss": 0.3858720064163208, "val_accuracy": 0.8598999977111816, "_step": 4, "best_val_loss": 0.3858720064163208, "best_epoch": 4, "_wandb": {"runtime": 47}}