{"graph": {"_type": "graph-file", "path": "media/graph/graph_summary_dc0611eee5461a018c5f.graph.json", "sha256": "dc0611eee5461a018c5f184c806f752fb52091a6b91ab425966161c2823f1688", "size": 719}, "examples": {"_type": "images/separated", "width": 28, "height": 28, "format": "png", "count": 36, "filenames": ["media/images/examples_4_df483cf0b6e7ef8f6174.png", "media/images/examples_4_8522c5de9eea7e48bf60.png", "media/images/examples_4_f67b61483082b2ba02a1.png", "media/images/examples_4_1a6e1b441e856e8c3e39.png", "media/images/examples_4_4870e5f81fce61ad612d.png", "media/images/examples_4_775f55ef5ee020b812fb.png", "media/images/examples_4_cf687b1fb2d898cddb6a.png", "media/images/examples_4_1217348643b80cb42957.png", "media/images/examples_4_df4d9f38d7654d8de14d.png", "media/images/examples_4_8fc9ff570b788029e428.png", "media/images/examples_4_25411c81d6af526e476a.png", "media/images/examples_4_d100987ed113eb967582.png", "media/images/examples_4_b992a37d9de374842d4b.png", "media/images/examples_4_a65743f070aa2fca020d.png", "media/images/examples_4_a6389bdb1739880955bc.png", "media/images/examples_4_ff7f2ef0a16689f4e59c.png", "media/images/examples_4_b8ad2cc8b85baf32a510.png", "media/images/examples_4_c1e20ce05cd42e014c85.png", "media/images/examples_4_c430aeb49f49a61162c9.png", "media/images/examples_4_bc4158da8aa2735bee79.png", "media/images/examples_4_fb9718437f2f919c6a10.png", "media/images/examples_4_6512d848567719cd912d.png", "media/images/examples_4_80f74f25b650a06fa9c5.png", "media/images/examples_4_3716e29187a9ac0f9e86.png", "media/images/examples_4_a65560bc1bbdc2773a64.png", "media/images/examples_4_53554d0adfb815f8274b.png", "media/images/examples_4_16d1305346009df1010a.png", "media/images/examples_4_887e894dee934ba30b31.png", "media/images/examples_4_ced45a4a42a1b5fcaefe.png", "media/images/examples_4_566778c69160e28262af.png", "media/images/examples_4_53750ac09e005b9ed8b6.png", "media/images/examples_4_ee4a5849daa24fc46260.png", "media/images/examples_4_30eaa14328ac2676d824.png", "media/images/examples_4_819dea483ebd4e2f8158.png", "media/images/examples_4_c4f2e7459b5ea00f7527.png", "media/images/examples_4_fb60ba96e2502afefab7.png"], "captions": [9, 2, 2, 4, 2, 8, 5, 5, 3, 0, 6, 5, 3, 8, 3, 7, 4, 1, 1, 3, 8, 9, 3, 1, 4, 4, 5, 4, 6, 2, 2, 3, 6, 2, 1, 4]}, "_timestamp": 1650100579, "_runtime": 41, "epoch": 4, "loss": 0.42303600907325745, "accuracy": 0.8480499982833862, "val_loss": 0.3962389826774597, "val_accuracy": 0.8532999753952026, "_step": 4, "best_val_loss": 0.3962389826774597, "best_epoch": 4, "_wandb": {"runtime": 39}}