{"graph": {"_type": "graph-file", "path": "media/graph/graph_summary_dc0611eee5461a018c5f.graph.json", "sha256": "dc0611eee5461a018c5f184c806f752fb52091a6b91ab425966161c2823f1688", "size": 719}, "examples": {"_type": "images/separated", "width": 28, "height": 28, "format": "png", "count": 36, "filenames": ["media/images/examples_4_34373a76d0996763eff7.png", "media/images/examples_4_0ced9768e84de80c73ce.png", "media/images/examples_4_a5b9aea43b21b0677d89.png", "media/images/examples_4_f7580accd3a518dc724a.png", "media/images/examples_4_722d80b48518e5761ee9.png", "media/images/examples_4_0f1d4102185d3192e58c.png", "media/images/examples_4_bb91b4869a1084cc5ad1.png", "media/images/examples_4_dd3e2e0983302c73132b.png", "media/images/examples_4_bab4a26f105878b61670.png", "media/images/examples_4_9d295f6f0c6d556948a3.png", "media/images/examples_4_60783376182f2d2eb01e.png", "media/images/examples_4_c18f36361e4a3daf1ab6.png", "media/images/examples_4_eca6052b973552071214.png", "media/images/examples_4_32a44d7aa7e9d7e977ef.png", "media/images/examples_4_190a4da09709d325e0fd.png", "media/images/examples_4_884f8a9fe85730398c15.png", "media/images/examples_4_10e5170a0d2a81afcb04.png", "media/images/examples_4_e29096aaa28c8f60eae9.png", "media/images/examples_4_46b0952cd1a1af38f6a0.png", "media/images/examples_4_f41e9451655cd155880d.png", "media/images/examples_4_68624f2af2e59efe8535.png", "media/images/examples_4_cddf2fbcd19aebcc6c0b.png", "media/images/examples_4_ac468a95fdeaa17db101.png", "media/images/examples_4_022afa331d550c22a8d4.png", "media/images/examples_4_3f1a9049a3bb3e136c58.png", "media/images/examples_4_71fe17072efd41092ed9.png", "media/images/examples_4_104d2af82dd7fe04c6d0.png", "media/images/examples_4_13951a350be1342ecb96.png", "media/images/examples_4_ce87493a2da08ee6ad06.png", "media/images/examples_4_fcafbdc8d91e1d88967a.png", "media/images/examples_4_874daf62c11213398b7b.png", "media/images/examples_4_07e89cbfcdee4d5543ba.png", "media/images/examples_4_265e02c11c50d74c0bdf.png", "media/images/examples_4_725d17e3ee0aacfb18e3.png", "media/images/examples_4_bd20559eccde279d56a6.png", "media/images/examples_4_cdc17764fa5108798cf8.png"], "captions": [6, 3, 6, 3, 8, 6, 6, 2, 5, 9, 6, 9, 6, 5, 9, 0, 3, 0, 0, 9, 2, 7, 2, 5, 8, 2, 2, 1, 6, 5, 9, 6, 7, 2, 6, 9]}, "_timestamp": 1650093828, "_runtime": 39, "epoch": 4, "loss": 0.3310210406780243, "accuracy": 0.8775666952133179, "val_loss": 0.3545458912849426, "val_accuracy": 0.8726000189781189, "_step": 4, "best_val_loss": 0.3545458912849426, "best_epoch": 4, "_wandb": {"runtime": 38}}