{"graph": {"_type": "graph-file", "path": "media/graph/graph_summary_9e6f729828d7a87c32cd.graph.json", "sha256": "9e6f729828d7a87c32cd8ce2373fefcc91f7ca2ae4678d60a504ff8f96f0ffa4", "size": 719}, "examples": {"_type": "images/separated", "width": 28, "height": 28, "format": "png", "count": 36, "filenames": ["media/images/examples_4_a4759a4f64c2d261b3c8.png", "media/images/examples_4_db9326b7a7d08687d879.png", "media/images/examples_4_e9aaec033d6c68200643.png", "media/images/examples_4_f799ddff601a6ad3b535.png", "media/images/examples_4_fc363ce6c71bfa580c01.png", "media/images/examples_4_a3ebcc8a8f00773859e0.png", "media/images/examples_4_4830a1bccae231100e67.png", "media/images/examples_4_43ab8460bf613857a662.png", "media/images/examples_4_7a175189fcee4a59c3c9.png", "media/images/examples_4_436d0e1c532f94033e6c.png", "media/images/examples_4_94d4d590ec11e1ad9fed.png", "media/images/examples_4_412225d238ee7d92f8db.png", "media/images/examples_4_f0c8d42b131eeb17d2f2.png", "media/images/examples_4_8046761a7875670b3018.png", "media/images/examples_4_700ac29c4b1d3708b442.png", "media/images/examples_4_cd82e3a5f957d97ed481.png", "media/images/examples_4_0101ed3ce7f9e9418d16.png", "media/images/examples_4_e63a246decb2b60396aa.png", "media/images/examples_4_55250016f88ce1dd5de7.png", "media/images/examples_4_d9cffd0f2df7deeacaa3.png", "media/images/examples_4_ac05a1fdcffb21dcb1bf.png", "media/images/examples_4_15993ffbccbb692bd066.png", "media/images/examples_4_3318b9fcd1e1f3ccbfcb.png", "media/images/examples_4_12f8b915bd43817622a6.png", "media/images/examples_4_00f6bbfebcadf00f8873.png", "media/images/examples_4_c057089c22b6177e90b5.png", "media/images/examples_4_403c6a36bc0523537172.png", "media/images/examples_4_cc45806ae81b649a0c5f.png", "media/images/examples_4_1408769f0fadfaec2d49.png", "media/images/examples_4_c57ef59ecc4d35ddce39.png", "media/images/examples_4_2cdd554b26251c2f7dc6.png", "media/images/examples_4_43bf48daba12e645920f.png", "media/images/examples_4_055a6ca1c6e51233f71a.png", "media/images/examples_4_02d8214a90b78101f286.png", "media/images/examples_4_9f2f1ce64ae9a4f7a126.png", "media/images/examples_4_0cf0cf1b547e7892d404.png"], "captions": [0, 7, 2, 5, 4, 4, 9, 8, 3, 6, 3, 4, 0, 1, 2, 7, 5, 2, 4, 4, 5, 0, 3, 2, 3, 8, 3, 3, 7, 8, 0, 4, 2, 0, 0, 1]}, "_timestamp": 1650103084, "_runtime": 51, "epoch": 4, "loss": 0.4183645248413086, "accuracy": 0.850350022315979, "val_loss": 0.39028221368789673, "val_accuracy": 0.8593999743461609, "_step": 4, "best_val_loss": 0.39028221368789673, "best_epoch": 4, "_wandb": {"runtime": 49}}