{"graph": {"_type": "graph-file", "path": "media/graph/graph_summary_dc0611eee5461a018c5f.graph.json", "sha256": "dc0611eee5461a018c5f184c806f752fb52091a6b91ab425966161c2823f1688", "size": 719}, "examples": {"_type": "images/separated", "width": 28, "height": 28, "format": "png", "count": 36, "filenames": ["media/images/examples_4_a498bac604a7c9da6bb7.png", "media/images/examples_4_9b0300c5d12254d06d1f.png", "media/images/examples_4_9a9b2ce5d661a465b50e.png", "media/images/examples_4_af5731342b5531850520.png", "media/images/examples_4_203694497908febe59a3.png", "media/images/examples_4_172757b8a0bf351f4c0a.png", "media/images/examples_4_9fcc8002d231530f3034.png", "media/images/examples_4_f97b9cb1793f573985fe.png", "media/images/examples_4_be6591e83de2ddcd8a9b.png", "media/images/examples_4_47b22130846b0cec31a3.png", "media/images/examples_4_23c727e4b7bf4798d5d1.png", "media/images/examples_4_aa76b3806d4ec9ea891f.png", "media/images/examples_4_ff95b8f0905bb24e25fb.png", "media/images/examples_4_7f4606162cc4af825b9c.png", "media/images/examples_4_9a0bd1df3f05135fba5d.png", "media/images/examples_4_e9f57e7eb113a9eff76b.png", "media/images/examples_4_56dedb8e24c10bdc825d.png", "media/images/examples_4_664ec96c61ba8c086830.png", "media/images/examples_4_4587a23f76679fc4df0a.png", "media/images/examples_4_22e87549f703209c405a.png", "media/images/examples_4_3f390395668ede6fd2dd.png", "media/images/examples_4_c49b29815a376083fde2.png", "media/images/examples_4_637b019dd87a97573154.png", "media/images/examples_4_7f8d67804ce4f81b0cb8.png", "media/images/examples_4_be1d7f72b2a7fd7cec3a.png", "media/images/examples_4_3bab33f7779c1b1d29ca.png", "media/images/examples_4_0936775fc721b030d162.png", "media/images/examples_4_4ad1afccca93709bc170.png", "media/images/examples_4_65ab2bdd167a62601e10.png", "media/images/examples_4_fb4f7ac2029f7714842e.png", "media/images/examples_4_abf8ed00e7d32a282bb7.png", "media/images/examples_4_f91fbf04fe09b483d0dc.png", "media/images/examples_4_3fd22f653fc120044a9d.png", "media/images/examples_4_737c370d6ddd2a7006b5.png", "media/images/examples_4_d96587c4095aefe16635.png", "media/images/examples_4_9751554688e47ad46f96.png"], "captions": [3, 6, 0, 1, 7, 3, 8, 8, 8, 7, 1, 1, 9, 2, 3, 0, 3, 3, 3, 5, 7, 9, 3, 9, 1, 7, 5, 3, 8, 3, 8, 5, 2, 0, 7, 5]}, "_timestamp": 1650100686, "_runtime": 42, "epoch": 4, "loss": 0.41675275564193726, "accuracy": 0.8510666489601135, "val_loss": 0.40321436524391174, "val_accuracy": 0.8493000268936157, "_step": 4, "best_val_loss": 0.40321436524391174, "best_epoch": 4, "_wandb": {"runtime": 40}}