{"graph": {"_type": "graph-file", "path": "media/graph/graph_summary_9e6f729828d7a87c32cd.graph.json", "sha256": "9e6f729828d7a87c32cd8ce2373fefcc91f7ca2ae4678d60a504ff8f96f0ffa4", "size": 719}, "examples": {"_type": "images/separated", "width": 28, "height": 28, "format": "png", "count": 36, "filenames": ["media/images/examples_4_b06526c73eb8676600eb.png", "media/images/examples_4_a574fb5abbf31b2ff3ff.png", "media/images/examples_4_6bfb3a791dbfe398ce74.png", "media/images/examples_4_c0e462fffe54246ad28c.png", "media/images/examples_4_bf72ac81105e98d50f3e.png", "media/images/examples_4_d0c28cc1eb7c17da5546.png", "media/images/examples_4_1962234e543283573cc4.png", "media/images/examples_4_75d9391e6d303ce47f4c.png", "media/images/examples_4_88c74f3e65e63bd50c45.png", "media/images/examples_4_b5f1bb4e834066491872.png", "media/images/examples_4_0fad2c6ed1b88eff895a.png", "media/images/examples_4_6ca242df2d6ccc7d10f9.png", "media/images/examples_4_6bef53fdf31fb98e6385.png", "media/images/examples_4_4b7afaab0b4220377cdb.png", "media/images/examples_4_bb317fc00cc3d00e71fb.png", "media/images/examples_4_17b02b06e77da431a8af.png", "media/images/examples_4_e9d82f915c8778e81403.png", "media/images/examples_4_c9aa048fb25e1b61aa32.png", "media/images/examples_4_11b1e460bb76eb10258b.png", "media/images/examples_4_beb66fe8762b28e53cb2.png", "media/images/examples_4_7bfec573fc0b0fa45dbc.png", "media/images/examples_4_b732e41b7a4498668e53.png", "media/images/examples_4_274e8dd275a146029484.png", "media/images/examples_4_e9986c75d12a61e4ae88.png", "media/images/examples_4_e0e00a52044fb421f59b.png", "media/images/examples_4_6028d0911bd3e0dea574.png", "media/images/examples_4_26fcc32867e700daf9c7.png", "media/images/examples_4_209076fd20fdcf3ebc3b.png", "media/images/examples_4_979366f9609900a5c338.png", "media/images/examples_4_4d7141bc0f0ea46f9111.png", "media/images/examples_4_82de99c3db66584d78f9.png", "media/images/examples_4_7ffabf381d4cd9ea00da.png", "media/images/examples_4_a1a496d948d4f37cbcc4.png", "media/images/examples_4_707410ac1d6595f54f4b.png", "media/images/examples_4_3c6cb4082b21351e151a.png", "media/images/examples_4_2f76e58505fa6b8c95c1.png"], "captions": [3, 0, 7, 0, 1, 9, 3, 0, 2, 9, 0, 1, 9, 0, 2, 3, 5, 7, 0, 5, 5, 9, 1, 1, 3, 9, 3, 1, 8, 6, 7, 0, 4, 8, 2, 5]}, "_timestamp": 1650096230, "_runtime": 41, "epoch": 4, "loss": 0.3426128029823303, "accuracy": 0.8733500242233276, "val_loss": 0.40062156319618225, "val_accuracy": 0.8569999933242798, "_step": 4, "best_val_loss": 0.3698520064353943, "best_epoch": 3, "_wandb": {"runtime": 39}}