{"graph": {"_type": "graph-file", "path": "media/graph/graph_summary_dc0611eee5461a018c5f.graph.json", "sha256": "dc0611eee5461a018c5f184c806f752fb52091a6b91ab425966161c2823f1688", "size": 719}, "examples": {"_type": "images/separated", "width": 28, "height": 28, "format": "png", "count": 36, "filenames": ["media/images/examples_4_41a6c573690b41aba5a0.png", "media/images/examples_4_cd82e3a5f957d97ed481.png", "media/images/examples_4_bfd3ba05af20e5560319.png", "media/images/examples_4_e78eef305e59f9af809b.png", "media/images/examples_4_4907b078e722800c4cce.png", "media/images/examples_4_57f06a490daac7179b59.png", "media/images/examples_4_da84f00fda415aec3eeb.png", "media/images/examples_4_48e2a6908661c844e19c.png", "media/images/examples_4_8bfb0e283b547f06251d.png", "media/images/examples_4_6bacc7858969820fab3f.png", "media/images/examples_4_6e190c5859461c336648.png", "media/images/examples_4_e6bed8c196eeb6cb9df2.png", "media/images/examples_4_9e72163405ae0d951786.png", "media/images/examples_4_4ae6e7225904458654b0.png", "media/images/examples_4_1df0ee4d6c83a878b399.png", "media/images/examples_4_b55ece2b8d1df4bfbf15.png", "media/images/examples_4_7f6689753dec304001a7.png", "media/images/examples_4_cb95ab966a3b7aab6d6f.png", "media/images/examples_4_a957116763b2b3edd742.png", "media/images/examples_4_b572460113843ace29b8.png", "media/images/examples_4_778d92f97d91ecbe8be1.png", "media/images/examples_4_ebc38007a913176740a7.png", "media/images/examples_4_3ab711702974edac7032.png", "media/images/examples_4_cdbba8c092c3ef62d91e.png", "media/images/examples_4_db0eacb8950ecb27a38e.png", "media/images/examples_4_8188b98425b0836f6f49.png", "media/images/examples_4_316e3192eef0602326b2.png", "media/images/examples_4_4742662b3d50390d61f4.png", "media/images/examples_4_81c12d0fe17091937e87.png", "media/images/examples_4_382f30d97e700180001a.png", "media/images/examples_4_11180af2462850ff27c1.png", "media/images/examples_4_e618f1c8a0a5127a8ae3.png", "media/images/examples_4_00361a0edabb4314ebf4.png", "media/images/examples_4_c430aeb49f49a61162c9.png", "media/images/examples_4_702d1d99fe0f7e9d91b1.png", "media/images/examples_4_ee1be25a9b0ea8251b6f.png"], "captions": [4, 7, 9, 1, 3, 8, 7, 0, 3, 3, 7, 0, 9, 0, 4, 9, 0, 0, 8, 5, 7, 5, 7, 3, 0, 6, 6, 9, 4, 4, 0, 5, 3, 1, 5, 4]}, "_timestamp": 1650099691, "_runtime": 39, "epoch": 4, "loss": 0.41917696595191956, "accuracy": 0.8483833074569702, "val_loss": 0.39027634263038635, "val_accuracy": 0.86080002784729, "_step": 4, "best_val_loss": 0.38861432671546936, "best_epoch": 3, "_wandb": {"runtime": 37}}