{"graph": {"_type": "graph-file", "path": "media/graph/graph_summary_9e6f729828d7a87c32cd.graph.json", "sha256": "9e6f729828d7a87c32cd8ce2373fefcc91f7ca2ae4678d60a504ff8f96f0ffa4", "size": 719}, "examples": {"_type": "images/separated", "width": 28, "height": 28, "format": "png", "count": 36, "filenames": ["media/images/examples_4_e63fb1540280685f051d.png", "media/images/examples_4_d349b5345359b34ea8b9.png", "media/images/examples_4_6227f21a1ecd70c8093f.png", "media/images/examples_4_9cfae94f7ba914a449e2.png", "media/images/examples_4_d3900dec5f5a7c8426d0.png", "media/images/examples_4_cc327b6d5bd9394b4582.png", "media/images/examples_4_18bb1d51bb416f2a7355.png", "media/images/examples_4_5201714836dda02363b3.png", "media/images/examples_4_b904707433f7d404a3c9.png", "media/images/examples_4_b358b821a94f61805dc5.png", "media/images/examples_4_f9f4eb2a8e01b582535e.png", "media/images/examples_4_cd01954ffc9908036972.png", "media/images/examples_4_c6f22a777c212818ed94.png", "media/images/examples_4_cd82e3a5f957d97ed481.png", "media/images/examples_4_9523051bc0bc0433ad64.png", "media/images/examples_4_8df193eb81ed6f7d0f3e.png", "media/images/examples_4_cc7f08099dd75512ec5f.png", "media/images/examples_4_668dc26830fa7d360360.png", "media/images/examples_4_ccb3defca7c81bc99ddf.png", "media/images/examples_4_06b6e6d08856fabfb329.png", "media/images/examples_4_9aea3913067d5a2079f3.png", "media/images/examples_4_0cf0cf1b547e7892d404.png", "media/images/examples_4_f11f2039b25070534e28.png", "media/images/examples_4_bc0ac6f66f59265a312e.png", "media/images/examples_4_61705f6ceb617ac8bfcf.png", "media/images/examples_4_a0f5990675e1c1441992.png", "media/images/examples_4_1162006f432ea6060384.png", "media/images/examples_4_8be6fe164cfbde70f755.png", "media/images/examples_4_5cc87a2eb110b0e9c09d.png", "media/images/examples_4_87a0a65b99cc98343724.png", "media/images/examples_4_2b992b6b56a0a1af5f94.png", "media/images/examples_4_623458293f6e5a43e611.png", "media/images/examples_4_f2e40d0492749c1e0115.png", "media/images/examples_4_dad1e2ec13f6b89829dc.png", "media/images/examples_4_58f08a941017c903aa98.png", "media/images/examples_4_39396e14bcfe58a2b361.png"], "captions": [6, 0, 1, 4, 8, 2, 1, 6, 9, 8, 6, 2, 7, 7, 5, 9, 4, 9, 2, 7, 7, 1, 7, 7, 5, 3, 4, 2, 8, 4, 2, 2, 1, 0, 0, 8]}, "_timestamp": 1650095276, "_runtime": 43, "epoch": 4, "loss": 0.34087347984313965, "accuracy": 0.8765333294868469, "val_loss": 0.36931946873664856, "val_accuracy": 0.868399977684021, "_step": 4, "best_val_loss": 0.36931946873664856, "best_epoch": 4, "_wandb": {"runtime": 40}}