{"graph": {"_type": "graph-file", "path": "media/graph/graph_summary_9e6f729828d7a87c32cd.graph.json", "sha256": "9e6f729828d7a87c32cd8ce2373fefcc91f7ca2ae4678d60a504ff8f96f0ffa4", "size": 719}, "examples": {"_type": "images/separated", "width": 28, "height": 28, "format": "png", "count": 36, "filenames": ["media/images/examples_4_0d1815846c0cd76f07eb.png", "media/images/examples_4_47b22130846b0cec31a3.png", "media/images/examples_4_481c3bcc5cffec348407.png", "media/images/examples_4_f15bdd38fbf9d2711faf.png", "media/images/examples_4_920f339df1fbc336396f.png", "media/images/examples_4_cdbba8c092c3ef62d91e.png", "media/images/examples_4_6dd03f01148c48724897.png", "media/images/examples_4_76838d67204141e2eb9d.png", "media/images/examples_4_589a41566ffb58836dba.png", "media/images/examples_4_99c701f1668f7cc5265b.png", "media/images/examples_4_6663f9d259ac0210eeac.png", "media/images/examples_4_066dffbcfeb25dfc256e.png", "media/images/examples_4_a1ba212db7b430cb06fb.png", "media/images/examples_4_2c5ce962b1c4b6f6b54a.png", "media/images/examples_4_83fa6c3fdda9767a048d.png", "media/images/examples_4_ac4d773802d2cc526eec.png", "media/images/examples_4_325ad387006f9248e229.png", "media/images/examples_4_89fb0f00a2ce330f19e2.png", "media/images/examples_4_2f456ea58c080707dc15.png", "media/images/examples_4_d5ae3502870d6a41674a.png", "media/images/examples_4_cdea86c2798e413e2946.png", "media/images/examples_4_ce1452a047d21987617a.png", "media/images/examples_4_4aa715a0ecf9d138b5ea.png", "media/images/examples_4_b4110906570c7009f6f6.png", "media/images/examples_4_ad66187c6f0a3c5f9549.png", "media/images/examples_4_f0b657525f0f57788de0.png", "media/images/examples_4_8b3403c39a8c16a9d333.png", "media/images/examples_4_79de0525ab7c590a7016.png", "media/images/examples_4_e29e1999aa5718717f4b.png", "media/images/examples_4_b4e2930290be0e9f9a63.png", "media/images/examples_4_8e835ab3f03094055d59.png", "media/images/examples_4_543fb0a88b2f9d23b768.png", "media/images/examples_4_04f34e3a54158212dfb1.png", "media/images/examples_4_fe0f67cf419e965dd7cf.png", "media/images/examples_4_9309c6f94d11afb20190.png", "media/images/examples_4_be93ea11eeb60cb190c8.png"], "captions": [1, 7, 6, 2, 9, 3, 8, 6, 1, 5, 2, 6, 2, 9, 6, 0, 5, 2, 1, 0, 7, 7, 2, 9, 2, 0, 0, 2, 5, 0, 5, 2, 4, 8, 5, 3]}, "_timestamp": 1650094183, "_runtime": 42, "epoch": 4, "loss": 0.3163161277770996, "accuracy": 0.8832499980926514, "val_loss": 0.35203585028648376, "val_accuracy": 0.8730999827384949, "_step": 4, "best_val_loss": 0.35203585028648376, "best_epoch": 4, "_wandb": {"runtime": 41}}