{"graph": {"_type": "graph-file", "path": "media/graph/graph_summary_9e6f729828d7a87c32cd.graph.json", "sha256": "9e6f729828d7a87c32cd8ce2373fefcc91f7ca2ae4678d60a504ff8f96f0ffa4", "size": 719}, "examples": {"_type": "images/separated", "width": 28, "height": 28, "format": "png", "count": 36, "filenames": ["media/images/examples_4_868b569109192e5d505f.png", "media/images/examples_4_96fd3d7333f832305d5f.png", "media/images/examples_4_693d0c0258a31ce43d16.png", "media/images/examples_4_fa9205a80abb3500ad95.png", "media/images/examples_4_42c078aaa1c056749eae.png", "media/images/examples_4_ab61c07f9aeefb881cc5.png", "media/images/examples_4_86748dcb576e4242b75d.png", "media/images/examples_4_5c79a633f2384293029e.png", "media/images/examples_4_e286d2bb2c5f50db66c0.png", "media/images/examples_4_d88d3deee6bf29c2df85.png", "media/images/examples_4_4e05a0b3b2a70e331061.png", "media/images/examples_4_8b5e4e1f1e0a8613e2c0.png", "media/images/examples_4_5dcfa48276d8e5aa62a3.png", "media/images/examples_4_f492149e7694b3b4f04d.png", "media/images/examples_4_7c4b515d4314699ceabb.png", "media/images/examples_4_e0bf2288f52b426a372f.png", "media/images/examples_4_69bbf0376a91dfd74125.png", "media/images/examples_4_6f219a6052ca5c57bb15.png", "media/images/examples_4_7d667c8bb2ef18297184.png", "media/images/examples_4_fb308eb50dcbad35d33c.png", "media/images/examples_4_a991555ebf66d00cbdc0.png", "media/images/examples_4_6c5ecc9f7de62c59319d.png", "media/images/examples_4_2c4b668ecd540b975cc4.png", "media/images/examples_4_df73a938df65753ffc51.png", "media/images/examples_4_585b8411e15110bd1cf2.png", "media/images/examples_4_c4a1645314217922ac30.png", "media/images/examples_4_a7574aac7d58a1dc86b5.png", "media/images/examples_4_ba65245b6ba78b4604ef.png", "media/images/examples_4_e507fc91f53a7c3a5482.png", "media/images/examples_4_c4b4e7646002fc2af858.png", "media/images/examples_4_53d2bf7e66f4f2bff5b7.png", "media/images/examples_4_dd2daf348386435f4d96.png", "media/images/examples_4_fc66c41993e84d43a2f6.png", "media/images/examples_4_dd58cf14908bea6716e2.png", "media/images/examples_4_4d8d4025a80401e86d9d.png", "media/images/examples_4_1dcd9b83b37a28637007.png"], "captions": [2, 2, 9, 7, 3, 2, 5, 2, 2, 4, 6, 4, 8, 9, 8, 3, 1, 4, 1, 0, 8, 8, 1, 6, 6, 9, 8, 4, 4, 0, 8, 1, 8, 9, 3, 2]}, "_timestamp": 1650094286, "_runtime": 40, "epoch": 4, "loss": 0.3198913335800171, "accuracy": 0.8825333118438721, "val_loss": 0.3554138243198395, "val_accuracy": 0.8755000233650208, "_step": 4, "best_val_loss": 0.3554138243198395, "best_epoch": 4, "_wandb": {"runtime": 38}}