{"graph": {"_type": "graph-file", "path": "media/graph/graph_summary_dc0611eee5461a018c5f.graph.json", "sha256": "dc0611eee5461a018c5f184c806f752fb52091a6b91ab425966161c2823f1688", "size": 719}, "examples": {"_type": "images/separated", "width": 28, "height": 28, "format": "png", "count": 36, "filenames": ["media/images/examples_4_4fadd34eb7c481d2e18e.png", "media/images/examples_4_ecba2ed531a42c76c7a5.png", "media/images/examples_4_bff3c18d447cc3231389.png", "media/images/examples_4_f0fe2dd0c9191c118a93.png", "media/images/examples_4_c87ce2d6de7d227ba03f.png", "media/images/examples_4_209076fd20fdcf3ebc3b.png", "media/images/examples_4_55d1427ec228e23aa36f.png", "media/images/examples_4_8bf651d6489af38d979f.png", "media/images/examples_4_b8e3124f0be38803404f.png", "media/images/examples_4_c9e3e4ed1d1fd328dc19.png", "media/images/examples_4_b6d0ce0a609cf7a34efa.png", "media/images/examples_4_e3d8bcc48820805bf631.png", "media/images/examples_4_b049b567532e0a490a8a.png", "media/images/examples_4_cdab0d81a516458256bf.png", "media/images/examples_4_afb3195197b30aa71d8d.png", "media/images/examples_4_c9b2a1c86673b9a02ec4.png", "media/images/examples_4_684095fdc586f547d288.png", "media/images/examples_4_09130bae62c448ddc5ee.png", "media/images/examples_4_a4d7b762d25522c43318.png", "media/images/examples_4_398c34b14f59449d0a9f.png", "media/images/examples_4_78e123211a27eb3b9480.png", "media/images/examples_4_a357e0acbd6b08a844db.png", "media/images/examples_4_d863cef65026bc6c9978.png", "media/images/examples_4_4236c629f3c29a0f3402.png", "media/images/examples_4_100c3f76a04efc234a12.png", "media/images/examples_4_3905e0e78d4aab79042a.png", "media/images/examples_4_b677f81b2bf321ae159f.png", "media/images/examples_4_de479264735650c8f649.png", "media/images/examples_4_b0d6255daa4ed7b4a47f.png", "media/images/examples_4_6e4539c32b3ea4665f9c.png", "media/images/examples_4_44c4403cc6d45b161ca6.png", "media/images/examples_4_1af6919e683bc26081df.png", "media/images/examples_4_42a1e39cfcd600d5ec1c.png", "media/images/examples_4_38bb5b2e921600199885.png", "media/images/examples_4_88d6638d2492ee8f9cdc.png", "media/images/examples_4_71114833d97ee241a03e.png"], "captions": [4, 8, 7, 5, 1, 1, 0, 3, 8, 5, 4, 8, 3, 5, 5, 7, 9, 3, 7, 8, 5, 4, 3, 7, 7, 1, 5, 6, 1, 0, 2, 5, 2, 9, 6, 9]}, "_timestamp": 1650094812, "_runtime": 41, "epoch": 4, "loss": 0.3520229458808899, "accuracy": 0.8725833296775818, "val_loss": 0.3723805844783783, "val_accuracy": 0.8671000003814697, "_step": 4, "best_val_loss": 0.3723805844783783, "best_epoch": 4, "_wandb": {"runtime": 40}}