{"graph": {"_type": "graph-file", "path": "media/graph/graph_summary_dc0611eee5461a018c5f.graph.json", "sha256": "dc0611eee5461a018c5f184c806f752fb52091a6b91ab425966161c2823f1688", "size": 719}, "examples": {"_type": "images/separated", "width": 28, "height": 28, "format": "png", "count": 36, "filenames": ["media/images/examples_4_5d754a27a98fa214ab66.png", "media/images/examples_4_6f37cfb495f207549b6a.png", "media/images/examples_4_cbd4f6b2347c79c78484.png", "media/images/examples_4_de478d3338a411712ae2.png", "media/images/examples_4_dac66203d12cb113ad34.png", "media/images/examples_4_6a69fd239c06200566bb.png", "media/images/examples_4_4d285c64dcd1fbd2019d.png", "media/images/examples_4_f78d83b2846465c81e30.png", "media/images/examples_4_af810883aa26408820b4.png", "media/images/examples_4_01bd2e7e95dc9e753bc5.png", "media/images/examples_4_ac3416fce3420c577423.png", "media/images/examples_4_0835d10db49fde3682fc.png", "media/images/examples_4_3037eb65faafb7748ade.png", "media/images/examples_4_f14b252ecb847e65a7ee.png", "media/images/examples_4_2062d595b6b931802fab.png", "media/images/examples_4_303dc4e8e13d3329c3ac.png", "media/images/examples_4_71c99bd05319e13e824d.png", "media/images/examples_4_a17edccd2cdde2197a60.png", "media/images/examples_4_aba5301b911051ef39af.png", "media/images/examples_4_44dd47a6d60b90ff86e9.png", "media/images/examples_4_31dfe968b8345186f86d.png", "media/images/examples_4_9ea9f0734d3f29875cd6.png", "media/images/examples_4_897744ac0af9a41387a5.png", "media/images/examples_4_571553b3500796df3771.png", "media/images/examples_4_e11f7b3cc45d58a89987.png", "media/images/examples_4_77555875860cb4a27597.png", "media/images/examples_4_f754f078476613a268ca.png", "media/images/examples_4_c9afd0b58d6f777e67fc.png", "media/images/examples_4_09709cabc223e5925561.png", "media/images/examples_4_558a720fe9346a6d6d69.png", "media/images/examples_4_91765afe827c7d1e3bf5.png", "media/images/examples_4_2667f3e491baacca37ea.png", "media/images/examples_4_261645d6d148a98be121.png", "media/images/examples_4_e164357c0ae9324be042.png", "media/images/examples_4_a201d1245c7a447df722.png", "media/images/examples_4_6ef0a367c8f42af12abd.png"], "captions": [0, 6, 3, 7, 7, 5, 2, 7, 7, 3, 4, 2, 6, 8, 2, 7, 2, 7, 2, 1, 5, 4, 1, 5, 1, 1, 4, 8, 7, 6, 1, 4, 9, 2, 9, 7]}, "_timestamp": 1650094029, "_runtime": 41, "epoch": 4, "loss": 0.33385908603668213, "accuracy": 0.8765166401863098, "val_loss": 0.3622185289859772, "val_accuracy": 0.866100013256073, "_step": 4, "best_val_loss": 0.3622185289859772, "best_epoch": 4, "_wandb": {"runtime": 39}}