{"graph": {"_type": "graph-file", "path": "media/graph/graph_summary_dc0611eee5461a018c5f.graph.json", "sha256": "dc0611eee5461a018c5f184c806f752fb52091a6b91ab425966161c2823f1688", "size": 719}, "examples": {"_type": "images/separated", "width": 28, "height": 28, "format": "png", "count": 36, "filenames": ["media/images/examples_4_b3b9315a885141c95c87.png", "media/images/examples_4_2d3dbffd9f1df9f397a5.png", "media/images/examples_4_da3b8ae4f354c52929fc.png", "media/images/examples_4_507ff2be2994659335ae.png", "media/images/examples_4_4ddeeb86756da5607fcf.png", "media/images/examples_4_5deb9a35ebae724a9114.png", "media/images/examples_4_3251713a094522ec26e1.png", "media/images/examples_4_c3474a5a440c8b15a82d.png", "media/images/examples_4_d2e1d29ede73ba0efac6.png", "media/images/examples_4_71411296345a8c3080e1.png", "media/images/examples_4_c006f8ed7430c6d89861.png", "media/images/examples_4_dfb1cf81e9f9b58cfdf5.png", "media/images/examples_4_0d404c7436de91c5659e.png", "media/images/examples_4_9f67ff424901dcdf589a.png", "media/images/examples_4_265e02c11c50d74c0bdf.png", "media/images/examples_4_267ae954e2f7742b530b.png", "media/images/examples_4_454d2ad9d69797e6fb47.png", "media/images/examples_4_d0eb8c25735dd6802909.png", "media/images/examples_4_b97d271b0c69a676176c.png", "media/images/examples_4_79cb288890b65f92cd35.png", "media/images/examples_4_6fd1863b875ad05b218d.png", "media/images/examples_4_9d9a1971d6191942ff07.png", "media/images/examples_4_66a2059bd6ca6e558b8d.png", "media/images/examples_4_877eda03c15a9ff7a6cb.png", "media/images/examples_4_45ab1851e3fcab4c0316.png", "media/images/examples_4_2b3da36ac919c72d4f78.png", "media/images/examples_4_2316bfbf103d0a2d83d9.png", "media/images/examples_4_39cc18789f47b7394e71.png", "media/images/examples_4_5e8085c38b526ffd78be.png", "media/images/examples_4_1027d05a7d94f076e994.png", "media/images/examples_4_3302fe101704e620ab9c.png", "media/images/examples_4_263b6fbcf0ebe6166488.png", "media/images/examples_4_069b46a3bdf6c399ad16.png", "media/images/examples_4_e8fb33a4113711334745.png", "media/images/examples_4_de082fb6c410bbcd83fe.png", "media/images/examples_4_83136454dd55be8d703f.png"], "captions": [1, 6, 6, 8, 6, 3, 6, 9, 4, 2, 9, 4, 0, 6, 7, 5, 7, 8, 1, 9, 7, 6, 0, 3, 7, 4, 1, 0, 3, 7, 3, 3, 5, 1, 3, 6]}, "_timestamp": 1650095021, "_runtime": 40, "epoch": 4, "loss": 0.34830427169799805, "accuracy": 0.8741166591644287, "val_loss": 0.3692287802696228, "val_accuracy": 0.8680999875068665, "_step": 4, "best_val_loss": 0.3692287802696228, "best_epoch": 4, "_wandb": {"runtime": 39}}