{"graph": {"_type": "graph-file", "path": "media/graph/graph_summary_dc0611eee5461a018c5f.graph.json", "sha256": "dc0611eee5461a018c5f184c806f752fb52091a6b91ab425966161c2823f1688", "size": 719}, "examples": {"_type": "images/separated", "width": 28, "height": 28, "format": "png", "count": 36, "filenames": ["media/images/examples_4_36f3f491449cfb737df6.png", "media/images/examples_4_d2c2dbaea5eababbcb17.png", "media/images/examples_4_a3f955dcb564ea571b0a.png", "media/images/examples_4_205a0c21907adcf7e881.png", "media/images/examples_4_2acd97f385c7fa1e8a40.png", "media/images/examples_4_2653a817889caedbdaa8.png", "media/images/examples_4_7ff67476b16355d611ce.png", "media/images/examples_4_e2c7fc15c64deb33c848.png", "media/images/examples_4_a5d31bbf8239b66365f8.png", "media/images/examples_4_8f76855ffda2b98278ec.png", "media/images/examples_4_316bbb9e4d81b5a0d7a6.png", "media/images/examples_4_6747fca270f1b7e5182b.png", "media/images/examples_4_9ea95b8961fb072ae1c8.png", "media/images/examples_4_7748b55e5aba8c73f834.png", "media/images/examples_4_003d9ad5b63d19533420.png", "media/images/examples_4_a23ab4e263e6c534399e.png", "media/images/examples_4_f026cf1c2c76dcb4ae23.png", "media/images/examples_4_2160d938a544361504a6.png", "media/images/examples_4_6fe5f7d2e7f4f7b176fe.png", "media/images/examples_4_44bc98e009ee9bb86fc6.png", "media/images/examples_4_e0df54ab92fd4e87ed3f.png", "media/images/examples_4_3995a890d237ba6c9bf9.png", "media/images/examples_4_b224946bfc981f496fdf.png", "media/images/examples_4_6f7859e5a9c92892671e.png", "media/images/examples_4_943a131ea2ce35b7a3f8.png", "media/images/examples_4_08c0c8463ecd984cb012.png", "media/images/examples_4_1ad8340d93cb1cb807b3.png", "media/images/examples_4_f30b05bac3ce5b05e638.png", "media/images/examples_4_3fb378bf08e50d452db9.png", "media/images/examples_4_976aa083f9a7d638aa63.png", "media/images/examples_4_b380ae0dac1b9ad4a0cc.png", "media/images/examples_4_4cca1b5eecabd2524943.png", "media/images/examples_4_83bfe518d1ba855f221a.png", "media/images/examples_4_7319c25b5dfa0609e943.png", "media/images/examples_4_12509f555d940d749ec3.png", "media/images/examples_4_fccf8ab86e8e99f524b1.png"], "captions": [3, 4, 4, 4, 0, 6, 6, 2, 0, 0, 8, 1, 6, 7, 9, 1, 4, 1, 1, 8, 4, 8, 8, 0, 4, 8, 5, 7, 9, 3, 5, 5, 3, 9, 5, 6]}, "_timestamp": 1650102537, "_runtime": 48, "epoch": 4, "loss": 0.4580717980861664, "accuracy": 0.836816668510437, "val_loss": 0.4112981855869293, "val_accuracy": 0.8511000275611877, "_step": 4, "best_val_loss": 0.4112981855869293, "best_epoch": 4, "_wandb": {"runtime": 46}}