{"graph": {"_type": "graph-file", "path": "media/graph/graph_summary_9e6f729828d7a87c32cd.graph.json", "sha256": "9e6f729828d7a87c32cd8ce2373fefcc91f7ca2ae4678d60a504ff8f96f0ffa4", "size": 719}, "examples": {"_type": "images/separated", "width": 28, "height": 28, "format": "png", "count": 36, "filenames": ["media/images/examples_4_7d2d45a963c6f62729e2.png", "media/images/examples_4_7895ac52f427bf3e6678.png", "media/images/examples_4_f45e1b84983ce9a2d22e.png", "media/images/examples_4_73fef96c084abfad4a45.png", "media/images/examples_4_265e02c11c50d74c0bdf.png", "media/images/examples_4_a5dfcca4f9001b9f4414.png", "media/images/examples_4_40f03563d38572536ebf.png", "media/images/examples_4_25ec5491c445593b21ba.png", "media/images/examples_4_c6783ddb6b5ec1f57698.png", "media/images/examples_4_43a200101ce53719413e.png", "media/images/examples_4_d4e83f4075aa2dbf4e52.png", "media/images/examples_4_044d059e691396011745.png", "media/images/examples_4_8acecf5d5caef06dd89e.png", "media/images/examples_4_6ae96d442ed203bfd3d7.png", "media/images/examples_4_64d8524cb055e074fe5c.png", "media/images/examples_4_83671f49d1ed8ec056a7.png", "media/images/examples_4_0eaea23b3b904aa834ce.png", "media/images/examples_4_172757b8a0bf351f4c0a.png", "media/images/examples_4_f25eb9aded900aec1279.png", "media/images/examples_4_8cef78fd3b0477894ffc.png", "media/images/examples_4_d8a0ffd939eff9a1d633.png", "media/images/examples_4_9e1fe65508826532b813.png", "media/images/examples_4_4390223b7642a5c1113d.png", "media/images/examples_4_a5e4debddc7b8ee32aac.png", "media/images/examples_4_4e2123912a4e1416d739.png", "media/images/examples_4_e2c389728852f1eb65ea.png", "media/images/examples_4_d306204832408e2cbbc1.png", "media/images/examples_4_d2594a68c77737758ff0.png", "media/images/examples_4_9463baed8ef4d1053552.png", "media/images/examples_4_c5cfabf4b516c89a7e11.png", "media/images/examples_4_c8ef5a8c9853a7161b91.png", "media/images/examples_4_0a943d90d0bdc585173d.png", "media/images/examples_4_7e6643798aec6b81868b.png", "media/images/examples_4_21c61bd258f99e04e443.png", "media/images/examples_4_056e52ac6e01aa5d6411.png", "media/images/examples_4_a2d1c409040dbfce03cb.png"], "captions": [3, 0, 3, 7, 7, 8, 3, 5, 2, 5, 8, 4, 7, 7, 4, 4, 0, 3, 7, 3, 4, 6, 7, 5, 2, 4, 8, 1, 6, 1, 3, 6, 4, 6, 1, 5]}, "_timestamp": 1650097140, "_runtime": 41, "epoch": 4, "loss": 0.3530297577381134, "accuracy": 0.8722000122070312, "val_loss": 0.36359626054763794, "val_accuracy": 0.8700000047683716, "_step": 4, "best_val_loss": 0.36359626054763794, "best_epoch": 4, "_wandb": {"runtime": 40}}