{"graph": {"_type": "graph-file", "path": "media/graph/graph_summary_dc0611eee5461a018c5f.graph.json", "sha256": "dc0611eee5461a018c5f184c806f752fb52091a6b91ab425966161c2823f1688", "size": 719}, "examples": {"_type": "images/separated", "width": 28, "height": 28, "format": "png", "count": 36, "filenames": ["media/images/examples_4_7086ad73d7873cb6acc4.png", "media/images/examples_4_8e564ba551c0f0762843.png", "media/images/examples_4_cdaac0a2be1666874ab3.png", "media/images/examples_4_2198cc4bddba75f23e62.png", "media/images/examples_4_a1e6d968a33b0a366c3c.png", "media/images/examples_4_2ff75d42886f46746fe9.png", "media/images/examples_4_24a4540f090852119bb6.png", "media/images/examples_4_d76b947f0cae41c49d10.png", "media/images/examples_4_8b7ed22147a2cd935844.png", "media/images/examples_4_8df1e2edc9fc519220a3.png", "media/images/examples_4_33c280ecbaa3b99fde35.png", "media/images/examples_4_5a9ac6d08ab8227a5705.png", "media/images/examples_4_e505ec366fd647ef7bfd.png", "media/images/examples_4_6bc5634da2f301140fa3.png", "media/images/examples_4_6581fa685032bde9d596.png", "media/images/examples_4_5abe142ba01e49be1d0c.png", "media/images/examples_4_99bf785dd7e50603e0ad.png", "media/images/examples_4_1b0014fb2ed2420e4b3a.png", "media/images/examples_4_a7180c301f5719568542.png", "media/images/examples_4_e68c5d26250050d0b5d9.png", "media/images/examples_4_abf8ed00e7d32a282bb7.png", "media/images/examples_4_90c0349cb315d03003fe.png", "media/images/examples_4_66327e55c81384faa8e7.png", "media/images/examples_4_9003d980fad2d3b297cc.png", "media/images/examples_4_edefbc9cd6161a004514.png", "media/images/examples_4_3588022b2bd90c5e82bc.png", "media/images/examples_4_9d8c2536e035799a8b41.png", "media/images/examples_4_d978a08b5950d893cfc5.png", "media/images/examples_4_37247907410dae6a72f5.png", "media/images/examples_4_c665ae180a2ee7836f42.png", "media/images/examples_4_cd39b3252f63f4336581.png", "media/images/examples_4_3a83ba66ee5eb2c8ad35.png", "media/images/examples_4_cdbc62509d5c929dba8b.png", "media/images/examples_4_84e531c22ae16859ff88.png", "media/images/examples_4_2c62c4ebaac3884ee16c.png", "media/images/examples_4_e9f632f77a8fcdb82c68.png"], "captions": [3, 2, 8, 9, 6, 7, 4, 6, 6, 4, 8, 2, 9, 6, 5, 7, 6, 9, 6, 8, 8, 0, 5, 0, 3, 9, 4, 9, 5, 3, 0, 1, 9, 1, 5, 5]}, "_timestamp": 1650101447, "_runtime": 44, "epoch": 4, "loss": 0.4825551509857178, "accuracy": 0.8258166909217834, "val_loss": 0.40742093324661255, "val_accuracy": 0.8557999730110168, "_step": 4, "best_val_loss": 0.40742093324661255, "best_epoch": 4, "_wandb": {"runtime": 42}}