{"graph": {"_type": "graph-file", "path": "media/graph/graph_summary_9e6f729828d7a87c32cd.graph.json", "sha256": "9e6f729828d7a87c32cd8ce2373fefcc91f7ca2ae4678d60a504ff8f96f0ffa4", "size": 719}, "examples": {"_type": "images/separated", "width": 28, "height": 28, "format": "png", "count": 36, "filenames": ["media/images/examples_4_95da224a22f09cb6e8fd.png", "media/images/examples_4_4fc03a6c71925caf6db7.png", "media/images/examples_4_2e72e1ce63f8418c1a38.png", "media/images/examples_4_5739ed566723d68cb673.png", "media/images/examples_4_b474aaf91fdb17dff1df.png", "media/images/examples_4_6d5cb089721dd658da87.png", "media/images/examples_4_6ab78277807bba613324.png", "media/images/examples_4_ab85c02c52fcec6b7360.png", "media/images/examples_4_9b7896c29ff18d55e5b8.png", "media/images/examples_4_ae01326206f7afd4454f.png", "media/images/examples_4_cbedd48783de2184236c.png", "media/images/examples_4_cb7ec213c699d214e3ef.png", "media/images/examples_4_7ac0467fbc07f9df5d3f.png", "media/images/examples_4_4f11f2195cadbe1bb232.png", "media/images/examples_4_ac4ca900b9632874093b.png", "media/images/examples_4_e334162396b4b889d8bb.png", "media/images/examples_4_622e28b67775829bf2a1.png", "media/images/examples_4_76379dab477153629efd.png", "media/images/examples_4_c7fee3d411ef0a711887.png", "media/images/examples_4_b224946bfc981f496fdf.png", "media/images/examples_4_1bf99ff62f757f684b58.png", "media/images/examples_4_bbcf02a52b566579a371.png", "media/images/examples_4_6a00f2fdb564d67b1b6f.png", "media/images/examples_4_aeb467eb941717cb81a5.png", "media/images/examples_4_490a0fcaabf4e53b222c.png", "media/images/examples_4_ad4f5ca40504ff14e4f0.png", "media/images/examples_4_f181b3e5f0e0ea76a41e.png", "media/images/examples_4_bb8c2aac12e8084fde0d.png", "media/images/examples_4_4e5c9331c3a8ba52afa0.png", "media/images/examples_4_7f4606162cc4af825b9c.png", "media/images/examples_4_1137d9091fd6d46484bf.png", "media/images/examples_4_279b9e9e2d026c5a8f4d.png", "media/images/examples_4_b2d5c8404f5ad0c9c6c4.png", "media/images/examples_4_720369310dbb5f5cd079.png", "media/images/examples_4_7e4507cc264bda7122c5.png", "media/images/examples_4_155c21078752865c6b57.png"], "captions": [7, 9, 3, 7, 4, 0, 4, 3, 2, 9, 7, 5, 5, 7, 7, 1, 4, 4, 0, 8, 0, 7, 9, 3, 5, 7, 3, 4, 6, 2, 8, 1, 5, 2, 5, 2]}, "_timestamp": 1650098119, "_runtime": 51, "epoch": 4, "loss": 0.36080068349838257, "accuracy": 0.8677166700363159, "val_loss": 0.36836761236190796, "val_accuracy": 0.8651999831199646, "_step": 4, "best_val_loss": 0.366916298866272, "best_epoch": 3, "_wandb": {"runtime": 49}}