{"graph": {"_type": "graph-file", "path": "media/graph/graph_summary_9e6f729828d7a87c32cd.graph.json", "sha256": "9e6f729828d7a87c32cd8ce2373fefcc91f7ca2ae4678d60a504ff8f96f0ffa4", "size": 719}, "examples": {"_type": "images/separated", "width": 28, "height": 28, "format": "png", "count": 36, "filenames": ["media/images/examples_4_b3e345f3594f29f40ff1.png", "media/images/examples_4_1217348643b80cb42957.png", "media/images/examples_4_0f5de93cdd4d0b909677.png", "media/images/examples_4_77602742faa75ade8582.png", "media/images/examples_4_ca4f9f324b77a9221de8.png", "media/images/examples_4_11d3358c9aab31ab8c9d.png", "media/images/examples_4_b9fcfddfcb969cd1d349.png", "media/images/examples_4_e9294da772d700d5db41.png", "media/images/examples_4_1dcc306fb27bd7ba998a.png", "media/images/examples_4_384e38dee0c96964e8bb.png", "media/images/examples_4_462c895c18e8fd0895c1.png", "media/images/examples_4_6d6362a46110fee563bf.png", "media/images/examples_4_b490325d1dfb6970474a.png", "media/images/examples_4_b46f81e0a8e8104cc563.png", "media/images/examples_4_1eaf17e3c4ccb927397a.png", "media/images/examples_4_db6ab5a6cb6a8e7f70c6.png", "media/images/examples_4_221c40d12d0c4a6b206c.png", "media/images/examples_4_0e499cbdfb905dbf30fe.png", "media/images/examples_4_be675561aec3975c2243.png", "media/images/examples_4_9bb2e1cb29a5f6c4c2bf.png", "media/images/examples_4_740a8708b5befcbc5d7a.png", "media/images/examples_4_52fe5e9008606ba32e14.png", "media/images/examples_4_7b11777926536882c6be.png", "media/images/examples_4_916bc7affe548bf5c06e.png", "media/images/examples_4_c92a112b316bc87ad0f0.png", "media/images/examples_4_943a9ccb339379190815.png", "media/images/examples_4_07141cfce6729e96942c.png", "media/images/examples_4_1acd70be8c0950c237d9.png", "media/images/examples_4_4f4380e52075e01177e4.png", "media/images/examples_4_a9375933dd9d0e7b0ed2.png", "media/images/examples_4_fc4c02a0c222c9f3449e.png", "media/images/examples_4_02862d54df5792be4a6e.png", "media/images/examples_4_1c44800610ad999ea4b7.png", "media/images/examples_4_7dd086677f4565d65b23.png", "media/images/examples_4_6b500b3138a773265acd.png", "media/images/examples_4_55f082bd14305ca9ef2e.png"], "captions": [2, 5, 9, 8, 2, 9, 3, 9, 7, 9, 0, 6, 6, 9, 1, 1, 6, 6, 2, 0, 8, 8, 5, 7, 3, 8, 6, 9, 6, 6, 4, 4, 8, 0, 4, 9]}, "_timestamp": 1650098058, "_runtime": 48, "epoch": 4, "loss": 0.3590637445449829, "accuracy": 0.8678833246231079, "val_loss": 0.36275359988212585, "val_accuracy": 0.8691999912261963, "_step": 4, "best_val_loss": 0.36275359988212585, "best_epoch": 4, "_wandb": {"runtime": 46}}