{"graph": {"_type": "graph-file", "path": "media/graph/graph_summary_dc0611eee5461a018c5f.graph.json", "sha256": "dc0611eee5461a018c5f184c806f752fb52091a6b91ab425966161c2823f1688", "size": 719}, "examples": {"_type": "images/separated", "width": 28, "height": 28, "format": "png", "count": 36, "filenames": ["media/images/examples_4_2cf39a5bdbdd0585f50e.png", "media/images/examples_4_27a0ad4d9f31c65248ec.png", "media/images/examples_4_bd0c532427cf93b47410.png", "media/images/examples_4_53c573a514d57f00795c.png", "media/images/examples_4_38f5ec008d92304fe3b3.png", "media/images/examples_4_2c964ff2e746d288f221.png", "media/images/examples_4_dea7994a6d456022c317.png", "media/images/examples_4_86569c2e770930b4042f.png", "media/images/examples_4_5070e846fe4f686a6e70.png", "media/images/examples_4_53abf5549d9766412833.png", "media/images/examples_4_e68003e1f94073d7632d.png", "media/images/examples_4_4a33b170b8be63a7104a.png", "media/images/examples_4_2f456ea58c080707dc15.png", "media/images/examples_4_ff3a12550481e2c080e5.png", "media/images/examples_4_a604ee62b520f67b3e77.png", "media/images/examples_4_bb8d2c1e9ffbb2c0d6b2.png", "media/images/examples_4_7895ac52f427bf3e6678.png", "media/images/examples_4_702312dc37718cd9a751.png", "media/images/examples_4_4b33fa4e5354034fb1ce.png", "media/images/examples_4_9361b324f8f31af8e420.png", "media/images/examples_4_115caf2c726263cce618.png", "media/images/examples_4_5ee7dc16cf9d62ce6bb2.png", "media/images/examples_4_3037625e579ed8e2bd62.png", "media/images/examples_4_813de931e0e2b90bac0b.png", "media/images/examples_4_aa76d3a1ea4f22c4c67e.png", "media/images/examples_4_7911ae33106b205e1da6.png", "media/images/examples_4_7f5c1b2a89d4a0c62872.png", "media/images/examples_4_812a35fa0665ab710597.png", "media/images/examples_4_d4d1126373547ffc002f.png", "media/images/examples_4_755323692062761de393.png", "media/images/examples_4_c38aaacbc5bac9a619de.png", "media/images/examples_4_e507fc91f53a7c3a5482.png", "media/images/examples_4_0baaa6a60d1100a055e4.png", "media/images/examples_4_660f27ada509927fd566.png", "media/images/examples_4_ac87cbf846a22eb8e368.png", "media/images/examples_4_205a0c21907adcf7e881.png"], "captions": [1, 3, 4, 9, 8, 3, 8, 8, 5, 1, 5, 1, 1, 4, 4, 6, 0, 3, 3, 3, 7, 4, 6, 3, 1, 0, 2, 5, 4, 5, 3, 4, 5, 1, 2, 4]}, "_timestamp": 1650098598, "_runtime": 44, "epoch": 4, "loss": 0.39461979269981384, "accuracy": 0.8572999835014343, "val_loss": 0.3909478485584259, "val_accuracy": 0.8574000000953674, "_step": 4, "best_val_loss": 0.3909478485584259, "best_epoch": 4, "_wandb": {"runtime": 42}}