{"graph": {"_type": "graph-file", "path": "media/graph/graph_summary_dc0611eee5461a018c5f.graph.json", "sha256": "dc0611eee5461a018c5f184c806f752fb52091a6b91ab425966161c2823f1688", "size": 719}, "examples": {"_type": "images/separated", "width": 28, "height": 28, "format": "png", "count": 36, "filenames": ["media/images/examples_4_31784bc428f3cd438ca5.png", "media/images/examples_4_a28ff2a3b50e8f1d6657.png", "media/images/examples_4_c6e91619edf5ea0f1ae8.png", "media/images/examples_4_f9826a9229c81a07407a.png", "media/images/examples_4_ac05a1fdcffb21dcb1bf.png", "media/images/examples_4_fabd472a0d6caa7437f7.png", "media/images/examples_4_7b75d27c4c9cdff63887.png", "media/images/examples_4_874daf62c11213398b7b.png", "media/images/examples_4_cc22f44180c393601df7.png", "media/images/examples_4_e9aaec033d6c68200643.png", "media/images/examples_4_d609b2c9797a8f181c92.png", "media/images/examples_4_83b4f680cc1c9c033864.png", "media/images/examples_4_7ec245961cf44fa299e8.png", "media/images/examples_4_9f1b1db205c76d7c9629.png", "media/images/examples_4_d9a889c054414143fe5d.png", "media/images/examples_4_6365ebdc17a2d7ad5984.png", "media/images/examples_4_356d8432d7b35c28df56.png", "media/images/examples_4_892431c47acd30412b4b.png", "media/images/examples_4_837cc69f1d6603c25118.png", "media/images/examples_4_1e5ce19f7eafd7c8fe07.png", "media/images/examples_4_403c6a36bc0523537172.png", "media/images/examples_4_49e4e39928dad55ae222.png", "media/images/examples_4_5b153d799e638952097f.png", "media/images/examples_4_50a17850c76568807786.png", "media/images/examples_4_0c193d8187d859e00f2f.png", "media/images/examples_4_c7a54d07d1d85ae4fae1.png", "media/images/examples_4_2c73fb71fac77182c887.png", "media/images/examples_4_5dd295bb132ecaacf949.png", "media/images/examples_4_5c25e4c40ada0c75b85e.png", "media/images/examples_4_75000364ede3a8b18b3a.png", "media/images/examples_4_3752ed6812bb642a3532.png", "media/images/examples_4_fe0f67cf419e965dd7cf.png", "media/images/examples_4_ff73774e84a31753dea0.png", "media/images/examples_4_f34fa885697434f4224d.png", "media/images/examples_4_d4f52f1fce1827f6125b.png", "media/images/examples_4_9e625069e5f58b51d088.png"], "captions": [3, 6, 4, 6, 5, 8, 6, 9, 9, 4, 2, 8, 8, 6, 5, 8, 0, 1, 5, 7, 3, 0, 2, 9, 4, 6, 4, 3, 2, 8, 8, 8, 3, 0, 7, 5]}, "_timestamp": 1650102653, "_runtime": 50, "epoch": 4, "loss": 0.45573553442955017, "accuracy": 0.8377833366394043, "val_loss": 0.4062896966934204, "val_accuracy": 0.8514999747276306, "_step": 4, "best_val_loss": 0.4062896966934204, "best_epoch": 4, "_wandb": {"runtime": 48}}