{"graph": {"_type": "graph-file", "path": "media/graph/graph_summary_dc0611eee5461a018c5f.graph.json", "sha256": "dc0611eee5461a018c5f184c806f752fb52091a6b91ab425966161c2823f1688", "size": 719}, "examples": {"_type": "images/separated", "width": 28, "height": 28, "format": "png", "count": 36, "filenames": ["media/images/examples_4_986713713dd3dfb184d0.png", "media/images/examples_4_29464905835db1b02cf6.png", "media/images/examples_4_00361a0edabb4314ebf4.png", "media/images/examples_4_db237d557a6183edb9b7.png", "media/images/examples_4_84f240f6af96a6744fe2.png", "media/images/examples_4_f2737f07ceb8f76e2f0d.png", "media/images/examples_4_ccc0003db41a404f7b84.png", "media/images/examples_4_997cb943ba38f0d59b42.png", "media/images/examples_4_b7b7ab48ab23e9384302.png", "media/images/examples_4_72f9366d7e94ddefb4b6.png", "media/images/examples_4_2898a783673202526596.png", "media/images/examples_4_7f86a2487821711a565b.png", "media/images/examples_4_326e955456bd23f21035.png", "media/images/examples_4_315f44ea52407dce1145.png", "media/images/examples_4_ec29130ba122e438400c.png", "media/images/examples_4_a8f6c45377693b212fd4.png", "media/images/examples_4_48603f8ad6255f650875.png", "media/images/examples_4_c639b649902d2d9d80df.png", "media/images/examples_4_d3ece2d0befa1ec8ef02.png", "media/images/examples_4_895ccf7f5cd3078f4eee.png", "media/images/examples_4_42efb7e111336be69428.png", "media/images/examples_4_982da9fd7fbc4b704fcf.png", "media/images/examples_4_7aab4bfde7d45106e3bb.png", "media/images/examples_4_65127d75041787c9ad5b.png", "media/images/examples_4_1fa4bb816f657d8d91c3.png", "media/images/examples_4_c7bfa04c1f0f9110e34d.png", "media/images/examples_4_d000ffa1ea6914cf5fce.png", "media/images/examples_4_5f0377e03e6086b517d1.png", "media/images/examples_4_db93a9a96bdbe9045351.png", "media/images/examples_4_1da9cad8c0cc50287e9f.png", "media/images/examples_4_84290263ed365b6acddb.png", "media/images/examples_4_1f8caf880c38eef1c624.png", "media/images/examples_4_c691d8c11e3e4a5499bf.png", "media/images/examples_4_9b4aeff878de09d268ed.png", "media/images/examples_4_3fb378bf08e50d452db9.png", "media/images/examples_4_9b125f8d70663d0f920e.png"], "captions": [1, 7, 3, 7, 3, 5, 1, 5, 2, 5, 5, 6, 0, 1, 0, 7, 1, 5, 0, 0, 8, 3, 2, 5, 3, 7, 9, 8, 7, 3, 4, 5, 2, 8, 9, 9]}, "_timestamp": 1650097717, "_runtime": 42, "epoch": 4, "loss": 0.3858126997947693, "accuracy": 0.8585666418075562, "val_loss": 0.37668588757514954, "val_accuracy": 0.8676000237464905, "_step": 4, "best_val_loss": 0.37668588757514954, "best_epoch": 4, "_wandb": {"runtime": 40}}