{"graph": {"_type": "graph-file", "path": "media/graph/graph_summary_67b4cecd482748c3f0b1.graph.json", "sha256": "67b4cecd482748c3f0b18537d4014c705e23a092d681080ebb6087aad795091a", "size": 723}, "examples": {"_type": "images/separated", "width": 28, "height": 28, "format": "png", "count": 36, "filenames": ["media/images/examples_4_48e9cc1c18de72f440f3.png", "media/images/examples_4_f069ea063a84b6d7b87c.png", "media/images/examples_4_28bfe4bf486f068f282c.png", "media/images/examples_4_80b8a9dc5349ffd29d29.png", "media/images/examples_4_8a30909dc099ddf261f9.png", "media/images/examples_4_b184c54d599fcb5f1dc2.png", "media/images/examples_4_cb979ae3a79f303df5a4.png", "media/images/examples_4_68f4793bcf3f68c6c883.png", "media/images/examples_4_1bd90f6b280a950b0469.png", "media/images/examples_4_abdcb69aa37e6bad0c65.png", "media/images/examples_4_8765a19e472509ee9d97.png", "media/images/examples_4_f0fe2dd0c9191c118a93.png", "media/images/examples_4_de962b3710d35a7f50d1.png", "media/images/examples_4_ebc38007a913176740a7.png", "media/images/examples_4_d90da0a6dd39853b9aa2.png", "media/images/examples_4_5c4d485f079c41b31315.png", "media/images/examples_4_76b0ce3024fe8a566855.png", "media/images/examples_4_5fdd3c41294fe15afa68.png", "media/images/examples_4_1c44800610ad999ea4b7.png", "media/images/examples_4_a18b0ca2d61a2a1a809c.png", "media/images/examples_4_60783376182f2d2eb01e.png", "media/images/examples_4_1efaa2e698c77b762690.png", "media/images/examples_4_fee37a1e9b4debdba886.png", "media/images/examples_4_bb392ee73d7880361936.png", "media/images/examples_4_55d1427ec228e23aa36f.png", "media/images/examples_4_b424e7369d4c0009e582.png", "media/images/examples_4_884a101213358231933d.png", "media/images/examples_4_ca65b732533074fecb1f.png", "media/images/examples_4_692c70996ce94903a08e.png", "media/images/examples_4_e7080607f48e70489435.png", "media/images/examples_4_408dbed577e408e8006a.png", "media/images/examples_4_e63a246decb2b60396aa.png", "media/images/examples_4_8aa0e8e13ac49a7d149e.png", "media/images/examples_4_fafe2366044cfee58498.png", "media/images/examples_4_bebbfa39e8f8ec58863d.png", "media/images/examples_4_7b2f29833e0990033223.png"], "captions": [7, 1, 0, 9, 3, 6, 7, 9, 7, 3, 9, 5, 4, 5, 0, 4, 8, 6, 8, 4, 6, 5, 1, 1, 0, 9, 9, 9, 5, 7, 5, 2, 0, 0, 9, 1]}, "_timestamp": 1650095580, "_runtime": 42, "epoch": 4, "loss": 0.329168438911438, "accuracy": 0.8792499899864197, "val_loss": 0.35779502987861633, "val_accuracy": 0.8701000213623047, "_step": 4, "best_val_loss": 0.35779502987861633, "best_epoch": 4, "_wandb": {"runtime": 40}}