{"graph": {"_type": "graph-file", "path": "media/graph/graph_summary_67b4cecd482748c3f0b1.graph.json", "sha256": "67b4cecd482748c3f0b18537d4014c705e23a092d681080ebb6087aad795091a", "size": 723}, "examples": {"_type": "images/separated", "width": 28, "height": 28, "format": "png", "count": 36, "filenames": ["media/images/examples_4_af93986723ae84281d64.png", "media/images/examples_4_4e389e59c7fc28292bb8.png", "media/images/examples_4_3ec8ebed1b52facae92d.png", "media/images/examples_4_17a221d4f0268d37dbdb.png", "media/images/examples_4_7893f634e6da955f4630.png", "media/images/examples_4_e36b2b7c9c4d1f3a504d.png", "media/images/examples_4_e6d917b903c01d6ce814.png", "media/images/examples_4_422201ad6e968c00c570.png", "media/images/examples_4_1815ba41b17750d499d0.png", "media/images/examples_4_bb543d84adb4d699ea58.png", "media/images/examples_4_8b19fb37ff2259725a6d.png", "media/images/examples_4_1a04443b46d824362e98.png", "media/images/examples_4_d900d2e5992db2d82780.png", "media/images/examples_4_73380337c38c146cf15d.png", "media/images/examples_4_e525b2120e6eb85900fc.png", "media/images/examples_4_a498bac604a7c9da6bb7.png", "media/images/examples_4_98d47d9ac7d7109c6257.png", "media/images/examples_4_b7029aa6c79f1bfc4cfe.png", "media/images/examples_4_c4b18fa8171820e9c045.png", "media/images/examples_4_7862c83975ad0ba5f7f1.png", "media/images/examples_4_59daceba86da3bf8f19a.png", "media/images/examples_4_1e2043b1de7e9b177579.png", "media/images/examples_4_23fc3373418fa0fc129c.png", "media/images/examples_4_85346047bda3aa6ae1ec.png", "media/images/examples_4_64c46c993f32630edd36.png", "media/images/examples_4_74fcc18bcec4fd6985c2.png", "media/images/examples_4_5fc2c1fa4210887a7a3f.png", "media/images/examples_4_5c2bd28b01d780cb664f.png", "media/images/examples_4_f2ef6647d863b80cfb69.png", "media/images/examples_4_e4d0a3dd3702c732ed8d.png", "media/images/examples_4_ac24f39f210f749ea077.png", "media/images/examples_4_c5f86803921a786d338e.png", "media/images/examples_4_462c4c20afa322782388.png", "media/images/examples_4_b94fe419a752781360ea.png", "media/images/examples_4_3a36031a35b74be822e4.png", "media/images/examples_4_83f4fb57e9f60fad4af1.png"], "captions": [2, 2, 7, 7, 8, 9, 6, 4, 5, 4, 1, 9, 6, 4, 4, 3, 6, 4, 3, 3, 2, 8, 1, 5, 9, 9, 9, 5, 3, 2, 4, 6, 3, 2, 2, 4]}, "_timestamp": 1650103523, "_runtime": 54, "epoch": 4, "loss": 0.4008035361766815, "accuracy": 0.855400025844574, "val_loss": 0.3881552815437317, "val_accuracy": 0.8580999970436096, "_step": 4, "best_val_loss": 0.3881552815437317, "best_epoch": 4, "_wandb": {"runtime": 52}}