{"graph": {"_type": "graph-file", "path": "media/graph/graph_summary_9e6f729828d7a87c32cd.graph.json", "sha256": "9e6f729828d7a87c32cd8ce2373fefcc91f7ca2ae4678d60a504ff8f96f0ffa4", "size": 719}, "examples": {"_type": "images/separated", "width": 28, "height": 28, "format": "png", "count": 36, "filenames": ["media/images/examples_4_8e835ab3f03094055d59.png", "media/images/examples_4_5cb242234bdb2b9275d3.png", "media/images/examples_4_959d6127062e79cc1bcc.png", "media/images/examples_4_be58638d9009c348fbbb.png", "media/images/examples_4_0811853b620b5a65e254.png", "media/images/examples_4_4f70b07e2c8ded3fd009.png", "media/images/examples_4_cb9e21163232b74ceac9.png", "media/images/examples_4_d19b404d18ccca2349db.png", "media/images/examples_4_7c734530329320a4a584.png", "media/images/examples_4_d43109499875f31da13c.png", "media/images/examples_4_6673a6ebafc43f5ec8d1.png", "media/images/examples_4_c2862a40c09ea7405a07.png", "media/images/examples_4_f383dd546ae69b860147.png", "media/images/examples_4_dc73aa95523933a02bb8.png", "media/images/examples_4_a2e1a6c41b085871e34e.png", "media/images/examples_4_7732a0f0c301f3e04f64.png", "media/images/examples_4_54c294d6fad2a8a97e61.png", "media/images/examples_4_4eb2174de5382e5e627a.png", "media/images/examples_4_403c6a36bc0523537172.png", "media/images/examples_4_3ed5cc6952f9899a3f2a.png", "media/images/examples_4_b0f6631c87a894e26aca.png", "media/images/examples_4_2619779c319abba31f81.png", "media/images/examples_4_85ccfb050f0a9360d46d.png", "media/images/examples_4_86849e64c5586fe083de.png", "media/images/examples_4_2c96fd503e8cf7f17075.png", "media/images/examples_4_417c51db7a6280ad5278.png", "media/images/examples_4_da3b8ae4f354c52929fc.png", "media/images/examples_4_f2737f07ceb8f76e2f0d.png", "media/images/examples_4_01b9ec802fc156e0e58f.png", "media/images/examples_4_f23f84cb271247ca9a50.png", "media/images/examples_4_9860b0ff4f72ad1ec2bd.png", "media/images/examples_4_8bff44a0f8a02a45524c.png", "media/images/examples_4_c43e246d6da7ee7f9e72.png", "media/images/examples_4_49399cbd1fac48e5e455.png", "media/images/examples_4_43063af4ddb6ddaedc1d.png", "media/images/examples_4_4052f3bd312779bd2af7.png"], "captions": [5, 9, 9, 0, 3, 9, 4, 5, 2, 0, 7, 2, 2, 6, 1, 7, 7, 0, 3, 9, 3, 6, 3, 5, 3, 3, 6, 5, 5, 6, 3, 7, 6, 2, 1, 6]}, "_timestamp": 1650096129, "_runtime": 39, "epoch": 4, "loss": 0.3409503698348999, "accuracy": 0.8747333288192749, "val_loss": 0.35714277625083923, "val_accuracy": 0.871999979019165, "_step": 4, "best_val_loss": 0.35714277625083923, "best_epoch": 4, "_wandb": {"runtime": 38}}