{"graph": {"_type": "graph-file", "path": "media/graph/graph_summary_67b4cecd482748c3f0b1.graph.json", "sha256": "67b4cecd482748c3f0b18537d4014c705e23a092d681080ebb6087aad795091a", "size": 723}, "examples": {"_type": "images/separated", "width": 28, "height": 28, "format": "png", "count": 36, "filenames": ["media/images/examples_4_81fc14c345a90f3b7331.png", "media/images/examples_4_a49c066971dd67aad8cc.png", "media/images/examples_4_48e2a6908661c844e19c.png", "media/images/examples_4_a39246163150a29463de.png", "media/images/examples_4_4cf2d8fa7cc5803b0da1.png", "media/images/examples_4_cd1e5fab46bef6b4f38d.png", "media/images/examples_4_79c4e5ace50413a2e9b1.png", "media/images/examples_4_57ba98bb251ba532c4aa.png", "media/images/examples_4_246bd297b73ba1314554.png", "media/images/examples_4_97b717a8b79ff3cbaff9.png", "media/images/examples_4_cf012199f6434ab82f91.png", "media/images/examples_4_4e836cfd2d16761f7bdf.png", "media/images/examples_4_cd02f4b87daf917680ea.png", "media/images/examples_4_3b6ec281015e868bb9ff.png", "media/images/examples_4_3e4d690b5750f35bbe5f.png", "media/images/examples_4_6b0dfd73c1550755c286.png", "media/images/examples_4_fc8775249840d7f757bb.png", "media/images/examples_4_8eac089846a1999d10af.png", "media/images/examples_4_e92f68d4b521ed3f0915.png", "media/images/examples_4_dda9c87a4f12d84017a6.png", "media/images/examples_4_a1ba212db7b430cb06fb.png", "media/images/examples_4_dd8af36f1dfd4b4987ca.png", "media/images/examples_4_9395d324a6f964ff9023.png", "media/images/examples_4_d1c1fe9469c5c4b3d0c9.png", "media/images/examples_4_47bc36e56ad1fe5c0f0b.png", "media/images/examples_4_8796f17fe74caea55871.png", "media/images/examples_4_79e421a81697581edde3.png", "media/images/examples_4_c5cfabf4b516c89a7e11.png", "media/images/examples_4_2c7a4530e0841633ef2e.png", "media/images/examples_4_d58a241bbf61bd05ec7d.png", "media/images/examples_4_420e5a1b4c0334dbef0e.png", "media/images/examples_4_abc645ca021f677fb684.png", "media/images/examples_4_a6428291425dd38106c1.png", "media/images/examples_4_af488d691059fc8335a9.png", "media/images/examples_4_07c1c3ac19248adf78b3.png", "media/images/examples_4_2375d29505b120cf6b8b.png"], "captions": [8, 9, 0, 8, 0, 4, 9, 9, 5, 0, 3, 1, 5, 3, 7, 0, 3, 8, 8, 1, 2, 5, 7, 4, 1, 2, 5, 1, 7, 7, 5, 5, 4, 5, 6, 7]}, "_timestamp": 1650102120, "_runtime": 51, "epoch": 4, "loss": 0.40519824624061584, "accuracy": 0.852733314037323, "val_loss": 0.3824111819267273, "val_accuracy": 0.8651000261306763, "_step": 4, "best_val_loss": 0.3824111819267273, "best_epoch": 4, "_wandb": {"runtime": 49}}