{"graph": {"_type": "graph-file", "path": "media/graph/graph_summary_dc0611eee5461a018c5f.graph.json", "sha256": "dc0611eee5461a018c5f184c806f752fb52091a6b91ab425966161c2823f1688", "size": 719}, "examples": {"_type": "images/separated", "width": 28, "height": 28, "format": "png", "count": 36, "filenames": ["media/images/examples_4_cd486d87c375b6537534.png", "media/images/examples_4_4ac9f4801bc948d41826.png", "media/images/examples_4_881f48566dc754140a24.png", "media/images/examples_4_cf6295ac643b12d019f5.png", "media/images/examples_4_8947b42337e4243e4f00.png", "media/images/examples_4_fc6a4c73de64bcbdbaad.png", "media/images/examples_4_7957df8995a6ae633c26.png", "media/images/examples_4_c7635201cfca71a60d45.png", "media/images/examples_4_53f6f4ce823035751931.png", "media/images/examples_4_c7cb691031945ca82656.png", "media/images/examples_4_5ba9f094ceb41eecc142.png", "media/images/examples_4_20cabfa5ebb150bc525b.png", "media/images/examples_4_e3368a10b8b42556ca50.png", "media/images/examples_4_e6b2838ca3a6e1ccbad8.png", "media/images/examples_4_17c1396c7bf384ca311c.png", "media/images/examples_4_9520ba763dc3c6c7b24d.png", "media/images/examples_4_4ecd5ff49251651a4191.png", "media/images/examples_4_3d7077f05b95f66c05f9.png", "media/images/examples_4_170ac10ccd486ef753ad.png", "media/images/examples_4_2d3dbffd9f1df9f397a5.png", "media/images/examples_4_577b5551d0d882253bbb.png", "media/images/examples_4_dd3e2e0983302c73132b.png", "media/images/examples_4_c937e4fabcd6b43821f1.png", "media/images/examples_4_0bd0a72bc91eeb4ffe0d.png", "media/images/examples_4_fb7dc97197999c675746.png", "media/images/examples_4_4c69ff0aaf4485b72b88.png", "media/images/examples_4_41a6c573690b41aba5a0.png", "media/images/examples_4_c4cf9b5113137b93c4f1.png", "media/images/examples_4_5ca40219636220776e7d.png", "media/images/examples_4_9ba763808724cac8a6a5.png", "media/images/examples_4_9d863df3a44ad799c251.png", "media/images/examples_4_7049b4b44ba3f46d4480.png", "media/images/examples_4_863cbf1689086cecc052.png", "media/images/examples_4_a070c1318a681abb47f2.png", "media/images/examples_4_221c40d12d0c4a6b206c.png", "media/images/examples_4_086960d691f3baa69464.png"], "captions": [0, 0, 8, 2, 6, 6, 0, 5, 7, 1, 3, 0, 8, 9, 0, 4, 8, 8, 7, 6, 0, 2, 0, 3, 0, 5, 4, 0, 3, 4, 7, 3, 9, 3, 6, 1]}, "_timestamp": 1650099791, "_runtime": 40, "epoch": 4, "loss": 0.40910160541534424, "accuracy": 0.8510000109672546, "val_loss": 0.3861660659313202, "val_accuracy": 0.8596000075340271, "_step": 4, "best_val_loss": 0.3861660659313202, "best_epoch": 4, "_wandb": {"runtime": 39}}