{"graph": {"_type": "graph-file", "path": "media/graph/graph_summary_dc0611eee5461a018c5f.graph.json", "sha256": "dc0611eee5461a018c5f184c806f752fb52091a6b91ab425966161c2823f1688", "size": 719}, "examples": {"_type": "images/separated", "width": 28, "height": 28, "format": "png", "count": 36, "filenames": ["media/images/examples_4_04057a79225c8a1e826b.png", "media/images/examples_4_8bf428c8691115a9061a.png", "media/images/examples_4_bd59901f204c10857619.png", "media/images/examples_4_046700ed9afe10cf3469.png", "media/images/examples_4_69ee6c4b23fd4453a32b.png", "media/images/examples_4_bca800063a77703bafea.png", "media/images/examples_4_e065337f867cc14ceb8c.png", "media/images/examples_4_c0e2a5c9822c61f89c11.png", "media/images/examples_4_3f0767902d5570916e0f.png", "media/images/examples_4_3af46144533cd8328b4d.png", "media/images/examples_4_4e713ddea32b08e709af.png", "media/images/examples_4_b2d079cbe099cf277cd3.png", "media/images/examples_4_326db58f5dd928ba458c.png", "media/images/examples_4_ddcc6e5880434836bcec.png", "media/images/examples_4_3cfda82a344be0b6d570.png", "media/images/examples_4_c74d5d9d68a5e51c233b.png", "media/images/examples_4_5fbc2f277cf07e26429d.png", "media/images/examples_4_6979b33015dd8a32eb6f.png", "media/images/examples_4_897f35214414e5dbac51.png", "media/images/examples_4_085a3f6a5a6bd1e8a445.png", "media/images/examples_4_32cec18a9467de2cd95d.png", "media/images/examples_4_34dc36fa454172317edd.png", "media/images/examples_4_0f4f94149d63be8e4a5e.png", "media/images/examples_4_46715070d07659264157.png", "media/images/examples_4_5a15c1ffbfb7cdeedaf4.png", "media/images/examples_4_b3cff35aab73e6be1f08.png", "media/images/examples_4_263e623126b85116be37.png", "media/images/examples_4_001738accee728493d32.png", "media/images/examples_4_fb7592fac2de25b1efc8.png", "media/images/examples_4_fd0795ce570070e63cf0.png", "media/images/examples_4_51e29f9aee6058171783.png", "media/images/examples_4_6450d8743b0028b77fda.png", "media/images/examples_4_64b89fc8f323955f297a.png", "media/images/examples_4_3ed5cc6952f9899a3f2a.png", "media/images/examples_4_542fa468807b8841b2bc.png", "media/images/examples_4_15192241e280ea475532.png"], "captions": [6, 7, 1, 1, 0, 4, 5, 2, 1, 0, 2, 7, 4, 5, 6, 4, 5, 4, 1, 0, 4, 9, 5, 8, 6, 7, 5, 5, 1, 8, 9, 9, 4, 9, 6, 3]}, "_timestamp": 1650095936, "_runtime": 40, "epoch": 4, "loss": 0.3568889796733856, "accuracy": 0.8713666796684265, "val_loss": 0.36482033133506775, "val_accuracy": 0.8676000237464905, "_step": 4, "best_val_loss": 0.36482033133506775, "best_epoch": 4, "_wandb": {"runtime": 39}}