{"graph": {"_type": "graph-file", "path": "media/graph/graph_summary_67b4cecd482748c3f0b1.graph.json", "sha256": "67b4cecd482748c3f0b18537d4014c705e23a092d681080ebb6087aad795091a", "size": 723}, "examples": {"_type": "images/separated", "width": 28, "height": 28, "format": "png", "count": 36, "filenames": ["media/images/examples_4_8f1ec7c6a03e317aea28.png", "media/images/examples_4_4bfbe0c17d8be4fb7e7a.png", "media/images/examples_4_3de93c49e824cc73f62e.png", "media/images/examples_4_829a3ebc3a40b5d77896.png", "media/images/examples_4_4ff1a3fad015ba13a3cf.png", "media/images/examples_4_170ac10ccd486ef753ad.png", "media/images/examples_4_3d41acde17199dc7b0e6.png", "media/images/examples_4_99529934faf9baaa4fba.png", "media/images/examples_4_7a4dfa28264cabe3d58e.png", "media/images/examples_4_69d0a00717a706152f95.png", "media/images/examples_4_e2eccb3b08db63764f18.png", "media/images/examples_4_54e4b254664453b3a1a1.png", "media/images/examples_4_9e314cd51cbfe17183d5.png", "media/images/examples_4_c7217f30771c372b0cc2.png", "media/images/examples_4_35d474fcd491b15cd418.png", "media/images/examples_4_fdd8ee53300a8a26d28f.png", "media/images/examples_4_148138761418fccbab3b.png", "media/images/examples_4_6e79d8c96bc05f669fd1.png", "media/images/examples_4_7efa88429de22b9b4356.png", "media/images/examples_4_debefbd0a835b2f565d3.png", "media/images/examples_4_3ec7c86519e256f61ae3.png", "media/images/examples_4_7103661e0d9bb1e67bfa.png", "media/images/examples_4_8bfb0e283b547f06251d.png", "media/images/examples_4_0c4b9418f73f88a4fe37.png", "media/images/examples_4_8ff422347f6921a5cd9b.png", "media/images/examples_4_02bb582b3a31ef2015f3.png", "media/images/examples_4_986c0027cfc90a463ee9.png", "media/images/examples_4_5e9c6d1884c726d8b6a9.png", "media/images/examples_4_ec228b2db28acfc0a6fc.png", "media/images/examples_4_234ffa34b12ba9d2169e.png", "media/images/examples_4_69bb4fc9182c3765b9fb.png", "media/images/examples_4_a2064f484d9d54b3879e.png", "media/images/examples_4_5769e7dc20469f6d0114.png", "media/images/examples_4_f54205339b58d9036f41.png", "media/images/examples_4_21c5891b18650839de81.png", "media/images/examples_4_3c155ed0b71fea40d589.png"], "captions": [9, 5, 7, 0, 9, 7, 9, 1, 6, 9, 8, 1, 2, 2, 3, 9, 1, 3, 8, 6, 8, 7, 3, 7, 4, 2, 4, 6, 2, 2, 9, 4, 7, 1, 2, 9]}, "_timestamp": 1650095531, "_runtime": 40, "epoch": 4, "loss": 0.3257255256175995, "accuracy": 0.8793166875839233, "val_loss": 0.35494381189346313, "val_accuracy": 0.871999979019165, "_step": 4, "best_val_loss": 0.35494381189346313, "best_epoch": 4, "_wandb": {"runtime": 38}}