{"graph": {"_type": "graph-file", "path": "media/graph/graph_summary_dc0611eee5461a018c5f.graph.json", "sha256": "dc0611eee5461a018c5f184c806f752fb52091a6b91ab425966161c2823f1688", "size": 719}, "examples": {"_type": "images/separated", "width": 28, "height": 28, "format": "png", "count": 36, "filenames": ["media/images/examples_4_ead5b90269c610d2ef49.png", "media/images/examples_4_46c5499c1ac4ad82a9e6.png", "media/images/examples_4_25c8ead7272ffdb4e076.png", "media/images/examples_4_37266c95590c45624964.png", "media/images/examples_4_619492606c0c7eb526e0.png", "media/images/examples_4_31e3555ee467ecc0e0e3.png", "media/images/examples_4_5682c463d7d0130d7130.png", "media/images/examples_4_b74022625a01510a837d.png", "media/images/examples_4_3e7439239a4754c761fb.png", "media/images/examples_4_7f3cc054c391a1120f21.png", "media/images/examples_4_c36a67daa01257085a41.png", "media/images/examples_4_578e7131dfb253776e88.png", "media/images/examples_4_8d03230ebab3e5244334.png", "media/images/examples_4_32ee5e2d72dec403f907.png", "media/images/examples_4_679ab92bb04475e72df9.png", "media/images/examples_4_5b0e2d5bbab246557a06.png", "media/images/examples_4_e7eda06edfa3aab4b133.png", "media/images/examples_4_7794a31c22064b4e476f.png", "media/images/examples_4_c38aaacbc5bac9a619de.png", "media/images/examples_4_50df0fd8d5ac309ff08e.png", "media/images/examples_4_5a5e2d21a8900d28ae7e.png", "media/images/examples_4_097879b790c3cfe692a5.png", "media/images/examples_4_11a5d7dd3184a90e87ea.png", "media/images/examples_4_9cc90c9a0621f004d4a3.png", "media/images/examples_4_53abf5549d9766412833.png", "media/images/examples_4_c9175123441f7122b17e.png", "media/images/examples_4_3334470197c018342d5d.png", "media/images/examples_4_df34861687f508fa36c6.png", "media/images/examples_4_e4a036ec9dd8f0fc8677.png", "media/images/examples_4_a979c4e3150f8e852bbc.png", "media/images/examples_4_795acafb855c0420362f.png", "media/images/examples_4_543df8a123c0b1edc283.png", "media/images/examples_4_ab2a496ad57a2e39939f.png", "media/images/examples_4_209dbe9b685f45d425c0.png", "media/images/examples_4_7526c697d1f30e93c37b.png", "media/images/examples_4_0f647fdc893b4bedb1a4.png"], "captions": [1, 3, 8, 9, 5, 1, 1, 1, 0, 0, 5, 2, 8, 6, 2, 5, 3, 6, 3, 7, 2, 4, 1, 2, 1, 4, 1, 1, 1, 6, 9, 7, 4, 0, 9, 0]}, "_timestamp": 1650097560, "_runtime": 42, "epoch": 4, "loss": 0.38825735449790955, "accuracy": 0.8586166501045227, "val_loss": 0.39011287689208984, "val_accuracy": 0.8597000241279602, "_step": 4, "best_val_loss": 0.38924098014831543, "best_epoch": 3, "_wandb": {"runtime": 40}}