{"graph": {"_type": "graph-file", "path": "media/graph/graph_summary_9e6f729828d7a87c32cd.graph.json", "sha256": "9e6f729828d7a87c32cd8ce2373fefcc91f7ca2ae4678d60a504ff8f96f0ffa4", "size": 719}, "examples": {"_type": "images/separated", "width": 28, "height": 28, "format": "png", "count": 36, "filenames": ["media/images/examples_4_8d2c029cd87c4bff8b9d.png", "media/images/examples_4_cad73809c09a55478e6a.png", "media/images/examples_4_cfec5c8e1b1c792cc653.png", "media/images/examples_4_7ba0894b7fa70df5b368.png", "media/images/examples_4_aec89177d4069a87c5d2.png", "media/images/examples_4_283de9e175bcdaf7114b.png", "media/images/examples_4_f47b122525febce0a48a.png", "media/images/examples_4_08c6fb30f650f57332c7.png", "media/images/examples_4_32eee54cdb80b57cad7d.png", "media/images/examples_4_914fe95663d682ce155d.png", "media/images/examples_4_7dd086677f4565d65b23.png", "media/images/examples_4_b72498c87dd51fc10e7f.png", "media/images/examples_4_b9174ae12e13e9d06b3b.png", "media/images/examples_4_3ad8ac4b87257ce0eb8e.png", "media/images/examples_4_9a45d939fc9ffc2817a1.png", "media/images/examples_4_997f3680c60c3b7c291e.png", "media/images/examples_4_1e856f9f95cae6932e98.png", "media/images/examples_4_faf04dee6feb4ae138a7.png", "media/images/examples_4_30e5426d032c03ec07ac.png", "media/images/examples_4_f5bf85162bf6bee0cbc6.png", "media/images/examples_4_d636db19e085dc04ec63.png", "media/images/examples_4_a72ec4fd443aa37530b5.png", "media/images/examples_4_a196afb3dded9d14db01.png", "media/images/examples_4_721a5515ea3a99e022a6.png", "media/images/examples_4_9a55f94962c9cec45e46.png", "media/images/examples_4_036e1e87d8dc6f65272d.png", "media/images/examples_4_988e290c9863464c9b37.png", "media/images/examples_4_d4161097c0732fcd70ae.png", "media/images/examples_4_817f524d3c48daced47e.png", "media/images/examples_4_f0b37a526d053cd17b65.png", "media/images/examples_4_bf56efc4e6d025500cc8.png", "media/images/examples_4_6413d14d59363ca82278.png", "media/images/examples_4_cea5483307d6dd1345cc.png", "media/images/examples_4_3d29a1e71ec3b6e7f4ab.png", "media/images/examples_4_546a3871c28e214a23f8.png", "media/images/examples_4_48cfe64cb0c8462e573e.png"], "captions": [8, 5, 8, 0, 4, 6, 7, 8, 1, 1, 0, 4, 9, 3, 9, 9, 2, 2, 9, 4, 6, 8, 4, 4, 9, 7, 0, 5, 9, 4, 8, 4, 9, 5, 3, 9]}, "_timestamp": 1650100117, "_runtime": 41, "epoch": 4, "loss": 0.38971737027168274, "accuracy": 0.8569499850273132, "val_loss": 0.37944331765174866, "val_accuracy": 0.8650000095367432, "_step": 4, "best_val_loss": 0.37944331765174866, "best_epoch": 4, "_wandb": {"runtime": 39}}