{"graph": {"_type": "graph-file", "path": "media/graph/graph_summary_dc0611eee5461a018c5f.graph.json", "sha256": "dc0611eee5461a018c5f184c806f752fb52091a6b91ab425966161c2823f1688", "size": 719}, "examples": {"_type": "images/separated", "width": 28, "height": 28, "format": "png", "count": 36, "filenames": ["media/images/examples_4_cead89464f17b06fd947.png", "media/images/examples_4_a3b9203c65c129eefc67.png", "media/images/examples_4_208a6d7e085d3aa324f6.png", "media/images/examples_4_e14fa264775999841219.png", "media/images/examples_4_294ef23697fe53c6ce18.png", "media/images/examples_4_dd21a38be6c6c466c19b.png", "media/images/examples_4_502a46cacc08fdabc858.png", "media/images/examples_4_f754f078476613a268ca.png", "media/images/examples_4_069e743cd08cfc3a382d.png", "media/images/examples_4_af488d691059fc8335a9.png", "media/images/examples_4_b6258821fbcf446505df.png", "media/images/examples_4_63049ae8c437c783ef24.png", "media/images/examples_4_a1f98d1e44d9a1eb1278.png", "media/images/examples_4_8aa34f532e33132805bc.png", "media/images/examples_4_3e8369adaa0304fae0b7.png", "media/images/examples_4_c352fae96bc09a54cfa1.png", "media/images/examples_4_5a886bf20f73180e5c8e.png", "media/images/examples_4_589bb6a05319bd5ce579.png", "media/images/examples_4_37815e10ccbaa822f626.png", "media/images/examples_4_a2064f484d9d54b3879e.png", "media/images/examples_4_2a93695c62555c3c0e68.png", "media/images/examples_4_61148ca8fd9ea34235a8.png", "media/images/examples_4_88d6638d2492ee8f9cdc.png", "media/images/examples_4_237377eff0f7084a6830.png", "media/images/examples_4_4879222e5fc95f66c799.png", "media/images/examples_4_f44b5f933e0121eb0c8e.png", "media/images/examples_4_cf46cffc2e94518f0e63.png", "media/images/examples_4_235e48ce95caae281314.png", "media/images/examples_4_b152fb02170e11f5a03a.png", "media/images/examples_4_c691d8c11e3e4a5499bf.png", "media/images/examples_4_040aa36795979bfae985.png", "media/images/examples_4_e2c2c5dbfd10f62a64e5.png", "media/images/examples_4_0a44b216849694df1d5e.png", "media/images/examples_4_e4f3838202a522dfaccc.png", "media/images/examples_4_172269629a96f281581c.png", "media/images/examples_4_b197227cd390185dad6b.png"], "captions": [1, 7, 7, 7, 3, 0, 1, 2, 0, 5, 2, 2, 5, 8, 2, 9, 1, 0, 4, 4, 0, 3, 6, 1, 4, 6, 0, 6, 4, 4, 8, 5, 8, 2, 1, 0]}, "_timestamp": 1650101554, "_runtime": 46, "epoch": 4, "loss": 0.4699685871601105, "accuracy": 0.8294500112533569, "val_loss": 0.4164070785045624, "val_accuracy": 0.8468000292778015, "_step": 4, "best_val_loss": 0.40739840269088745, "best_epoch": 3, "_wandb": {"runtime": 44}}