{"graph": {"_type": "graph-file", "path": "media/graph/graph_summary_67b4cecd482748c3f0b1.graph.json", "sha256": "67b4cecd482748c3f0b18537d4014c705e23a092d681080ebb6087aad795091a", "size": 723}, "examples": {"_type": "images/separated", "width": 28, "height": 28, "format": "png", "count": 36, "filenames": ["media/images/examples_4_1f901e03e20869c087fc.png", "media/images/examples_4_1a7ba8bf45209674adeb.png", "media/images/examples_4_8f2cdb9d681941ffc644.png", "media/images/examples_4_2a6a757320c520817710.png", "media/images/examples_4_69f31b008c1f507f2f11.png", "media/images/examples_4_d56256038dbc9ada9ab1.png", "media/images/examples_4_31ac7b9cc58d52d04f06.png", "media/images/examples_4_9657592b8a72612eab25.png", "media/images/examples_4_64a3764e70d9a4925cd8.png", "media/images/examples_4_344c48030c4dc03a9c4c.png", "media/images/examples_4_276baee47e1ab4ffbd0b.png", "media/images/examples_4_40db476ffef47af08f5b.png", "media/images/examples_4_e3f95089e096ba8a46f0.png", "media/images/examples_4_d27c3422019434a4da25.png", "media/images/examples_4_2f308e92ed67bb905d5d.png", "media/images/examples_4_9500cf67fb5e037e9f26.png", "media/images/examples_4_2a8f5b4daf12efe20814.png", "media/images/examples_4_6ccde324ed93889c0211.png", "media/images/examples_4_1e55a6e8d9c9aecf03cf.png", "media/images/examples_4_f946c702f516eaec84ef.png", "media/images/examples_4_ac551ef8755c0b4780c6.png", "media/images/examples_4_238e76b5ac77fa3f8a34.png", "media/images/examples_4_fe1e8258170b2986b75f.png", "media/images/examples_4_e205ce52a05ac5fe280d.png", "media/images/examples_4_c8d9b1d34d3935c926a1.png", "media/images/examples_4_eca6052b973552071214.png", "media/images/examples_4_8908b13ddb91581f2973.png", "media/images/examples_4_484443e3d045486f6a12.png", "media/images/examples_4_a5b1c67371b84240c871.png", "media/images/examples_4_16998419f88f43998167.png", "media/images/examples_4_3025e5b27d8462f2dfbc.png", "media/images/examples_4_d40293181f1bd8391cad.png", "media/images/examples_4_fcbe8cd9f1da04b34560.png", "media/images/examples_4_f1dc0c0b75ffd8be82ad.png", "media/images/examples_4_9028949872b831603c6a.png", "media/images/examples_4_13d42216ef6a5e6a513f.png"], "captions": [4, 2, 4, 2, 8, 3, 8, 2, 7, 8, 0, 8, 4, 6, 0, 9, 0, 5, 2, 9, 7, 7, 4, 3, 2, 6, 8, 3, 9, 0, 6, 7, 9, 4, 5, 6]}, "_timestamp": 1650099387, "_runtime": 41, "epoch": 4, "loss": 0.36073431372642517, "accuracy": 0.8699166774749756, "val_loss": 0.36407598853111267, "val_accuracy": 0.8683000206947327, "_step": 4, "best_val_loss": 0.36407598853111267, "best_epoch": 4, "_wandb": {"runtime": 39}}