{"graph": {"_type": "graph-file", "path": "media/graph/graph_summary_9e6f729828d7a87c32cd.graph.json", "sha256": "9e6f729828d7a87c32cd8ce2373fefcc91f7ca2ae4678d60a504ff8f96f0ffa4", "size": 719}, "examples": {"_type": "images/separated", "width": 28, "height": 28, "format": "png", "count": 36, "filenames": ["media/images/examples_4_170ac10ccd486ef753ad.png", "media/images/examples_4_bdbf870d20bb3f971206.png", "media/images/examples_4_44c4403cc6d45b161ca6.png", "media/images/examples_4_a2c39ee33881b3afad1c.png", "media/images/examples_4_af488d691059fc8335a9.png", "media/images/examples_4_fafae341bfe8eda623d6.png", "media/images/examples_4_2875330fd29ddc43e64c.png", "media/images/examples_4_12134bf6d7771decc0a2.png", "media/images/examples_4_79e421a81697581edde3.png", "media/images/examples_4_a68edcc205a657734749.png", "media/images/examples_4_42c078aaa1c056749eae.png", "media/images/examples_4_d316abf2603c3e2e8ec4.png", "media/images/examples_4_a9e3925a992d90c6bcd6.png", "media/images/examples_4_24da067fb79656479ee7.png", "media/images/examples_4_4aa6fec9ee953cf46a76.png", "media/images/examples_4_6f9659f94fd7dc9b13e1.png", "media/images/examples_4_b438d6a9fcaed205a591.png", "media/images/examples_4_ca88dd0fa254037e95a6.png", "media/images/examples_4_49e4e39928dad55ae222.png", "media/images/examples_4_5d53450ede08e860e22d.png", "media/images/examples_4_22d7cf30a25ef46e7311.png", "media/images/examples_4_6541aea10d268dbdeca7.png", "media/images/examples_4_95a2d24d93c12898aca5.png", "media/images/examples_4_b080fe4e6ae9afdb64a6.png", "media/images/examples_4_4cf42aefc210026c168d.png", "media/images/examples_4_42019110f59f0fd19d3b.png", "media/images/examples_4_f4670b6e514ac86b4526.png", "media/images/examples_4_06e020127dcf0ffa57b0.png", "media/images/examples_4_bbb95739d70a91881df8.png", "media/images/examples_4_f339e00a561a2c54f709.png", "media/images/examples_4_6b72ffae15fb9a5024d7.png", "media/images/examples_4_5329ff72da5cec3a6974.png", "media/images/examples_4_ccc81d1d1777b153a67a.png", "media/images/examples_4_ede87d1569f6e685cd19.png", "media/images/examples_4_48b2737c7639be6fdc11.png", "media/images/examples_4_fb0805155990e59cd783.png"], "captions": [7, 2, 2, 8, 5, 3, 4, 1, 7, 2, 3, 1, 8, 9, 8, 6, 6, 3, 0, 4, 4, 8, 9, 2, 5, 5, 9, 8, 9, 5, 3, 1, 2, 9, 7, 3]}, "_timestamp": 1650102939, "_runtime": 48, "epoch": 4, "loss": 0.42232003808021545, "accuracy": 0.8486666679382324, "val_loss": 0.3936522603034973, "val_accuracy": 0.8560000061988831, "_step": 4, "best_val_loss": 0.3936522603034973, "best_epoch": 4, "_wandb": {"runtime": 46}}