{"graph": {"_type": "graph-file", "path": "media/graph/graph_summary_67b4cecd482748c3f0b1.graph.json", "sha256": "67b4cecd482748c3f0b18537d4014c705e23a092d681080ebb6087aad795091a", "size": 723}, "examples": {"_type": "images/separated", "width": 28, "height": 28, "format": "png", "count": 36, "filenames": ["media/images/examples_4_60d4affda3b04394c22d.png", "media/images/examples_4_aba5301b911051ef39af.png", "media/images/examples_4_b28cf061413681ed2475.png", "media/images/examples_4_6954d6521d317b49ba0d.png", "media/images/examples_4_585a3c2eacc83091faee.png", "media/images/examples_4_1f901e03e20869c087fc.png", "media/images/examples_4_fff0946f9bd150d1e336.png", "media/images/examples_4_41d8cde215032e58541d.png", "media/images/examples_4_7c3f64d1eda436015b60.png", "media/images/examples_4_99cb78ba4a39f305d82c.png", "media/images/examples_4_5a886bf20f73180e5c8e.png", "media/images/examples_4_9097e3eae6065763a1f0.png", "media/images/examples_4_bc940353d73b542142f9.png", "media/images/examples_4_a19b2096a145f1741499.png", "media/images/examples_4_19aed39bfb9907307056.png", "media/images/examples_4_234ffa34b12ba9d2169e.png", "media/images/examples_4_2400fc83c82898237b6d.png", "media/images/examples_4_3b41315f9f21744c095e.png", "media/images/examples_4_8c4e67b41419a9a278c0.png", "media/images/examples_4_6ed953625f342b77cc19.png", "media/images/examples_4_3d99c2970a6524082082.png", "media/images/examples_4_2d784272123605f9f83a.png", "media/images/examples_4_c98e075698a38a9b22ab.png", "media/images/examples_4_5e4136db76efa45315d9.png", "media/images/examples_4_afc74ab1d775c645d7e4.png", "media/images/examples_4_8da408159ba9937d67d1.png", "media/images/examples_4_ae51139673fca53ce4d8.png", "media/images/examples_4_efb72db08dc4dc31556d.png", "media/images/examples_4_5e8085c38b526ffd78be.png", "media/images/examples_4_4ef7f6f49bca68001630.png", "media/images/examples_4_0918e9018aa03ce728ce.png", "media/images/examples_4_d17e32b33f549e238a87.png", "media/images/examples_4_46a442d60e88c3d0a107.png", "media/images/examples_4_63aa4069e92f1efbba72.png", "media/images/examples_4_4f46fc57c6fb98a19ca1.png", "media/images/examples_4_8096d1f9ba342555dc65.png"], "captions": [4, 2, 9, 1, 3, 4, 3, 9, 8, 1, 1, 0, 7, 2, 6, 2, 8, 9, 1, 2, 3, 4, 7, 7, 4, 6, 4, 3, 3, 8, 3, 4, 9, 1, 9, 7]}, "_timestamp": 1650098172, "_runtime": 46, "epoch": 4, "loss": 0.3484804034233093, "accuracy": 0.8725333213806152, "val_loss": 0.36192023754119873, "val_accuracy": 0.8716999888420105, "_step": 4, "best_val_loss": 0.3557242751121521, "best_epoch": 3, "_wandb": {"runtime": 44}}