{"graph": {"_type": "graph-file", "path": "media/graph/graph_summary_9e6f729828d7a87c32cd.graph.json", "sha256": "9e6f729828d7a87c32cd8ce2373fefcc91f7ca2ae4678d60a504ff8f96f0ffa4", "size": 719}, "examples": {"_type": "images/separated", "width": 28, "height": 28, "format": "png", "count": 36, "filenames": ["media/images/examples_4_a9dbc1a3c58ca8760599.png", "media/images/examples_4_4da2a91113f57a4292bf.png", "media/images/examples_4_7ed36926dda50798073d.png", "media/images/examples_4_4609552cdf3592c8a387.png", "media/images/examples_4_e16f625f09b4b13ef675.png", "media/images/examples_4_c1e20ce05cd42e014c85.png", "media/images/examples_4_8c296b8fedcb23af216b.png", "media/images/examples_4_8d78ba2e8d21f47c658f.png", "media/images/examples_4_776d94d822006c36690f.png", "media/images/examples_4_f2529d78e66e203510c1.png", "media/images/examples_4_061e46de9b7f90b5eb73.png", "media/images/examples_4_93822f8e1b04c6722e50.png", "media/images/examples_4_4ee80c9a1696d0652e2d.png", "media/images/examples_4_6be39f9217b36a2c5739.png", "media/images/examples_4_7c734530329320a4a584.png", "media/images/examples_4_5ee40257304d417da0f3.png", "media/images/examples_4_35e32e0ac60d8b142a85.png", "media/images/examples_4_0134b074a8a59fcca98c.png", "media/images/examples_4_6f4d2d16d9d7a1a98481.png", "media/images/examples_4_adaf3803f372d2ab9021.png", "media/images/examples_4_afa4f6223d164895f741.png", "media/images/examples_4_f052121bf447441e9f08.png", "media/images/examples_4_cf8e3a12f029dab82b4c.png", "media/images/examples_4_f66a8700e56e53f90b54.png", "media/images/examples_4_840936924d3ae3f8814f.png", "media/images/examples_4_da17aab2fa2bc0ab29a4.png", "media/images/examples_4_e7eb56ab94f94738b9b2.png", "media/images/examples_4_60832f3a1470a46f2ed4.png", "media/images/examples_4_1e856f9f95cae6932e98.png", "media/images/examples_4_b1fedfeec0afba429d52.png", "media/images/examples_4_28b8787ee3e42cd6f038.png", "media/images/examples_4_412225d238ee7d92f8db.png", "media/images/examples_4_27e229068b56c91dceb7.png", "media/images/examples_4_bbfd169cc93872a6420d.png", "media/images/examples_4_401c9e27aac22e24beef.png", "media/images/examples_4_f51dd946bcd86a3b662d.png"], "captions": [3, 3, 4, 8, 7, 1, 9, 6, 1, 7, 4, 9, 5, 9, 2, 9, 0, 7, 7, 0, 7, 9, 1, 1, 7, 7, 9, 5, 2, 4, 9, 4, 7, 4, 6, 1]}, "_timestamp": 1650103015, "_runtime": 49, "epoch": 4, "loss": 0.41991448402404785, "accuracy": 0.8494499921798706, "val_loss": 0.39317306876182556, "val_accuracy": 0.85589998960495, "_step": 4, "best_val_loss": 0.39317306876182556, "best_epoch": 4, "_wandb": {"runtime": 47}}