{"graph": {"_type": "graph-file", "path": "media/graph/graph_summary_9e6f729828d7a87c32cd.graph.json", "sha256": "9e6f729828d7a87c32cd8ce2373fefcc91f7ca2ae4678d60a504ff8f96f0ffa4", "size": 719}, "examples": {"_type": "images/separated", "width": 28, "height": 28, "format": "png", "count": 36, "filenames": ["media/images/examples_4_65fa231025fca3e15c2b.png", "media/images/examples_4_b9b65c31d3fae0e36140.png", "media/images/examples_4_1701dc001c1554ba6662.png", "media/images/examples_4_ac9b8de5d7cb5fa7216f.png", "media/images/examples_4_3c3fe226e96ab4e049d6.png", "media/images/examples_4_b34b6c72a258a718aba0.png", "media/images/examples_4_88f1a691f6d201c7a4a9.png", "media/images/examples_4_6fb6b7a296a4a6437c2b.png", "media/images/examples_4_19443baa1b4fc2b21373.png", "media/images/examples_4_076d3949eae4b2cd93ab.png", "media/images/examples_4_e8dd77876ba0a07a7ec5.png", "media/images/examples_4_dda9c87a4f12d84017a6.png", "media/images/examples_4_fe0f67cf419e965dd7cf.png", "media/images/examples_4_2a2f0d3915541da4ab75.png", "media/images/examples_4_bdfc1ac6c7289a539804.png", "media/images/examples_4_de3627a63f8becc351cb.png", "media/images/examples_4_aff34c6926fc636f502b.png", "media/images/examples_4_2dcaf57970537bf37b83.png", "media/images/examples_4_5c1ffed716707c571a57.png", "media/images/examples_4_c64e0a8b7703c53b86d1.png", "media/images/examples_4_93df9b300fb7cf6f71cc.png", "media/images/examples_4_206822a123b8ae886eeb.png", "media/images/examples_4_a056c4bc3be55cdb42f1.png", "media/images/examples_4_bf2835c70c397be7c0fe.png", "media/images/examples_4_e8a2df9066da497cd35c.png", "media/images/examples_4_38398e62e8f4274cdacf.png", "media/images/examples_4_dd3e2e0983302c73132b.png", "media/images/examples_4_70b00f377c275e4473af.png", "media/images/examples_4_f9c9eeafdd5d22cfe29c.png", "media/images/examples_4_e6a82e32af7c427f2546.png", "media/images/examples_4_d6c0a9f5f4b8a85d7d43.png", "media/images/examples_4_11ebde86d506492b8d0a.png", "media/images/examples_4_b538bc6b0948d3650190.png", "media/images/examples_4_dd6d3d4c2de1cb35a63d.png", "media/images/examples_4_a648b71d26f3d8814a8b.png", "media/images/examples_4_b12f30db809bb55a4b2c.png"], "captions": [5, 8, 8, 3, 2, 9, 9, 4, 4, 6, 9, 1, 8, 7, 4, 5, 2, 7, 8, 3, 7, 3, 3, 7, 5, 6, 2, 5, 3, 2, 5, 1, 3, 8, 3, 0]}, "_timestamp": 1650096178, "_runtime": 41, "epoch": 4, "loss": 0.3355361223220825, "accuracy": 0.8769500255584717, "val_loss": 0.3537594974040985, "val_accuracy": 0.8734999895095825, "_step": 4, "best_val_loss": 0.3537594974040985, "best_epoch": 4, "_wandb": {"runtime": 40}}