{"graph": {"_type": "graph-file", "path": "media/graph/graph_summary_9e6f729828d7a87c32cd.graph.json", "sha256": "9e6f729828d7a87c32cd8ce2373fefcc91f7ca2ae4678d60a504ff8f96f0ffa4", "size": 719}, "examples": {"_type": "images/separated", "width": 28, "height": 28, "format": "png", "count": 36, "filenames": ["media/images/examples_4_a402a30946a0cb88b43f.png", "media/images/examples_4_7bfb1d115d22c4c6fa0c.png", "media/images/examples_4_6e09debdac0970697120.png", "media/images/examples_4_51ad06dff7f5a25ad1a1.png", "media/images/examples_4_53d51ad6d832558f46a9.png", "media/images/examples_4_a961c676fc506d5a5691.png", "media/images/examples_4_b57a0b49a9ebf3ebf1fa.png", "media/images/examples_4_2bc549eb411df1f38fc8.png", "media/images/examples_4_f4f814d2a6cb26f56d7a.png", "media/images/examples_4_a99e8fd46854bcb2dacd.png", "media/images/examples_4_8bfb0e283b547f06251d.png", "media/images/examples_4_1e2f0a0b974216a7b962.png", "media/images/examples_4_8c65125335c4240f030d.png", "media/images/examples_4_517a0d8455020ef40a5d.png", "media/images/examples_4_664ec96c61ba8c086830.png", "media/images/examples_4_cda0a9cd659b3dbb4f27.png", "media/images/examples_4_d067a56f3ccf69cbcaad.png", "media/images/examples_4_c40d2e75043e24702148.png", "media/images/examples_4_d51031b6963f13ca0b47.png", "media/images/examples_4_7b0a511bab9bc951c6a6.png", "media/images/examples_4_07141cfce6729e96942c.png", "media/images/examples_4_15456efceaec3f11d112.png", "media/images/examples_4_47c255392bd68f1d7b8a.png", "media/images/examples_4_e343830873840a758aee.png", "media/images/examples_4_c2eed91ec8ffe6d79d11.png", "media/images/examples_4_ed7002c9fb076198253a.png", "media/images/examples_4_a9c962654d85134ea485.png", "media/images/examples_4_62626f9a4e5058eddb99.png", "media/images/examples_4_94f34d74c2dd0eb6a1d4.png", "media/images/examples_4_a0fbacf66bc663602f97.png", "media/images/examples_4_e3804b64b736c53c9145.png", "media/images/examples_4_ee13fff4fe88a1efc539.png", "media/images/examples_4_30c7b7821194e8c840af.png", "media/images/examples_4_c51c88fef9b82b9db62f.png", "media/images/examples_4_721b5e239a0a83d4c88d.png", "media/images/examples_4_6e9f125d3393ac028e20.png"], "captions": [7, 1, 9, 8, 8, 3, 2, 4, 4, 5, 3, 6, 2, 3, 3, 8, 4, 4, 3, 1, 6, 0, 1, 3, 7, 5, 2, 7, 1, 4, 0, 0, 4, 4, 3, 3]}, "_timestamp": 1650097941, "_runtime": 41, "epoch": 4, "loss": 0.35858333110809326, "accuracy": 0.8683666586875916, "val_loss": 0.36281368136405945, "val_accuracy": 0.8690999746322632, "_step": 4, "best_val_loss": 0.36281368136405945, "best_epoch": 4, "_wandb": {"runtime": 40}}