{"graph": {"_type": "graph-file", "path": "media/graph/graph_summary_9e6f729828d7a87c32cd.graph.json", "sha256": "9e6f729828d7a87c32cd8ce2373fefcc91f7ca2ae4678d60a504ff8f96f0ffa4", "size": 719}, "examples": {"_type": "images/separated", "width": 28, "height": 28, "format": "png", "count": 36, "filenames": ["media/images/examples_4_2d98b0a5b96a896989d1.png", "media/images/examples_4_f9f4eb2a8e01b582535e.png", "media/images/examples_4_9d250ef6a3b27acd83d7.png", "media/images/examples_4_274af4aa9523d2351586.png", "media/images/examples_4_ebaf124abe739738a2a4.png", "media/images/examples_4_deee1c4199407a55b615.png", "media/images/examples_4_3976f8f819d300b464aa.png", "media/images/examples_4_c69ea18a17bf885c6aef.png", "media/images/examples_4_e7c7e3d5167e10f301ce.png", "media/images/examples_4_c18f36361e4a3daf1ab6.png", "media/images/examples_4_c2c55a9517abd15d7846.png", "media/images/examples_4_d70ed7390414558df514.png", "media/images/examples_4_425f3e6c6d38867147a4.png", "media/images/examples_4_bb71ab0f61aa1e5f521e.png", "media/images/examples_4_3e4ca0b525365ac1fe2c.png", "media/images/examples_4_b9a8a88a5136d24f86be.png", "media/images/examples_4_fa873249308902a60220.png", "media/images/examples_4_2c0c6cbed717a1c7f335.png", "media/images/examples_4_d611fd3f480fc610cd9b.png", "media/images/examples_4_41e167c0dc20f293ec28.png", "media/images/examples_4_589a41566ffb58836dba.png", "media/images/examples_4_4aafb5afc9938c0f7b39.png", "media/images/examples_4_7b63409be50824b09bd3.png", "media/images/examples_4_7736e9796cbc24cdef49.png", "media/images/examples_4_e7908b4a673def163568.png", "media/images/examples_4_8cef78fd3b0477894ffc.png", "media/images/examples_4_6fa21d1191daaa3f6344.png", "media/images/examples_4_6fb256fb283c28fef276.png", "media/images/examples_4_877ba08074f53babfd13.png", "media/images/examples_4_371ddfcd7b6c1d2c9c0b.png", "media/images/examples_4_36f3f491449cfb737df6.png", "media/images/examples_4_0b0763ab65994bc832e6.png", "media/images/examples_4_f44f4d175f21eedc896c.png", "media/images/examples_4_a589afbae8e38e64c0bf.png", "media/images/examples_4_54c294d6fad2a8a97e61.png", "media/images/examples_4_8ed55e52f65d80a16b83.png"], "captions": [3, 6, 4, 8, 3, 4, 8, 3, 6, 9, 2, 0, 9, 7, 6, 9, 3, 1, 2, 5, 1, 5, 3, 1, 4, 3, 8, 8, 0, 2, 3, 4, 2, 8, 7, 2]}, "_timestamp": 1650097035, "_runtime": 41, "epoch": 4, "loss": 0.35228604078292847, "accuracy": 0.8708000183105469, "val_loss": 0.3652934432029724, "val_accuracy": 0.8672000169754028, "_step": 4, "best_val_loss": 0.3652934432029724, "best_epoch": 4, "_wandb": {"runtime": 39}}