{"graph": {"_type": "graph-file", "path": "media/graph/graph_summary_dc0611eee5461a018c5f.graph.json", "sha256": "dc0611eee5461a018c5f184c806f752fb52091a6b91ab425966161c2823f1688", "size": 719}, "examples": {"_type": "images/separated", "width": 28, "height": 28, "format": "png", "count": 36, "filenames": ["media/images/examples_4_920d463cc90804194cf5.png", "media/images/examples_4_a7574aac7d58a1dc86b5.png", "media/images/examples_4_d8abca46fcecf04bf300.png", "media/images/examples_4_b490325d1dfb6970474a.png", "media/images/examples_4_e39c5c192ac6b0c72e78.png", "media/images/examples_4_3caad4797034f3a2d908.png", "media/images/examples_4_48e2a6908661c844e19c.png", "media/images/examples_4_bb317fc00cc3d00e71fb.png", "media/images/examples_4_193ad73d636e81cd15ac.png", "media/images/examples_4_74377023e0667136d5d6.png", "media/images/examples_4_405354e4f4a774e09ccf.png", "media/images/examples_4_b69a045be6d668d9de74.png", "media/images/examples_4_943a9ccb339379190815.png", "media/images/examples_4_534573c32a983786d4f7.png", "media/images/examples_4_df8d816e72e93fef8930.png", "media/images/examples_4_e477ebdd630eea31c285.png", "media/images/examples_4_2dca1042f956d5d32b99.png", "media/images/examples_4_aa6ff07a4966219be0e5.png", "media/images/examples_4_64b89fc8f323955f297a.png", "media/images/examples_4_906ff1ff07b8fb506aed.png", "media/images/examples_4_ba65245b6ba78b4604ef.png", "media/images/examples_4_5f0a4a1610b83d8d1416.png", "media/images/examples_4_217230737b196145041e.png", "media/images/examples_4_31d6ba0952df95bf282a.png", "media/images/examples_4_e69a5ca49f94440c6fc7.png", "media/images/examples_4_947dd78a78b478ad15e9.png", "media/images/examples_4_eed21d2ca17d6e86203a.png", "media/images/examples_4_3995a890d237ba6c9bf9.png", "media/images/examples_4_64d8524cb055e074fe5c.png", "media/images/examples_4_d045e18ca175f6101506.png", "media/images/examples_4_10e5170a0d2a81afcb04.png", "media/images/examples_4_6fa21d1191daaa3f6344.png", "media/images/examples_4_009b393f0e6e2e713599.png", "media/images/examples_4_a4759a4f64c2d261b3c8.png", "media/images/examples_4_67d4ad8ca9a55308bb40.png", "media/images/examples_4_1bb1241304253b9ee2d7.png"], "captions": [6, 8, 8, 6, 0, 3, 0, 4, 9, 9, 4, 1, 8, 7, 1, 1, 8, 1, 4, 9, 4, 7, 4, 3, 2, 1, 2, 8, 4, 4, 3, 8, 2, 0, 1, 0]}, "_timestamp": 1650098700, "_runtime": 41, "epoch": 4, "loss": 0.3939239978790283, "accuracy": 0.8590166568756104, "val_loss": 0.38781577348709106, "val_accuracy": 0.859499990940094, "_step": 4, "best_val_loss": 0.38781577348709106, "best_epoch": 4, "_wandb": {"runtime": 39}}