{"graph": {"_type": "graph-file", "path": "media/graph/graph_summary_9e6f729828d7a87c32cd.graph.json", "sha256": "9e6f729828d7a87c32cd8ce2373fefcc91f7ca2ae4678d60a504ff8f96f0ffa4", "size": 719}, "examples": {"_type": "images/separated", "width": 28, "height": 28, "format": "png", "count": 36, "filenames": ["media/images/examples_4_73a5a603e6facede0056.png", "media/images/examples_4_e5dd6a764586710dbfdc.png", "media/images/examples_4_08c751ea9c2d9979cf1b.png", "media/images/examples_4_befad337914d06bddd2c.png", "media/images/examples_4_b152fb02170e11f5a03a.png", "media/images/examples_4_a0fd64d3e6f767e3d087.png", "media/images/examples_4_3dcdc425448d0172178c.png", "media/images/examples_4_950947cfdc286c6118e8.png", "media/images/examples_4_7ed36926dda50798073d.png", "media/images/examples_4_71c8699cf2c3372ed19a.png", "media/images/examples_4_4b02c6c37674488ce5ed.png", "media/images/examples_4_4abd9349580006ffe265.png", "media/images/examples_4_f91ad5f36bec2680fe96.png", "media/images/examples_4_9f9f265012158c986810.png", "media/images/examples_4_e545720d8c9ca62d6278.png", "media/images/examples_4_599be9b8ecb41bc77f62.png", "media/images/examples_4_dfa9d0af7509e2ed6071.png", "media/images/examples_4_6b7979246bcb4ac9c152.png", "media/images/examples_4_4517d2356885aec34349.png", "media/images/examples_4_824c1603469de6815e33.png", "media/images/examples_4_9cfae94f7ba914a449e2.png", "media/images/examples_4_5a89bc03b3f92f9fb3d8.png", "media/images/examples_4_87f66fcf73f53389ed47.png", "media/images/examples_4_ce1778e69376470a3908.png", "media/images/examples_4_d2c2dbaea5eababbcb17.png", "media/images/examples_4_de478d3338a411712ae2.png", "media/images/examples_4_e3c12ba2407817ade705.png", "media/images/examples_4_ad835e969902f1e3e391.png", "media/images/examples_4_ab6013ac59bce18f7047.png", "media/images/examples_4_77567ebc3700d9c37790.png", "media/images/examples_4_d3b16c550faae54e54cc.png", "media/images/examples_4_d529ca3130018da516a4.png", "media/images/examples_4_9d4e14add3ddb25884d2.png", "media/images/examples_4_18313b417d20375e91ff.png", "media/images/examples_4_399c257125eec67c71ae.png", "media/images/examples_4_66a644de81a4793aaf4a.png"], "captions": [4, 4, 3, 8, 4, 0, 4, 2, 4, 8, 2, 9, 4, 5, 5, 6, 0, 7, 8, 0, 4, 8, 7, 1, 4, 7, 1, 1, 4, 4, 4, 9, 4, 3, 0, 7]}, "_timestamp": 1650099055, "_runtime": 45, "epoch": 4, "loss": 0.3721318542957306, "accuracy": 0.8654333353042603, "val_loss": 0.3739139437675476, "val_accuracy": 0.8658000230789185, "_step": 4, "best_val_loss": 0.3739139437675476, "best_epoch": 4, "_wandb": {"runtime": 42}}