{"graph": {"_type": "graph-file", "path": "media/graph/graph_summary_dc0611eee5461a018c5f.graph.json", "sha256": "dc0611eee5461a018c5f184c806f752fb52091a6b91ab425966161c2823f1688", "size": 719}, "examples": {"_type": "images/separated", "width": 28, "height": 28, "format": "png", "count": 36, "filenames": ["media/images/examples_4_2ac8f5c9292d78e583fe.png", "media/images/examples_4_ac51a658ab95a8c9b932.png", "media/images/examples_4_8b6e208368f985bc487a.png", "media/images/examples_4_3e0f48f012d4be4be618.png", "media/images/examples_4_bffd9a511fc077587a52.png", "media/images/examples_4_7f26e973946e52798bff.png", "media/images/examples_4_223d9f52464b045efae3.png", "media/images/examples_4_64138f435bb52c8d9051.png", "media/images/examples_4_b640f5e3d071d9a83bff.png", "media/images/examples_4_4a78243e2f08f79782ce.png", "media/images/examples_4_abe8468386ed215c4068.png", "media/images/examples_4_561b1e54390b3eb2df15.png", "media/images/examples_4_cca3a4a30f5358d092d2.png", "media/images/examples_4_86aebbfd1c9cfac5803f.png", "media/images/examples_4_20a1f72a16a7010db6fd.png", "media/images/examples_4_42acad51ee722b7d1246.png", "media/images/examples_4_debf28a85ce20b755a09.png", "media/images/examples_4_cd42104d5dbebac9af20.png", "media/images/examples_4_a841041ee16ed07349c4.png", "media/images/examples_4_bc68dd24e8cf8db167b4.png", "media/images/examples_4_585b8411e15110bd1cf2.png", "media/images/examples_4_bbcb582803cdbf89b68f.png", "media/images/examples_4_56d485a82670cc8494b9.png", "media/images/examples_4_43ae1d3da6100475e28d.png", "media/images/examples_4_da3b8ae4f354c52929fc.png", "media/images/examples_4_05155a41d45f60aa7ca0.png", "media/images/examples_4_ad85c3f7af922a9ef0ce.png", "media/images/examples_4_3ad1845dbe5b51401069.png", "media/images/examples_4_e62f0f596140e36ac780.png", "media/images/examples_4_2699b51f4ded054875fe.png", "media/images/examples_4_ff333e4da786936060c2.png", "media/images/examples_4_64fb3bb1c8d3f6faf7b2.png", "media/images/examples_4_8372a9cf6c30c5e59ab9.png", "media/images/examples_4_8d72e9bf17bd4706c92c.png", "media/images/examples_4_7d5a4743ef71b20b8273.png", "media/images/examples_4_c0e22d723bf34db07b1a.png"], "captions": [5, 1, 9, 0, 8, 7, 6, 9, 6, 1, 3, 0, 8, 5, 5, 7, 2, 1, 8, 1, 6, 3, 9, 1, 6, 6, 1, 2, 2, 3, 7, 7, 4, 6, 2, 0]}, "_timestamp": 1650094086, "_runtime": 40, "epoch": 4, "loss": 0.33315131068229675, "accuracy": 0.8781833052635193, "val_loss": 0.36616361141204834, "val_accuracy": 0.8672999739646912, "_step": 4, "best_val_loss": 0.36616361141204834, "best_epoch": 4, "_wandb": {"runtime": 38}}