{"graph": {"_type": "graph-file", "path": "media/graph/graph_summary_38955709628c5770a91f.graph.json", "sha256": "38955709628c5770a91f772820f0e8e55333cfe7bd318300dd47e93ecd2c4eea", "size": 583}, "examples": {"_type": "images/separated", "width": 28, "height": 28, "format": "png", "count": 36, "filenames": ["media/images/examples_4_bf84039f31645b8aa896.png", "media/images/examples_4_bf6d7c7296e629664dc2.png", "media/images/examples_4_952494e6347cee93a127.png", "media/images/examples_4_eb3e1dc920fda74e2890.png", "media/images/examples_4_1bcf9e2b7995341c2ee4.png", "media/images/examples_4_74ec5f69061a1103ecdf.png", "media/images/examples_4_fbe2def7dc63838b0d85.png", "media/images/examples_4_d9d18ea68d9840e19ec1.png", "media/images/examples_4_b253e49950b43b3b8ed2.png", "media/images/examples_4_86240440fc1e1333ae28.png", "media/images/examples_4_26be851f5b03aa9be146.png", "media/images/examples_4_ac27350e5adf16031cbe.png", "media/images/examples_4_c05a94dfda1d55e09a94.png", "media/images/examples_4_ddc1b20915a9428bf6c5.png", "media/images/examples_4_5bc00674408f23413bd0.png", "media/images/examples_4_3a3392859ff32fcfb6bd.png", "media/images/examples_4_1ce5ff5550c26f4deb58.png", "media/images/examples_4_59d82352594aa340b01c.png", "media/images/examples_4_fa3503edcaec6a70539c.png", "media/images/examples_4_a703a3bb413154f56ee7.png", "media/images/examples_4_42019110f59f0fd19d3b.png", "media/images/examples_4_b744a460cb73168cf5ce.png", "media/images/examples_4_f0c00947654e244f7714.png", "media/images/examples_4_1fe3eab7a8584a1b719f.png", "media/images/examples_4_69ee6c4b23fd4453a32b.png", "media/images/examples_4_dd5fea6211f4f918399c.png", "media/images/examples_4_5741ebadf7f89f4a0e12.png", "media/images/examples_4_21d38c969c01398c0396.png", "media/images/examples_4_b5305c0f8a6c1eab1736.png", "media/images/examples_4_cb381098cc331571d564.png", "media/images/examples_4_f40fe77f8aa0f42e63f3.png", "media/images/examples_4_bca99c5da0abd6c2d14c.png", "media/images/examples_4_654063091240826ccf14.png", "media/images/examples_4_e05cb22c439ceb7be62d.png", "media/images/examples_4_0b1ed77e317528533048.png", "media/images/examples_4_18272e3a3acb19cae127.png"], "captions": [6, 1, 5, 2, 5, 8, 0, 4, 6, 7, 3, 9, 1, 6, 1, 6, 4, 2, 6, 0, 5, 6, 0, 5, 0, 3, 4, 3, 2, 8, 7, 6, 4, 8, 8, 8]}, "_timestamp": 1650092626, "_runtime": 41, "epoch": 4, "loss": 0.347122460603714, "accuracy": 0.8758000135421753, "val_loss": 0.41864144802093506, "val_accuracy": 0.8497999906539917, "_step": 4, "best_val_loss": 0.41864144802093506, "best_epoch": 4, "_wandb": {"runtime": 39}}