{"graph": {"_type": "graph-file", "path": "media/graph/graph_summary_dc0611eee5461a018c5f.graph.json", "sha256": "dc0611eee5461a018c5f184c806f752fb52091a6b91ab425966161c2823f1688", "size": 719}, "examples": {"_type": "images/separated", "width": 28, "height": 28, "format": "png", "count": 36, "filenames": ["media/images/examples_4_b1e0862fa49475a92d00.png", "media/images/examples_4_3ad1845dbe5b51401069.png", "media/images/examples_4_7ba0894b7fa70df5b368.png", "media/images/examples_4_94fc61d80089a7826a1b.png", "media/images/examples_4_abdaf8e8a1e3ccb27823.png", "media/images/examples_4_572fd9d7ae316d81bc2b.png", "media/images/examples_4_438d5e1f4ee7b591d2ba.png", "media/images/examples_4_7fcc00b1f12c9345b23d.png", "media/images/examples_4_a75a7267a359f731644c.png", "media/images/examples_4_5ffbba745cd4c8ee8634.png", "media/images/examples_4_7f6689753dec304001a7.png", "media/images/examples_4_7ca6e85924834448cbf5.png", "media/images/examples_4_5debfc6a8491088b21a4.png", "media/images/examples_4_0fc02823c711119217cc.png", "media/images/examples_4_cead89464f17b06fd947.png", "media/images/examples_4_f9edeaabf3985701c80a.png", "media/images/examples_4_e008d98add640136ec21.png", "media/images/examples_4_52f6244afc86f7944e1b.png", "media/images/examples_4_5c79a633f2384293029e.png", "media/images/examples_4_2775e411b7db517287f2.png", "media/images/examples_4_d6fb957d1e2865890dd9.png", "media/images/examples_4_f0b657525f0f57788de0.png", "media/images/examples_4_11fde004796d747cb24d.png", "media/images/examples_4_2ac8f5c9292d78e583fe.png", "media/images/examples_4_ee72c86586eb4197379f.png", "media/images/examples_4_68090977d77bb547e90e.png", "media/images/examples_4_817dd2ac20a54fee13e9.png", "media/images/examples_4_1338043ce2210c37c664.png", "media/images/examples_4_d119261e1fbe917cd942.png", "media/images/examples_4_14441e8274875e9d0d05.png", "media/images/examples_4_95532929d5c07dc98a09.png", "media/images/examples_4_72029e86691cee870e6c.png", "media/images/examples_4_fb3f5380ec15df03953c.png", "media/images/examples_4_71cbcb8afbdbc9fcb328.png", "media/images/examples_4_dd3ba8d7914b3746ae6a.png", "media/images/examples_4_5d519ea4825bbad62505.png"], "captions": [6, 2, 0, 0, 0, 1, 5, 8, 3, 2, 0, 9, 4, 2, 0, 6, 1, 5, 2, 5, 2, 0, 6, 5, 7, 9, 9, 4, 9, 1, 7, 0, 6, 6, 0, 6]}, "_timestamp": 1650095836, "_runtime": 40, "epoch": 4, "loss": 0.3544318974018097, "accuracy": 0.8692833185195923, "val_loss": 0.36461177468299866, "val_accuracy": 0.866599977016449, "_step": 4, "best_val_loss": 0.36461177468299866, "best_epoch": 4, "_wandb": {"runtime": 38}}