{"graph": {"_type": "graph-file", "path": "media/graph/graph_summary_67b4cecd482748c3f0b1.graph.json", "sha256": "67b4cecd482748c3f0b18537d4014c705e23a092d681080ebb6087aad795091a", "size": 723}, "examples": {"_type": "images/separated", "width": 28, "height": 28, "format": "png", "count": 36, "filenames": ["media/images/examples_4_0c774afa03918b5a77fa.png", "media/images/examples_4_d76eb7c6606ec9ff604d.png", "media/images/examples_4_b08d1c0dc0c5487b1e59.png", "media/images/examples_4_5e2aa4fd67eae24ed5f6.png", "media/images/examples_4_9783a74502a917553440.png", "media/images/examples_4_685b952a27de6ce17987.png", "media/images/examples_4_eb49aa72ed008bbbb1e3.png", "media/images/examples_4_be3286e22fa2b539dd2a.png", "media/images/examples_4_f26b8ffc88cf1fc1e205.png", "media/images/examples_4_e1b4ca5d6141a325238a.png", "media/images/examples_4_3f979dd067943da61d0b.png", "media/images/examples_4_dc3f39f65e86086d2edf.png", "media/images/examples_4_57ef4a349420f2418965.png", "media/images/examples_4_9309c6f94d11afb20190.png", "media/images/examples_4_863cbf1689086cecc052.png", "media/images/examples_4_b1652eb614d036c14744.png", "media/images/examples_4_7bceac7bd83a2e330720.png", "media/images/examples_4_097000667b2ef9cf428c.png", "media/images/examples_4_12520b48cd87834cc589.png", "media/images/examples_4_0b30eb237f2f715ab747.png", "media/images/examples_4_bd888fb88d2503a99852.png", "media/images/examples_4_894dbd52ea60d7af1152.png", "media/images/examples_4_758d8f1ce54f1bb50331.png", "media/images/examples_4_25d42045e71e4e7444d3.png", "media/images/examples_4_9166c58f207659f75502.png", "media/images/examples_4_0a4accba1e537b2e9e01.png", "media/images/examples_4_4926049a0ea914e4df1e.png", "media/images/examples_4_eac3643b5d1b48e46614.png", "media/images/examples_4_0fa40c04fd648509fba2.png", "media/images/examples_4_4b85fe7d850fbca3c037.png", "media/images/examples_4_997b924973548e8735d3.png", "media/images/examples_4_9eaa5bb3141440f54061.png", "media/images/examples_4_6a48bda9754b8bb822ff.png", "media/images/examples_4_733266743bb51bf2e196.png", "media/images/examples_4_c8a67e613712251f9857.png", "media/images/examples_4_1d357ca201d19daa05a7.png"], "captions": [5, 4, 6, 8, 9, 9, 5, 5, 6, 8, 4, 2, 6, 5, 9, 5, 2, 9, 1, 9, 2, 7, 4, 3, 5, 1, 7, 6, 1, 4, 9, 9, 7, 1, 3, 1]}, "_timestamp": 1650098328, "_runtime": 47, "epoch": 4, "loss": 0.3515351414680481, "accuracy": 0.8714500069618225, "val_loss": 0.3616509437561035, "val_accuracy": 0.8690999746322632, "_step": 4, "best_val_loss": 0.3615432679653168, "best_epoch": 3, "_wandb": {"runtime": 45}}