{"graph": {"_type": "graph-file", "path": "media/graph/graph_summary_67b4cecd482748c3f0b1.graph.json", "sha256": "67b4cecd482748c3f0b18537d4014c705e23a092d681080ebb6087aad795091a", "size": 723}, "examples": {"_type": "images/separated", "width": 28, "height": 28, "format": "png", "count": 36, "filenames": ["media/images/examples_4_a9e3925a992d90c6bcd6.png", "media/images/examples_4_be45765cb007553494c8.png", "media/images/examples_4_ca4149ca913e4b431beb.png", "media/images/examples_4_59ccc0addc8cef0b3e72.png", "media/images/examples_4_4e389e59c7fc28292bb8.png", "media/images/examples_4_5a1b19d26fbda1c9a075.png", "media/images/examples_4_09b7586983611373b2a6.png", "media/images/examples_4_eb002f0cf9308d72213d.png", "media/images/examples_4_4c74640d6335d2c074f5.png", "media/images/examples_4_60783376182f2d2eb01e.png", "media/images/examples_4_8796f17fe74caea55871.png", "media/images/examples_4_0ed2057033a8f6e5e575.png", "media/images/examples_4_350e4e6a1039197af3ef.png", "media/images/examples_4_af810883aa26408820b4.png", "media/images/examples_4_fa9a228c7bfa305deecf.png", "media/images/examples_4_3d873a9f651583a97706.png", "media/images/examples_4_c691d8c11e3e4a5499bf.png", "media/images/examples_4_3a84c5e0e39817c39260.png", "media/images/examples_4_f59509e22eb14f56211c.png", "media/images/examples_4_7d8fb6faf316d3145726.png", "media/images/examples_4_af8e96290dc0f3bbf1f6.png", "media/images/examples_4_00c50baf594c66c2d459.png", "media/images/examples_4_c0e2a5c9822c61f89c11.png", "media/images/examples_4_3ca039a9e9246e8d5272.png", "media/images/examples_4_c8f9001604f36c5171d8.png", "media/images/examples_4_10987920fe162b3139b4.png", "media/images/examples_4_d90da0a6dd39853b9aa2.png", "media/images/examples_4_020bf19922dc98a3c846.png", "media/images/examples_4_2034b2a40149a75c616e.png", "media/images/examples_4_b10d1f485b1fe0bea09f.png", "media/images/examples_4_6ddf3d8f630e71a0901c.png", "media/images/examples_4_0c0101252255de710f9f.png", "media/images/examples_4_103cf0b6397a76c5a2a6.png", "media/images/examples_4_e15c624b8af821568785.png", "media/images/examples_4_4a6469d589172d50655f.png", "media/images/examples_4_b75b2dd790889cac8a47.png"], "captions": [8, 9, 1, 0, 2, 2, 1, 9, 7, 6, 2, 7, 4, 7, 1, 8, 4, 3, 1, 4, 8, 4, 2, 3, 6, 4, 0, 9, 5, 5, 1, 4, 9, 4, 1, 4]}, "_timestamp": 1650102422, "_runtime": 50, "epoch": 4, "loss": 0.408442884683609, "accuracy": 0.8504166603088379, "val_loss": 0.3843972384929657, "val_accuracy": 0.8610000014305115, "_step": 4, "best_val_loss": 0.3786190450191498, "best_epoch": 3, "_wandb": {"runtime": 48}}