{"graph": {"_type": "graph-file", "path": "media/graph/graph_summary_7f8c7fe4485dca644b51.graph.json", "sha256": "7f8c7fe4485dca644b51123679bf394d62401d04d8a58638e94a897097cee762", "size": 586}, "examples": {"_type": "images/separated", "width": 28, "height": 28, "format": "png", "count": 36, "filenames": ["media/images/examples_4_77c3c372cd49c53c066e.png", "media/images/examples_4_cbd4f6b2347c79c78484.png", "media/images/examples_4_7319c25b5dfa0609e943.png", "media/images/examples_4_546c48ebab981ec5a8f7.png", "media/images/examples_4_cc8c83256ac099a086a9.png", "media/images/examples_4_07832948059a1636304a.png", "media/images/examples_4_ccc0003db41a404f7b84.png", "media/images/examples_4_2f0cd721cf06107634ce.png", "media/images/examples_4_4094403fd81ea1658db8.png", "media/images/examples_4_880fa46fe1435be66324.png", "media/images/examples_4_668dc26830fa7d360360.png", "media/images/examples_4_0889ca8c5e59f70d570e.png", "media/images/examples_4_b572460113843ace29b8.png", "media/images/examples_4_a078aa05e76104c12ea1.png", "media/images/examples_4_148138761418fccbab3b.png", "media/images/examples_4_fbeeb5aeb1600ca3a306.png", "media/images/examples_4_5d10c9e6cb7a0d9b3e14.png", "media/images/examples_4_0bf3409d1e1666e3a9f5.png", "media/images/examples_4_45e5c3e31910a74aa1d4.png", "media/images/examples_4_92e27ef0273334052a66.png", "media/images/examples_4_ba45d4794c3ab00beda9.png", "media/images/examples_4_715232f1be6cca986637.png", "media/images/examples_4_abdb7b870749f9b7e455.png", "media/images/examples_4_3cec6f606ce6b66260cf.png", "media/images/examples_4_b2ffd3877208bbcd5bcd.png", "media/images/examples_4_68a8891b97c77f31add7.png", "media/images/examples_4_58862307931180570386.png", "media/images/examples_4_1072a03446b5e0d25b22.png", "media/images/examples_4_f260e6d5eb7a237ddc8b.png", "media/images/examples_4_f318c1484d4686c72def.png", "media/images/examples_4_9bec527d1023cadb71e7.png", "media/images/examples_4_4705d4287fec32ef9256.png", "media/images/examples_4_2501ecca2b536e5d515a.png", "media/images/examples_4_d029ff49505f29a710f5.png", "media/images/examples_4_9c458cd3bc707f95543d.png", "media/images/examples_4_de450f97755401113d48.png"], "captions": [4, 3, 9, 2, 4, 9, 1, 3, 0, 6, 9, 5, 5, 2, 1, 6, 0, 4, 2, 0, 4, 0, 2, 8, 6, 4, 5, 2, 2, 8, 4, 5, 6, 5, 9, 3]}, "_timestamp": 1650092822, "_runtime": 40, "epoch": 4, "loss": 0.28450849652290344, "accuracy": 0.8952166438102722, "val_loss": 0.35743996500968933, "val_accuracy": 0.8694000244140625, "_step": 4, "best_val_loss": 0.34842804074287415, "best_epoch": 3, "_wandb": {"runtime": 38}}