{"graph": {"_type": "graph-file", "path": "media/graph/graph_summary_67b4cecd482748c3f0b1.graph.json", "sha256": "67b4cecd482748c3f0b18537d4014c705e23a092d681080ebb6087aad795091a", "size": 723}, "examples": {"_type": "images/separated", "width": 28, "height": 28, "format": "png", "count": 36, "filenames": ["media/images/examples_4_eac42ef31ec497e89444.png", "media/images/examples_4_f159478be0be581b9e71.png", "media/images/examples_4_5870d823059ceeb9011e.png", "media/images/examples_4_7424832eef81522ecd35.png", "media/images/examples_4_5d43ca6b39c74a91469f.png", "media/images/examples_4_66c710fa7385cebb425f.png", "media/images/examples_4_2eef4f936662b842592f.png", "media/images/examples_4_7179212c20916330d8ee.png", "media/images/examples_4_9073732d78bcb8211f3c.png", "media/images/examples_4_a6350a0ef817725a3187.png", "media/images/examples_4_89c54a56d569404505c6.png", "media/images/examples_4_4a33b170b8be63a7104a.png", "media/images/examples_4_5fbc2f277cf07e26429d.png", "media/images/examples_4_c35fcf01090cea323064.png", "media/images/examples_4_7be4cd317000aa070d72.png", "media/images/examples_4_02198114391e2ba2853a.png", "media/images/examples_4_3318b9fcd1e1f3ccbfcb.png", "media/images/examples_4_b1669091df632ae00328.png", "media/images/examples_4_7fa040515ffd5d3152db.png", "media/images/examples_4_b9174ae12e13e9d06b3b.png", "media/images/examples_4_b0f68f4173ec599f8b28.png", "media/images/examples_4_e6f68c77c686f03e736a.png", "media/images/examples_4_0918e9018aa03ce728ce.png", "media/images/examples_4_f9bcc08d366937c11c3b.png", "media/images/examples_4_b6f6acb41edf39812328.png", "media/images/examples_4_c9e709401e6f69370def.png", "media/images/examples_4_c93e6e34fab024e4160a.png", "media/images/examples_4_c2237b3cfa535dffb32d.png", "media/images/examples_4_5e360b08705179b43bc9.png", "media/images/examples_4_9a5ba3d5fcae9675c94e.png", "media/images/examples_4_69e77917422becba75b9.png", "media/images/examples_4_d76f47f33f4107126aec.png", "media/images/examples_4_40e2d7dd90f49d309cba.png", "media/images/examples_4_21486ca36f3178755cab.png", "media/images/examples_4_b6f81fe7013305162a10.png", "media/images/examples_4_5c4c1f6ec92a7405f393.png"], "captions": [3, 0, 1, 7, 5, 9, 0, 1, 5, 0, 4, 1, 5, 9, 8, 9, 3, 3, 9, 9, 2, 9, 3, 8, 8, 5, 7, 5, 3, 9, 2, 2, 9, 4, 2, 8]}, "_timestamp": 1650096381, "_runtime": 40, "epoch": 4, "loss": 0.33245453238487244, "accuracy": 0.8771166801452637, "val_loss": 0.36742791533470154, "val_accuracy": 0.868399977684021, "_step": 4, "best_val_loss": 0.3604075014591217, "best_epoch": 3, "_wandb": {"runtime": 38}}