{"graph": {"_type": "graph-file", "path": "media/graph/graph_summary_dc0611eee5461a018c5f.graph.json", "sha256": "dc0611eee5461a018c5f184c806f752fb52091a6b91ab425966161c2823f1688", "size": 719}, "examples": {"_type": "images/separated", "width": 28, "height": 28, "format": "png", "count": 36, "filenames": ["media/images/examples_4_b07d0cfaa451e363b1be.png", "media/images/examples_4_efb3e92ca874de0d12b8.png", "media/images/examples_4_e9a4711a518d5a7b9ca5.png", "media/images/examples_4_259040b536321da34c2c.png", "media/images/examples_4_dfff1da0a36ff4883c48.png", "media/images/examples_4_d8baa4eedc6446b6ffc0.png", "media/images/examples_4_471bfb0c84b87b354b7c.png", "media/images/examples_4_9a3e0d2fcbce7ef472c6.png", "media/images/examples_4_665d4213dfa24381d909.png", "media/images/examples_4_01553fd20fa8c338ce4e.png", "media/images/examples_4_2ca661b509381e73c9c9.png", "media/images/examples_4_658b2d0f27d44058c57e.png", "media/images/examples_4_88eb8333dc67107414b6.png", "media/images/examples_4_ab5de622d4ba76000122.png", "media/images/examples_4_3746e8f7220275ba50ba.png", "media/images/examples_4_7efa88429de22b9b4356.png", "media/images/examples_4_4ae6e7225904458654b0.png", "media/images/examples_4_94e10a101a8c0eb3a45d.png", "media/images/examples_4_b37f290fbecfaadc5c20.png", "media/images/examples_4_0f5de93cdd4d0b909677.png", "media/images/examples_4_75a22d25f28c1f32cd16.png", "media/images/examples_4_e5281947e305da5016bc.png", "media/images/examples_4_6d7b410ec986f18918ac.png", "media/images/examples_4_2baa37058f5bad56714d.png", "media/images/examples_4_88146db5da52ffdba82b.png", "media/images/examples_4_c1de642e00ae16a53084.png", "media/images/examples_4_9a7e60d334e0cca3d647.png", "media/images/examples_4_ea9e5d7fe2348ee1d20e.png", "media/images/examples_4_2d64076702eb4e3f146c.png", "media/images/examples_4_fb308eb50dcbad35d33c.png", "media/images/examples_4_b3534857c0b393fdd27a.png", "media/images/examples_4_5c8ff300ce8e716f5503.png", "media/images/examples_4_9551a5dbc0eda252bd41.png", "media/images/examples_4_765e52774f4486d446ff.png", "media/images/examples_4_6c7af994b4dd348ed0c7.png", "media/images/examples_4_dfa402ea8728c5dff457.png"], "captions": [5, 4, 4, 6, 2, 3, 3, 3, 8, 1, 2, 4, 7, 2, 0, 8, 0, 6, 1, 9, 3, 6, 0, 0, 9, 2, 3, 8, 6, 0, 8, 7, 4, 9, 6, 9]}, "_timestamp": 1650099544, "_runtime": 40, "epoch": 4, "loss": 0.41983762383461, "accuracy": 0.8475499749183655, "val_loss": 0.3855395019054413, "val_accuracy": 0.8618999719619751, "_step": 4, "best_val_loss": 0.3840205669403076, "best_epoch": 3, "_wandb": {"runtime": 39}}