{"graph": {"_type": "graph-file", "path": "media/graph/graph_summary_dc0611eee5461a018c5f.graph.json", "sha256": "dc0611eee5461a018c5f184c806f752fb52091a6b91ab425966161c2823f1688", "size": 719}, "examples": {"_type": "images/separated", "width": 28, "height": 28, "format": "png", "count": 36, "filenames": ["media/images/examples_4_8dc62f851911ed710749.png", "media/images/examples_4_ae80fe716bc5b54aff6f.png", "media/images/examples_4_f946cc2f39a19a6d6e70.png", "media/images/examples_4_1ea729dd7554b41ed022.png", "media/images/examples_4_0d514a7ac3234b2417dc.png", "media/images/examples_4_de73ef9908d5438b169c.png", "media/images/examples_4_5a1b19d26fbda1c9a075.png", "media/images/examples_4_0450fb4832a894d6ff2c.png", "media/images/examples_4_044889039c5c5c4e8d69.png", "media/images/examples_4_73288c6893e8d2b8ea78.png", "media/images/examples_4_6d7b410ec986f18918ac.png", "media/images/examples_4_1d357ca201d19daa05a7.png", "media/images/examples_4_b929e8bffec2b5fb526a.png", "media/images/examples_4_824c1603469de6815e33.png", "media/images/examples_4_e881a1dff12d2c5a70f0.png", "media/images/examples_4_100d3cc7afe2130ee0ff.png", "media/images/examples_4_46e1a54d06b37b252af8.png", "media/images/examples_4_95ce592fbbf48be13f25.png", "media/images/examples_4_0797504d16ec7d860623.png", "media/images/examples_4_1ae0ce391a3b65feb929.png", "media/images/examples_4_c5bd445dbb79746fd755.png", "media/images/examples_4_e63cfecdfa6b469ede74.png", "media/images/examples_4_95541bea330e596276f1.png", "media/images/examples_4_9166c58f207659f75502.png", "media/images/examples_4_b69a045be6d668d9de74.png", "media/images/examples_4_49d207a3c89c50aba808.png", "media/images/examples_4_e02fbe1afdf358e0e97a.png", "media/images/examples_4_d316abf2603c3e2e8ec4.png", "media/images/examples_4_d8a0c02ed3a194060252.png", "media/images/examples_4_e3d8bcc48820805bf631.png", "media/images/examples_4_ae7fbbbda3f6afa49df1.png", "media/images/examples_4_c0137d62a5309344cb07.png", "media/images/examples_4_c1aca49b3a93e1f453cf.png", "media/images/examples_4_65df566554c5cd156a90.png", "media/images/examples_4_2e8f4a195407f914fa5a.png", "media/images/examples_4_492dc00c5cab859ad44a.png"], "captions": [6, 9, 1, 8, 8, 1, 2, 1, 4, 8, 0, 1, 0, 0, 4, 1, 1, 2, 4, 6, 3, 0, 7, 5, 1, 4, 8, 1, 5, 8, 3, 0, 0, 4, 3, 8]}, "_timestamp": 1650098544, "_runtime": 43, "epoch": 4, "loss": 0.3951866924762726, "accuracy": 0.8588666915893555, "val_loss": 0.3841499984264374, "val_accuracy": 0.8596000075340271, "_step": 4, "best_val_loss": 0.3841499984264374, "best_epoch": 4, "_wandb": {"runtime": 41}}