{"graph": {"_type": "graph-file", "path": "media/graph/graph_summary_9e6f729828d7a87c32cd.graph.json", "sha256": "9e6f729828d7a87c32cd8ce2373fefcc91f7ca2ae4678d60a504ff8f96f0ffa4", "size": 719}, "examples": {"_type": "images/separated", "width": 28, "height": 28, "format": "png", "count": 36, "filenames": ["media/images/examples_4_3266b701baeb294170e3.png", "media/images/examples_4_b301740ae73c1f0a7a16.png", "media/images/examples_4_e12b1f0cc1a6f265beec.png", "media/images/examples_4_b2c38236458d34961634.png", "media/images/examples_4_1c0ca645d53e2997bdd2.png", "media/images/examples_4_f00cc25dc940801b64e6.png", "media/images/examples_4_8e8c7dc639a38250a586.png", "media/images/examples_4_6fcb8e8fa222ae13e97b.png", "media/images/examples_4_3383de55cc72491ffb06.png", "media/images/examples_4_700ac29c4b1d3708b442.png", "media/images/examples_4_01c8e4991a56c974d4e6.png", "media/images/examples_4_b7129f1248fbe40d0909.png", "media/images/examples_4_62bd0697d89a7a53f30b.png", "media/images/examples_4_d2c3f3a5ca0a56e51431.png", "media/images/examples_4_0bf148e4c33012ee4976.png", "media/images/examples_4_e4a4185593c197af9fab.png", "media/images/examples_4_ccb3defca7c81bc99ddf.png", "media/images/examples_4_2c21e6a10ce755bd0c16.png", "media/images/examples_4_86f5dd3785cce4bcd277.png", "media/images/examples_4_e3ec793db29b5cdccb43.png", "media/images/examples_4_57ef4a349420f2418965.png", "media/images/examples_4_8ac9100ed8e2e7d94bcc.png", "media/images/examples_4_97b1d6b61f51f06a5970.png", "media/images/examples_4_d0f4878c1755cc124c2c.png", "media/images/examples_4_59f186e6f9ff88bbdce3.png", "media/images/examples_4_c7c04185dbdf007daafa.png", "media/images/examples_4_8fb333f05c55cdabc7f3.png", "media/images/examples_4_4089044ed3f43edf4f05.png", "media/images/examples_4_66b6852d0c4d3dd5fdf4.png", "media/images/examples_4_bdfc1ac6c7289a539804.png", "media/images/examples_4_641562e2d8d2bfd194c4.png", "media/images/examples_4_1e8cee73a20d6e30cb64.png", "media/images/examples_4_846f407ce139b749ca83.png", "media/images/examples_4_adcc26a4ab66b5a23476.png", "media/images/examples_4_81d2bbda15748f1ad6b4.png", "media/images/examples_4_cc7482d77c1e33b27b35.png"], "captions": [3, 8, 1, 4, 3, 3, 2, 8, 4, 2, 1, 1, 5, 2, 1, 4, 2, 2, 5, 3, 6, 0, 5, 4, 0, 7, 8, 1, 3, 4, 9, 7, 5, 3, 6, 9]}, "_timestamp": 1650100860, "_runtime": 48, "epoch": 4, "loss": 0.3953966200351715, "accuracy": 0.8570166826248169, "val_loss": 0.38903021812438965, "val_accuracy": 0.8604999780654907, "_step": 4, "best_val_loss": 0.38903021812438965, "best_epoch": 4, "_wandb": {"runtime": 45}}