{"graph": {"_type": "graph-file", "path": "media/graph/graph_summary_dc0611eee5461a018c5f.graph.json", "sha256": "dc0611eee5461a018c5f184c806f752fb52091a6b91ab425966161c2823f1688", "size": 719}, "examples": {"_type": "images/separated", "width": 28, "height": 28, "format": "png", "count": 36, "filenames": ["media/images/examples_4_5bd0a8d0b21e7dcc0572.png", "media/images/examples_4_79dab92baa2ea0e8abd5.png", "media/images/examples_4_7f81aa277972ab4c3754.png", "media/images/examples_4_0bf3409d1e1666e3a9f5.png", "media/images/examples_4_9eaa204dd41fb3ba4628.png", "media/images/examples_4_30d1e2caebdad2d77d4b.png", "media/images/examples_4_4129b7928a5591de2495.png", "media/images/examples_4_da7068a0678213f802b6.png", "media/images/examples_4_5298149dbe80dc57e01f.png", "media/images/examples_4_b092a6a99cc3557234e3.png", "media/images/examples_4_f27d714e0455386e2225.png", "media/images/examples_4_d13537c3c979761aca47.png", "media/images/examples_4_469a81f711f1185cfab4.png", "media/images/examples_4_9cfc22aa5892dc67d019.png", "media/images/examples_4_27e71c3d76c003aad4ae.png", "media/images/examples_4_4aa715a0ecf9d138b5ea.png", "media/images/examples_4_e192f991d182d8e9dff7.png", "media/images/examples_4_3a24d3bb5bfd1bd423e3.png", "media/images/examples_4_be3286e22fa2b539dd2a.png", "media/images/examples_4_b15c3cd45a3394c639e8.png", "media/images/examples_4_96176b675c84b626c2eb.png", "media/images/examples_4_f6cfe611e52332b7533a.png", "media/images/examples_4_33ae638d06aac6333c21.png", "media/images/examples_4_9849530a921ff118473d.png", "media/images/examples_4_e6a29a883ee3cef6df52.png", "media/images/examples_4_5e90cf9f66be91defb4f.png", "media/images/examples_4_7a0265cff8cebfc60883.png", "media/images/examples_4_be1fa468e0df7f542e70.png", "media/images/examples_4_674e474c88f7a963b463.png", "media/images/examples_4_15c05626fa1097ffbf9c.png", "media/images/examples_4_d0c5dcb632b433e33fc4.png", "media/images/examples_4_b0316fcedc6663bf3060.png", "media/images/examples_4_4643e6107e434043ae00.png", "media/images/examples_4_abdb7b870749f9b7e455.png", "media/images/examples_4_08d544875c53aad4f28e.png", "media/images/examples_4_e5dd6a764586710dbfdc.png"], "captions": [0, 3, 8, 4, 4, 0, 7, 3, 4, 5, 4, 0, 7, 6, 5, 2, 2, 8, 5, 2, 1, 3, 1, 6, 4, 5, 0, 0, 6, 4, 2, 1, 3, 2, 0, 4]}, "_timestamp": 1650096576, "_runtime": 41, "epoch": 4, "loss": 0.37105226516723633, "accuracy": 0.8661666512489319, "val_loss": 0.37713155150413513, "val_accuracy": 0.8687999844551086, "_step": 4, "best_val_loss": 0.37713155150413513, "best_epoch": 4, "_wandb": {"runtime": 39}}