{"graph": {"_type": "graph-file", "path": "media/graph/graph_summary_9e6f729828d7a87c32cd.graph.json", "sha256": "9e6f729828d7a87c32cd8ce2373fefcc91f7ca2ae4678d60a504ff8f96f0ffa4", "size": 719}, "examples": {"_type": "images/separated", "width": 28, "height": 28, "format": "png", "count": 36, "filenames": ["media/images/examples_4_30ac2cfb3420e944cf34.png", "media/images/examples_4_708dba039cf08d93d3ea.png", "media/images/examples_4_fef41ca33cc7fb0bf95b.png", "media/images/examples_4_6d45eec5dd41268a6e73.png", "media/images/examples_4_6ac0a120dff887d21815.png", "media/images/examples_4_d3b8eb476e2905ce8e2e.png", "media/images/examples_4_c4ebb8d906c243f06ac9.png", "media/images/examples_4_214c55a06e9e537445a0.png", "media/images/examples_4_1572e142d92792d60c33.png", "media/images/examples_4_63bb2656968d829ecdf9.png", "media/images/examples_4_790b6bfef1f429d02892.png", "media/images/examples_4_17e3d39257bcdf99441a.png", "media/images/examples_4_4ee9d60584d0150559f7.png", "media/images/examples_4_5b8f38e3fd49e11c0eb4.png", "media/images/examples_4_ee14ec56fcd5c8df8182.png", "media/images/examples_4_8b4be9d5f6e8d91ac793.png", "media/images/examples_4_1acaf465dffc23b93bcb.png", "media/images/examples_4_394c5c7ea3be213e2b4e.png", "media/images/examples_4_b169374698236d5dd81c.png", "media/images/examples_4_d9e4fef873175c6ffc81.png", "media/images/examples_4_6f4d2d16d9d7a1a98481.png", "media/images/examples_4_ecba2ed531a42c76c7a5.png", "media/images/examples_4_e4c79a4810565713d2c2.png", "media/images/examples_4_d19ebc7403f133440f23.png", "media/images/examples_4_ead7d434263f81a93812.png", "media/images/examples_4_859ce010d9ba1e0e5620.png", "media/images/examples_4_b94fe419a752781360ea.png", "media/images/examples_4_bb033ea0001fba12f6bc.png", "media/images/examples_4_64deb961e919717480da.png", "media/images/examples_4_86569c2e770930b4042f.png", "media/images/examples_4_8522c5de9eea7e48bf60.png", "media/images/examples_4_55b7e4392c7a138ac15e.png", "media/images/examples_4_06ef74b52fb8c3e1d344.png", "media/images/examples_4_7d8fb6faf316d3145726.png", "media/images/examples_4_039375c467f6a3276cb7.png", "media/images/examples_4_caca367a9e22612729ae.png"], "captions": [4, 6, 0, 5, 7, 1, 3, 1, 7, 3, 5, 0, 2, 6, 7, 7, 5, 5, 5, 3, 7, 8, 8, 8, 3, 0, 2, 0, 5, 8, 2, 1, 2, 4, 2, 8]}, "_timestamp": 1650102060, "_runtime": 49, "epoch": 4, "loss": 0.432231605052948, "accuracy": 0.8429666757583618, "val_loss": 0.38973161578178406, "val_accuracy": 0.8589000105857849, "_step": 4, "best_val_loss": 0.38973161578178406, "best_epoch": 4, "_wandb": {"runtime": 47}}