{"graph": {"_type": "graph-file", "path": "media/graph/graph_summary_67b4cecd482748c3f0b1.graph.json", "sha256": "67b4cecd482748c3f0b18537d4014c705e23a092d681080ebb6087aad795091a", "size": 723}, "examples": {"_type": "images/separated", "width": 28, "height": 28, "format": "png", "count": 36, "filenames": ["media/images/examples_4_804d4c00d05dedb53582.png", "media/images/examples_4_82585c511a44ca899adf.png", "media/images/examples_4_46fbb8465b57264ca50e.png", "media/images/examples_4_943a9ccb339379190815.png", "media/images/examples_4_ec6eb5a9726f3f6671ed.png", "media/images/examples_4_745153b49ad61379bf26.png", "media/images/examples_4_bb91b4869a1084cc5ad1.png", "media/images/examples_4_89a8fe5c93a7f649f2e6.png", "media/images/examples_4_32cb6c0e3fd91db73a5c.png", "media/images/examples_4_297abab0c4683c25725e.png", "media/images/examples_4_a056c4bc3be55cdb42f1.png", "media/images/examples_4_a99fc228f902c6ee0645.png", "media/images/examples_4_9d3db1f48b5293d3ba08.png", "media/images/examples_4_f90bb3d540c5dc014c35.png", "media/images/examples_4_20db1553fbe01df81954.png", "media/images/examples_4_df533d9aaa9828aaaa63.png", "media/images/examples_4_7187e18fa26d63ab7a8e.png", "media/images/examples_4_7c997cdce93da68255d0.png", "media/images/examples_4_a8f4e2efe02018207959.png", "media/images/examples_4_0091c5f60fa1d267349b.png", "media/images/examples_4_817cc17c4d0839026d55.png", "media/images/examples_4_c933acb6884668e7b2ea.png", "media/images/examples_4_b18eeca132df56574b77.png", "media/images/examples_4_96fd3d7333f832305d5f.png", "media/images/examples_4_432a91329ebb593c071e.png", "media/images/examples_4_2aad0405b27d45306e42.png", "media/images/examples_4_aca0a0db70d3f4e6c4f1.png", "media/images/examples_4_c5cf145553ac9fa28ae4.png", "media/images/examples_4_ecb3d6b0034f43591344.png", "media/images/examples_4_7468fed4c2dc514a27e2.png", "media/images/examples_4_e4b085d9d3dfe59b18be.png", "media/images/examples_4_f375518ced22b22b513d.png", "media/images/examples_4_4633817149eb8fe006c6.png", "media/images/examples_4_a6e29a488dc1563d30e0.png", "media/images/examples_4_79f4bde9b2b9290e46a1.png", "media/images/examples_4_276749e85174cefa7242.png"], "captions": [3, 0, 1, 8, 8, 3, 6, 8, 1, 0, 3, 9, 7, 1, 6, 7, 2, 6, 3, 7, 0, 1, 3, 2, 9, 1, 4, 4, 2, 8, 1, 0, 8, 3, 9, 7]}, "_timestamp": 1650096331, "_runtime": 42, "epoch": 4, "loss": 0.32980120182037354, "accuracy": 0.8779666423797607, "val_loss": 0.34453463554382324, "val_accuracy": 0.8763999938964844, "_step": 4, "best_val_loss": 0.34453463554382324, "best_epoch": 4, "_wandb": {"runtime": 40}}