{"graph": {"_type": "graph-file", "path": "media/graph/graph_summary_9e6f729828d7a87c32cd.graph.json", "sha256": "9e6f729828d7a87c32cd8ce2373fefcc91f7ca2ae4678d60a504ff8f96f0ffa4", "size": 719}, "examples": {"_type": "images/separated", "width": 28, "height": 28, "format": "png", "count": 36, "filenames": ["media/images/examples_4_f148afcbcd1e9d663183.png", "media/images/examples_4_68cc4de5bd550b4a3030.png", "media/images/examples_4_2914dc24a81c640f4934.png", "media/images/examples_4_bd59901f204c10857619.png", "media/images/examples_4_15037585634c8038ae77.png", "media/images/examples_4_c45321678f92d625c500.png", "media/images/examples_4_6945db95fa7531c44869.png", "media/images/examples_4_4517d2356885aec34349.png", "media/images/examples_4_c165e0065eba37e5a4b9.png", "media/images/examples_4_c49b29815a376083fde2.png", "media/images/examples_4_aee4b40e37f662411c76.png", "media/images/examples_4_bbb4883a71f62986486c.png", "media/images/examples_4_57ada780a449d380e97f.png", "media/images/examples_4_969841ad1af979c3fc3e.png", "media/images/examples_4_d8feb69ba84497a75526.png", "media/images/examples_4_330ad96baa5135e20913.png", "media/images/examples_4_331d20617a4495cbc27d.png", "media/images/examples_4_e74365e3f0d9ef20c0ce.png", "media/images/examples_4_9d005039778491c53dd4.png", "media/images/examples_4_c40a5d87e99b53232123.png", "media/images/examples_4_8ff422347f6921a5cd9b.png", "media/images/examples_4_a9a7ac2f740b74db4a69.png", "media/images/examples_4_0fcf2fcf16c87b5e5320.png", "media/images/examples_4_0c774afa03918b5a77fa.png", "media/images/examples_4_c9d25d25299022f3fb67.png", "media/images/examples_4_ff53ade22513ffb509cc.png", "media/images/examples_4_fd90f00f7d63399e6efc.png", "media/images/examples_4_a9d832b5eadd1aa14aca.png", "media/images/examples_4_a33ba6b81d63a6e2ce42.png", "media/images/examples_4_3b43d5f4f0d93cb4c172.png", "media/images/examples_4_3283c1ca720e53174c3b.png", "media/images/examples_4_4f0122da67b6b0c394b4.png", "media/images/examples_4_86f20035e121361e0df7.png", "media/images/examples_4_9f5639a344ca51012d88.png", "media/images/examples_4_7dd14b78e1cd501a2d5e.png", "media/images/examples_4_a62a40cd44f7e3ca7055.png"], "captions": [3, 2, 4, 1, 5, 5, 2, 8, 9, 9, 8, 3, 4, 1, 5, 4, 4, 6, 3, 3, 2, 6, 7, 5, 5, 1, 3, 8, 8, 3, 9, 3, 6, 4, 5, 1]}, "_timestamp": 1650096082, "_runtime": 40, "epoch": 4, "loss": 0.33870232105255127, "accuracy": 0.8765333294868469, "val_loss": 0.37174302339553833, "val_accuracy": 0.8629999756813049, "_step": 4, "best_val_loss": 0.3699435889720917, "best_epoch": 2, "_wandb": {"runtime": 39}}