{"graph": {"_type": "graph-file", "path": "media/graph/graph_summary_9e6f729828d7a87c32cd.graph.json", "sha256": "9e6f729828d7a87c32cd8ce2373fefcc91f7ca2ae4678d60a504ff8f96f0ffa4", "size": 719}, "examples": {"_type": "images/separated", "width": 28, "height": 28, "format": "png", "count": 36, "filenames": ["media/images/examples_4_ca1b389ba0ad371529f4.png", "media/images/examples_4_545620302e2e3c586f93.png", "media/images/examples_4_45fee3c904e0d9a7cde0.png", "media/images/examples_4_0661e7fcdc6b24ad12bc.png", "media/images/examples_4_a9e7d3e47598f91a8d78.png", "media/images/examples_4_49f8eb7f4ac681079902.png", "media/images/examples_4_330ad96baa5135e20913.png", "media/images/examples_4_f39312bbf3695a78730e.png", "media/images/examples_4_e6655541bcd4acd92b5a.png", "media/images/examples_4_08520bdc6dfa19748789.png", "media/images/examples_4_f7e464e06b9a206e687d.png", "media/images/examples_4_7c4b053e3ea8f7078fdc.png", "media/images/examples_4_dd1d26c702e59d989e1d.png", "media/images/examples_4_cd06c0a2142c18364073.png", "media/images/examples_4_49b4eb621a690c4ec1e0.png", "media/images/examples_4_c286cc768cf3e7a9003e.png", "media/images/examples_4_ad979699497bff472dd8.png", "media/images/examples_4_65dfa8f26b13a3441906.png", "media/images/examples_4_cf12287de44bcf297308.png", "media/images/examples_4_9b04c825e89417b11266.png", "media/images/examples_4_9fcc8002d231530f3034.png", "media/images/examples_4_fd5fbca796d1ba6afa24.png", "media/images/examples_4_5624e9fc5921db93e586.png", "media/images/examples_4_654063091240826ccf14.png", "media/images/examples_4_eca6052b973552071214.png", "media/images/examples_4_60bf188d0cac08f1bd43.png", "media/images/examples_4_f633e18cf83fc7c1415c.png", "media/images/examples_4_9c5e6c382a518d6e3037.png", "media/images/examples_4_61c88abe3c5173638ab0.png", "media/images/examples_4_df8de77f24115294834a.png", "media/images/examples_4_1381644151a6b9a37f0b.png", "media/images/examples_4_543fb0a88b2f9d23b768.png", "media/images/examples_4_1eb061a793f46604a30c.png", "media/images/examples_4_25310a6ece0286482b27.png", "media/images/examples_4_ee9a72faab130bd7a83b.png", "media/images/examples_4_c4ff79573ad17d763ce7.png"], "captions": [0, 1, 4, 4, 9, 9, 4, 3, 7, 5, 0, 3, 3, 7, 6, 9, 3, 6, 5, 9, 8, 3, 8, 4, 6, 4, 4, 0, 9, 8, 4, 2, 8, 5, 6, 8]}, "_timestamp": 1650099112, "_runtime": 49, "epoch": 4, "loss": 0.37293940782546997, "accuracy": 0.8659999966621399, "val_loss": 0.3762206733226776, "val_accuracy": 0.8632000088691711, "_step": 4, "best_val_loss": 0.3762206733226776, "best_epoch": 4, "_wandb": {"runtime": 47}}