{"graph": {"_type": "graph-file", "path": "media/graph/graph_summary_9e6f729828d7a87c32cd.graph.json", "sha256": "9e6f729828d7a87c32cd8ce2373fefcc91f7ca2ae4678d60a504ff8f96f0ffa4", "size": 719}, "examples": {"_type": "images/separated", "width": 28, "height": 28, "format": "png", "count": 36, "filenames": ["media/images/examples_4_e48a4bfdcf1d64241f3f.png", "media/images/examples_4_33d91c26f39b2e5a1ce9.png", "media/images/examples_4_ea45ea04b53286cc8242.png", "media/images/examples_4_73380337c38c146cf15d.png", "media/images/examples_4_3935788f691861451967.png", "media/images/examples_4_864285cb588a0876be3c.png", "media/images/examples_4_337491e0d04f88b9349b.png", "media/images/examples_4_6c80293e648377182c24.png", "media/images/examples_4_039d4c4bfa610bf8224a.png", "media/images/examples_4_1f3bfa2ca4a9f5a0a8c9.png", "media/images/examples_4_41e167c0dc20f293ec28.png", "media/images/examples_4_b7ef7cdd9b52c9c2dca5.png", "media/images/examples_4_6d572157e54d2d77bc81.png", "media/images/examples_4_47613c5ce3c1e1998eb7.png", "media/images/examples_4_be8db2130bbbde70c824.png", "media/images/examples_4_7e8a98e44b1f9a99e424.png", "media/images/examples_4_65127d75041787c9ad5b.png", "media/images/examples_4_705d9a830860c7d12356.png", "media/images/examples_4_3037eb65faafb7748ade.png", "media/images/examples_4_9105398e32006eda7c6a.png", "media/images/examples_4_6c5e239d9d98bae3128e.png", "media/images/examples_4_4f6acd3845184b83bffd.png", "media/images/examples_4_086960d691f3baa69464.png", "media/images/examples_4_6441c8df2b6816860681.png", "media/images/examples_4_d0f4878c1755cc124c2c.png", "media/images/examples_4_f588bca7c907aa8aa872.png", "media/images/examples_4_323598af31378ca74221.png", "media/images/examples_4_a48536c8dd52966015e2.png", "media/images/examples_4_fec1e47282ac0ebd7955.png", "media/images/examples_4_750cea12618e6a31a76c.png", "media/images/examples_4_e3dbb31ac172b235ca7e.png", "media/images/examples_4_55d1427ec228e23aa36f.png", "media/images/examples_4_892b39fa1bb2aa114fec.png", "media/images/examples_4_b1ed7f3a0398b1b1f434.png", "media/images/examples_4_312383af124c4893db51.png", "media/images/examples_4_42d7bf6874c09b5fa9f5.png"], "captions": [2, 7, 2, 4, 2, 5, 7, 8, 2, 1, 5, 0, 4, 8, 2, 9, 5, 3, 0, 4, 8, 0, 1, 7, 4, 1, 0, 9, 0, 8, 3, 0, 5, 0, 7, 0]}, "_timestamp": 1650100915, "_runtime": 45, "epoch": 4, "loss": 0.3942546844482422, "accuracy": 0.859416663646698, "val_loss": 0.3862459361553192, "val_accuracy": 0.859000027179718, "_step": 4, "best_val_loss": 0.3862459361553192, "best_epoch": 4, "_wandb": {"runtime": 44}}