{"graph": {"_type": "graph-file", "path": "media/graph/graph_summary_dc0611eee5461a018c5f.graph.json", "sha256": "dc0611eee5461a018c5f184c806f752fb52091a6b91ab425966161c2823f1688", "size": 719}, "examples": {"_type": "images/separated", "width": 28, "height": 28, "format": "png", "count": 36, "filenames": ["media/images/examples_4_753279fded165cea7640.png", "media/images/examples_4_aab8cf3999f6b02f0200.png", "media/images/examples_4_2750a0270bcc76158c8c.png", "media/images/examples_4_64be1b8248fac700389b.png", "media/images/examples_4_e177c3afd98d0a3ddfb1.png", "media/images/examples_4_2d33f4f4b6ea7d7021a1.png", "media/images/examples_4_afe5abb83ebd9b3cdc9e.png", "media/images/examples_4_7b85d3f6db53a677e52c.png", "media/images/examples_4_c9dc64cd014c08537b58.png", "media/images/examples_4_4ff1a3fad015ba13a3cf.png", "media/images/examples_4_3a86786cd714d9d92d81.png", "media/images/examples_4_ee23d983e647c2f5805a.png", "media/images/examples_4_73b453307e8dafab66cc.png", "media/images/examples_4_de478d3338a411712ae2.png", "media/images/examples_4_02306a1179cdfb52909d.png", "media/images/examples_4_442db8b807922ddea23a.png", "media/images/examples_4_3ab711702974edac7032.png", "media/images/examples_4_ed92121593a9da0147cf.png", "media/images/examples_4_7ace8eaf7c6faad836a0.png", "media/images/examples_4_20b994e3c8257e0003d5.png", "media/images/examples_4_14441e8274875e9d0d05.png", "media/images/examples_4_af2cb349b41bad3c0139.png", "media/images/examples_4_caca367a9e22612729ae.png", "media/images/examples_4_a5f13bb933fe2778e183.png", "media/images/examples_4_59e0894c0b00801d0b6b.png", "media/images/examples_4_321d6fcaf8bc1cc0e54f.png", "media/images/examples_4_c2821d6b31e79ed474b8.png", "media/images/examples_4_31391b5c899bee141075.png", "media/images/examples_4_ab10dcd66af3be8a9506.png", "media/images/examples_4_d4137425a15f1c5eb739.png", "media/images/examples_4_f25eb9aded900aec1279.png", "media/images/examples_4_88d6638d2492ee8f9cdc.png", "media/images/examples_4_8f16fff640122efe73e9.png", "media/images/examples_4_a311dd0b3d6742d2b615.png", "media/images/examples_4_8b49cb28af4f20f672c3.png", "media/images/examples_4_1622994228b21c4f2c58.png"], "captions": [9, 0, 5, 9, 0, 4, 0, 5, 0, 9, 8, 3, 5, 7, 2, 5, 7, 9, 4, 6, 1, 6, 8, 7, 5, 7, 1, 1, 2, 2, 7, 4, 7, 4, 3, 2]}, "_timestamp": 1650102478, "_runtime": 48, "epoch": 4, "loss": 0.45530733466148376, "accuracy": 0.8379166722297668, "val_loss": 0.410780131816864, "val_accuracy": 0.8513000011444092, "_step": 4, "best_val_loss": 0.410780131816864, "best_epoch": 4, "_wandb": {"runtime": 46}}