{"graph": {"_type": "graph-file", "path": "media/graph/graph_summary_9e6f729828d7a87c32cd.graph.json", "sha256": "9e6f729828d7a87c32cd8ce2373fefcc91f7ca2ae4678d60a504ff8f96f0ffa4", "size": 719}, "examples": {"_type": "images/separated", "width": 28, "height": 28, "format": "png", "count": 36, "filenames": ["media/images/examples_4_5c71ed6d997209424197.png", "media/images/examples_4_4f0bff7a3a00d7a44c0d.png", "media/images/examples_4_f41be8f43e9dd14602e5.png", "media/images/examples_4_45483123fe29821958cb.png", "media/images/examples_4_98a64d48321b4596c67d.png", "media/images/examples_4_c90de35772a04016b90d.png", "media/images/examples_4_dd8f060237eeb97562f2.png", "media/images/examples_4_2542b54ed18139eff732.png", "media/images/examples_4_2e84a154003681e2bd23.png", "media/images/examples_4_39cb55215e5992523d4a.png", "media/images/examples_4_2768de9301dfb1bf6291.png", "media/images/examples_4_9b66812d4eedbee39098.png", "media/images/examples_4_c23602923f4637074e8b.png", "media/images/examples_4_06a5025302e9d6c5a07e.png", "media/images/examples_4_48bb17e3cc82a72ad682.png", "media/images/examples_4_75b2ad6560576c37711a.png", "media/images/examples_4_5fbc0ea253240b2f7a38.png", "media/images/examples_4_4f12182d1eaa3c856553.png", "media/images/examples_4_bcacd9645ad76a0dbca4.png", "media/images/examples_4_5bbc69f085afb10cb612.png", "media/images/examples_4_8e53fca6203cda000268.png", "media/images/examples_4_92f542bd745a94d9598b.png", "media/images/examples_4_4bb0047a80a989844784.png", "media/images/examples_4_79de0525ab7c590a7016.png", "media/images/examples_4_73f317a013b18f0ad8f0.png", "media/images/examples_4_7ccf81b1249eda064bfc.png", "media/images/examples_4_9c9506e25e11547341a6.png", "media/images/examples_4_5ec270fa3cb0d86de9ee.png", "media/images/examples_4_0d4eb01b03fa9c855fdb.png", "media/images/examples_4_316bbb9e4d81b5a0d7a6.png", "media/images/examples_4_65994a523f587d093a88.png", "media/images/examples_4_7c90dde7dc43901c2f8b.png", "media/images/examples_4_b73a5b587ad9c3682268.png", "media/images/examples_4_b741c9eb1a0fdb926456.png", "media/images/examples_4_ae64d1d2d8f796dc1627.png", "media/images/examples_4_882a5fcdb3ad0dc9bf50.png"], "captions": [8, 6, 5, 6, 2, 5, 9, 9, 3, 5, 8, 1, 6, 3, 7, 0, 1, 4, 6, 7, 5, 3, 4, 2, 4, 6, 3, 1, 1, 8, 8, 2, 4, 7, 3, 2]}, "_timestamp": 1650095326, "_runtime": 41, "epoch": 4, "loss": 0.3383219838142395, "accuracy": 0.8777166604995728, "val_loss": 0.3685219883918762, "val_accuracy": 0.8687000274658203, "_step": 4, "best_val_loss": 0.3685219883918762, "best_epoch": 4, "_wandb": {"runtime": 39}}