{"graph": {"_type": "graph-file", "path": "media/graph/graph_summary_67b4cecd482748c3f0b1.graph.json", "sha256": "67b4cecd482748c3f0b18537d4014c705e23a092d681080ebb6087aad795091a", "size": 723}, "examples": {"_type": "images/separated", "width": 28, "height": 28, "format": "png", "count": 36, "filenames": ["media/images/examples_4_c51c88fef9b82b9db62f.png", "media/images/examples_4_08956115eb136361b4e0.png", "media/images/examples_4_8f68c2845160fa85f5e3.png", "media/images/examples_4_07451b22afab7bdb6539.png", "media/images/examples_4_152725556f4694e6644f.png", "media/images/examples_4_0e1b503ad05700fedbea.png", "media/images/examples_4_7c2727ab244aae577647.png", "media/images/examples_4_41a7b34dad748023d5f5.png", "media/images/examples_4_b677f81b2bf321ae159f.png", "media/images/examples_4_428dec235d9a3b3b0a06.png", "media/images/examples_4_25ea5f238977d262c848.png", "media/images/examples_4_166705118c4357cca265.png", "media/images/examples_4_2501ecca2b536e5d515a.png", "media/images/examples_4_8382fd93a261ad6efa12.png", "media/images/examples_4_e7a2a626afd606ab199f.png", "media/images/examples_4_a9b4b14096ef79a5550b.png", "media/images/examples_4_fd2083f966ace4d86153.png", "media/images/examples_4_1009c0c6ba094680b94b.png", "media/images/examples_4_1d357ca201d19daa05a7.png", "media/images/examples_4_9ff29ebbf3a932ad61ac.png", "media/images/examples_4_0fa068030e939f67b87d.png", "media/images/examples_4_63a2277eca66ba886700.png", "media/images/examples_4_b184c54d599fcb5f1dc2.png", "media/images/examples_4_67c71cd5164dd9970c61.png", "media/images/examples_4_b42da7bdbf545aa2444b.png", "media/images/examples_4_e6427610d80347908f53.png", "media/images/examples_4_8b29b11b7e2a9cf7cc76.png", "media/images/examples_4_69ace2deb9317bc0c871.png", "media/images/examples_4_859ce010d9ba1e0e5620.png", "media/images/examples_4_c9adc23a1aedd00dbbc9.png", "media/images/examples_4_f13242f1817fc2a1e554.png", "media/images/examples_4_bb8e91afcc6300febed9.png", "media/images/examples_4_f60da07d26ee59de4f10.png", "media/images/examples_4_e9a4711a518d5a7b9ca5.png", "media/images/examples_4_837cc69f1d6603c25118.png", "media/images/examples_4_776d94d822006c36690f.png"], "captions": [4, 4, 5, 9, 1, 4, 0, 4, 5, 6, 4, 9, 6, 7, 0, 1, 4, 3, 1, 0, 0, 7, 6, 7, 9, 7, 1, 2, 0, 3, 8, 0, 7, 4, 5, 1]}, "_timestamp": 1650099228, "_runtime": 50, "epoch": 4, "loss": 0.35928332805633545, "accuracy": 0.869783341884613, "val_loss": 0.3815819025039673, "val_accuracy": 0.8618000149726868, "_step": 4, "best_val_loss": 0.3815819025039673, "best_epoch": 4, "_wandb": {"runtime": 47}}