{"graph": {"_type": "graph-file", "path": "media/graph/graph_summary_dc0611eee5461a018c5f.graph.json", "sha256": "dc0611eee5461a018c5f184c806f752fb52091a6b91ab425966161c2823f1688", "size": 719}, "examples": {"_type": "images/separated", "width": 28, "height": 28, "format": "png", "count": 36, "filenames": ["media/images/examples_4_38cdf98945690a0d2e69.png", "media/images/examples_4_3b5ba486029840755531.png", "media/images/examples_4_46285f16ea9da506c20b.png", "media/images/examples_4_94f8262f78b6a23136cb.png", "media/images/examples_4_ff008c0a6f3667e9e3e1.png", "media/images/examples_4_8eb9c32e8d3ce5d107ad.png", "media/images/examples_4_79fef6d23fa1a9272dc8.png", "media/images/examples_4_692c70996ce94903a08e.png", "media/images/examples_4_94f2676d1ecdf3a0650d.png", "media/images/examples_4_fb790bea9c8b5b9c4f34.png", "media/images/examples_4_cae54cdf3ff3fc107aec.png", "media/images/examples_4_b3d2a1001a3ffc1cbe98.png", "media/images/examples_4_4381f42f97bd6cabce42.png", "media/images/examples_4_1985049e519767471dd7.png", "media/images/examples_4_5d640d360e45f85688a2.png", "media/images/examples_4_cb5f0e47ebb6f0a0b2d7.png", "media/images/examples_4_d0d2bb5a37bcdcc84770.png", "media/images/examples_4_7bfb1d115d22c4c6fa0c.png", "media/images/examples_4_a9047feee09da5990a93.png", "media/images/examples_4_e63fb1540280685f051d.png", "media/images/examples_4_21dce9ad6328cb80fbfc.png", "media/images/examples_4_e731e98abb762136cc64.png", "media/images/examples_4_2b992b6b56a0a1af5f94.png", "media/images/examples_4_43063af4ddb6ddaedc1d.png", "media/images/examples_4_b538bc6b0948d3650190.png", "media/images/examples_4_0d514a7ac3234b2417dc.png", "media/images/examples_4_53b810e3040642458a4a.png", "media/images/examples_4_5a0c48bae88b6af97ac3.png", "media/images/examples_4_32633cda1b2e8d70b254.png", "media/images/examples_4_172a844920f338453bef.png", "media/images/examples_4_31f995339e7d0c911ee9.png", "media/images/examples_4_57b59c2ee875b69a8a01.png", "media/images/examples_4_0bea2350d5a14acf24da.png", "media/images/examples_4_6bb2f44961c5a8fc140d.png", "media/images/examples_4_9bdc90f921dd42059bb2.png", "media/images/examples_4_544baa458adda896fc70.png"], "captions": [0, 9, 8, 2, 1, 8, 9, 5, 2, 4, 5, 5, 1, 4, 5, 0, 9, 1, 9, 6, 0, 3, 2, 1, 3, 8, 9, 0, 4, 3, 2, 0, 0, 8, 0, 5]}, "_timestamp": 1650098760, "_runtime": 44, "epoch": 4, "loss": 0.3975244462490082, "accuracy": 0.8562833070755005, "val_loss": 0.3925086557865143, "val_accuracy": 0.8580999970436096, "_step": 4, "best_val_loss": 0.3925086557865143, "best_epoch": 4, "_wandb": {"runtime": 42}}