{"graph": {"_type": "graph-file", "path": "media/graph/graph_summary_dc0611eee5461a018c5f.graph.json", "sha256": "dc0611eee5461a018c5f184c806f752fb52091a6b91ab425966161c2823f1688", "size": 719}, "examples": {"_type": "images/separated", "width": 28, "height": 28, "format": "png", "count": 36, "filenames": ["media/images/examples_4_1b9e3f4855d2158707e0.png", "media/images/examples_4_f2de527b9f96400540ec.png", "media/images/examples_4_a577cc1799f43d9fdbe5.png", "media/images/examples_4_0e67411b6b741eabab63.png", "media/images/examples_4_4d52fd0fb9c04400cfeb.png", "media/images/examples_4_f375518ced22b22b513d.png", "media/images/examples_4_4afcb1ab47056eff93f6.png", "media/images/examples_4_51475371f8e9c8f60054.png", "media/images/examples_4_ff46f64f55d2dc5e6f8b.png", "media/images/examples_4_9ee8c6194a3fbdb46f1b.png", "media/images/examples_4_f883d8587af7d0677d57.png", "media/images/examples_4_e2503d86016366479394.png", "media/images/examples_4_cb90f52c32c28d5a9345.png", "media/images/examples_4_d90fe2d42a6bebd077ac.png", "media/images/examples_4_b5955ff268b383ee0ae0.png", "media/images/examples_4_b2d5c8404f5ad0c9c6c4.png", "media/images/examples_4_2d95d61d5c5c8f955b8f.png", "media/images/examples_4_cd82e3a5f957d97ed481.png", "media/images/examples_4_ba8ca3e544945ae20e83.png", "media/images/examples_4_79c0e717e65d6b4dc8b7.png", "media/images/examples_4_19b563f8f83c940feaba.png", "media/images/examples_4_090e92a1b4b89bd5563e.png", "media/images/examples_4_f853b32e311cd951b439.png", "media/images/examples_4_3666ab058494d4a998d7.png", "media/images/examples_4_7f81aa277972ab4c3754.png", "media/images/examples_4_07424bffe384c487aeb1.png", "media/images/examples_4_b91231558fd8ca003cac.png", "media/images/examples_4_062fcb0f30cffd53028c.png", "media/images/examples_4_4c3223a47cc989d8038d.png", "media/images/examples_4_ba96c84238a24a06c0ea.png", "media/images/examples_4_61434d303f7684ed9257.png", "media/images/examples_4_51946d40071e82357fc0.png", "media/images/examples_4_10608728b528c2a42e57.png", "media/images/examples_4_3025e5b27d8462f2dfbc.png", "media/images/examples_4_7c2727ab244aae577647.png", "media/images/examples_4_a4e7a0ee0a69f892a769.png"], "captions": [2, 8, 9, 1, 5, 0, 7, 5, 1, 4, 7, 4, 4, 5, 0, 5, 6, 7, 6, 4, 6, 5, 0, 8, 8, 3, 3, 8, 5, 4, 0, 3, 7, 6, 0, 2]}, "_timestamp": 1650098815, "_runtime": 46, "epoch": 4, "loss": 0.3934078514575958, "accuracy": 0.8586000204086304, "val_loss": 0.3839874267578125, "val_accuracy": 0.8611000180244446, "_step": 4, "best_val_loss": 0.3839874267578125, "best_epoch": 4, "_wandb": {"runtime": 44}}