{"graph": {"_type": "graph-file", "path": "media/graph/graph_summary_9e6f729828d7a87c32cd.graph.json", "sha256": "9e6f729828d7a87c32cd8ce2373fefcc91f7ca2ae4678d60a504ff8f96f0ffa4", "size": 719}, "examples": {"_type": "images/separated", "width": 28, "height": 28, "format": "png", "count": 36, "filenames": ["media/images/examples_4_83bb35422876cb27949b.png", "media/images/examples_4_87b923f7338c158932cf.png", "media/images/examples_4_a27c850e9962112b198b.png", "media/images/examples_4_a05ba226bd2fd8a50313.png", "media/images/examples_4_29787a6d217e5af155dc.png", "media/images/examples_4_c45321678f92d625c500.png", "media/images/examples_4_2f456ea58c080707dc15.png", "media/images/examples_4_e4679fab4599e091d3b7.png", "media/images/examples_4_55fd8758d88390148638.png", "media/images/examples_4_52e3b59c45960b9a0333.png", "media/images/examples_4_42510a32b267992aab25.png", "media/images/examples_4_55d1427ec228e23aa36f.png", "media/images/examples_4_c5c5deda466d49d57092.png", "media/images/examples_4_5b8a034134eab5eab961.png", "media/images/examples_4_6c19a9067567b08db1e4.png", "media/images/examples_4_3074a95630c320812bfa.png", "media/images/examples_4_cc88a10671d0f5fc3abd.png", "media/images/examples_4_c0095c884608627a2c07.png", "media/images/examples_4_988c10d3838f80469f9d.png", "media/images/examples_4_546a3871c28e214a23f8.png", "media/images/examples_4_814f2a729ab5fd20f61b.png", "media/images/examples_4_32c3b05579ffafd4aa62.png", "media/images/examples_4_f555559626d4d9f3b2c5.png", "media/images/examples_4_ba872f8c222be0d17fad.png", "media/images/examples_4_9302ac8db1158047b018.png", "media/images/examples_4_483d6830b6f23f9fe66d.png", "media/images/examples_4_9bc313fecb476737f20c.png", "media/images/examples_4_3927dba61741cf2add4b.png", "media/images/examples_4_d000ffa1ea6914cf5fce.png", "media/images/examples_4_354d74d2526ff892589d.png", "media/images/examples_4_260d387868d77583da20.png", "media/images/examples_4_8ac971d358ae18d70034.png", "media/images/examples_4_92232d7afc0cf176bc5e.png", "media/images/examples_4_1e69dc99271d2dd25b95.png", "media/images/examples_4_ebd340085453ba5058e7.png", "media/images/examples_4_bbc0fe6c6b05882c1919.png"], "captions": [7, 7, 0, 3, 6, 5, 1, 1, 5, 3, 9, 0, 0, 8, 7, 0, 3, 3, 9, 3, 1, 2, 2, 4, 1, 9, 8, 0, 9, 3, 1, 0, 6, 5, 2, 8]}, "_timestamp": 1650099169, "_runtime": 49, "epoch": 4, "loss": 0.3714074492454529, "accuracy": 0.8665666580200195, "val_loss": 0.37475645542144775, "val_accuracy": 0.8650000095367432, "_step": 4, "best_val_loss": 0.37475645542144775, "best_epoch": 4, "_wandb": {"runtime": 47}}