{"graph": {"_type": "graph-file", "path": "media/graph/graph_summary_dc0611eee5461a018c5f.graph.json", "sha256": "dc0611eee5461a018c5f184c806f752fb52091a6b91ab425966161c2823f1688", "size": 719}, "examples": {"_type": "images/separated", "width": 28, "height": 28, "format": "png", "count": 36, "filenames": ["media/images/examples_4_07451b22afab7bdb6539.png", "media/images/examples_4_986713713dd3dfb184d0.png", "media/images/examples_4_e754ef54485b65d731a3.png", "media/images/examples_4_e545720d8c9ca62d6278.png", "media/images/examples_4_d119261e1fbe917cd942.png", "media/images/examples_4_0e951b6f98538aeef942.png", "media/images/examples_4_ee1be25a9b0ea8251b6f.png", "media/images/examples_4_7528a821d523714e9563.png", "media/images/examples_4_b94fe419a752781360ea.png", "media/images/examples_4_7371911263a4ee47d58e.png", "media/images/examples_4_7c48e96a7c838cc27dbb.png", "media/images/examples_4_61b962e3c2800da1b1ed.png", "media/images/examples_4_f0c8d42b131eeb17d2f2.png", "media/images/examples_4_5ee7dc16cf9d62ce6bb2.png", "media/images/examples_4_b09d9fbe447d7bcf923f.png", "media/images/examples_4_e22edd73bea7a6df9ac9.png", "media/images/examples_4_e9b0b57d8828fdede361.png", "media/images/examples_4_dd3ba8d7914b3746ae6a.png", "media/images/examples_4_bd768eac07962c35fbc8.png", "media/images/examples_4_c92e9fdc3ddd9fc65eb2.png", "media/images/examples_4_679ab92bb04475e72df9.png", "media/images/examples_4_ac3e7af9f6e35ad2c9d6.png", "media/images/examples_4_9ebe6f8890b3ba608527.png", "media/images/examples_4_a9d667c1e17d29e57db6.png", "media/images/examples_4_cea3803989c4628d592b.png", "media/images/examples_4_3dc9fb8df70d68fd927f.png", "media/images/examples_4_60a5aff20da594e08767.png", "media/images/examples_4_0950594ccd2893d93187.png", "media/images/examples_4_88146db5da52ffdba82b.png", "media/images/examples_4_a20f1fed6ef8dd57cf86.png", "media/images/examples_4_f83af622ec84a192f8fa.png", "media/images/examples_4_fdc6e38e57483b32ac20.png", "media/images/examples_4_d6cfed82de27f8e2596a.png", "media/images/examples_4_d19ebc7403f133440f23.png", "media/images/examples_4_333e63a9a1b10e25ae48.png", "media/images/examples_4_20766fbcf05aa6685262.png"], "captions": [9, 1, 3, 5, 9, 0, 4, 7, 2, 8, 4, 0, 0, 4, 1, 9, 3, 0, 4, 0, 4, 4, 4, 1, 7, 2, 4, 8, 9, 4, 7, 4, 2, 8, 5, 4]}, "_timestamp": 1650101716, "_runtime": 45, "epoch": 4, "loss": 0.4611967206001282, "accuracy": 0.8309999704360962, "val_loss": 0.39855656027793884, "val_accuracy": 0.855400025844574, "_step": 4, "best_val_loss": 0.39855656027793884, "best_epoch": 4, "_wandb": {"runtime": 43}}