{"graph": {"_type": "graph-file", "path": "media/graph/graph_summary_67b4cecd482748c3f0b1.graph.json", "sha256": "67b4cecd482748c3f0b18537d4014c705e23a092d681080ebb6087aad795091a", "size": 723}, "examples": {"_type": "images/separated", "width": 28, "height": 28, "format": "png", "count": 36, "filenames": ["media/images/examples_4_67a0909fada1c10b3f38.png", "media/images/examples_4_b06fe009bf6d79a0a3ea.png", "media/images/examples_4_142e5330c6c710c9a38f.png", "media/images/examples_4_bd255946620384639f0b.png", "media/images/examples_4_99b364a063b3f9aa000e.png", "media/images/examples_4_0fdc5f4fa2056451303d.png", "media/images/examples_4_9a0212e2cf2b430f9bf9.png", "media/images/examples_4_1643b0ad23eb3a15f901.png", "media/images/examples_4_7bf1978f5ae4f9be58d9.png", "media/images/examples_4_a20f1fed6ef8dd57cf86.png", "media/images/examples_4_2ed5745bf04a84c1b7b7.png", "media/images/examples_4_aade85de8759a733f1c5.png", "media/images/examples_4_be3053f1731471cef3f7.png", "media/images/examples_4_5131d83e629069310d5f.png", "media/images/examples_4_8bfb0e283b547f06251d.png", "media/images/examples_4_72e89d0e2bb70c0d5649.png", "media/images/examples_4_3217db9c5a090029cd96.png", "media/images/examples_4_ad835e969902f1e3e391.png", "media/images/examples_4_bb936687d733ecff8f1c.png", "media/images/examples_4_1acaf465dffc23b93bcb.png", "media/images/examples_4_85620467f27b7c51febd.png", "media/images/examples_4_31d6ba0952df95bf282a.png", "media/images/examples_4_55458fed27a9b97d9bda.png", "media/images/examples_4_fa511779d2e0b12dd3cf.png", "media/images/examples_4_6988fe12a8f19ec96b47.png", "media/images/examples_4_c62c580c45409e74bbd4.png", "media/images/examples_4_f4d9b9ec0c94a20f22ca.png", "media/images/examples_4_67e4b8b133ece5d477bb.png", "media/images/examples_4_c8a3ecabd001c3d9e969.png", "media/images/examples_4_7371911263a4ee47d58e.png", "media/images/examples_4_f47b122525febce0a48a.png", "media/images/examples_4_6d3eac4a5bd01fe02cc3.png", "media/images/examples_4_c26180f11b4f097af020.png", "media/images/examples_4_61434d303f7684ed9257.png", "media/images/examples_4_7f1326519709679f7a78.png", "media/images/examples_4_8603b6628bd370cca3c9.png"], "captions": [5, 2, 5, 8, 6, 1, 7, 0, 2, 4, 3, 8, 4, 1, 3, 6, 7, 1, 2, 5, 9, 3, 8, 2, 9, 9, 0, 9, 0, 8, 7, 3, 8, 0, 8, 6]}, "_timestamp": 1650100375, "_runtime": 42, "epoch": 4, "loss": 0.37636372447013855, "accuracy": 0.8622999787330627, "val_loss": 0.37021520733833313, "val_accuracy": 0.8654999732971191, "_step": 4, "best_val_loss": 0.37021520733833313, "best_epoch": 4, "_wandb": {"runtime": 40}}