{"graph": {"_type": "graph-file", "path": "media/graph/graph_summary_dc0611eee5461a018c5f.graph.json", "sha256": "dc0611eee5461a018c5f184c806f752fb52091a6b91ab425966161c2823f1688", "size": 719}, "examples": {"_type": "images/separated", "width": 28, "height": 28, "format": "png", "count": 36, "filenames": ["media/images/examples_4_5741ebadf7f89f4a0e12.png", "media/images/examples_4_50ac0f2c014cfb0f9d67.png", "media/images/examples_4_6fcf57afaab3f8f76d7a.png", "media/images/examples_4_7b85d3f6db53a677e52c.png", "media/images/examples_4_882daf2e8c5bf7451280.png", "media/images/examples_4_a9a1afadf298485a44c2.png", "media/images/examples_4_ee952a8cdd1d527da8c2.png", "media/images/examples_4_64c46c993f32630edd36.png", "media/images/examples_4_d643468f5069d076d07c.png", "media/images/examples_4_06ef05bb9d612b0f0686.png", "media/images/examples_4_ab4ee5e3df8727a94e77.png", "media/images/examples_4_d4e670441218e31df701.png", "media/images/examples_4_f6420fd926f278d3c6fc.png", "media/images/examples_4_0443c9c7dd1a3fc59452.png", "media/images/examples_4_8eb0951482a58a2c76ad.png", "media/images/examples_4_716f66f929581c65223a.png", "media/images/examples_4_9e35a2673f752306869f.png", "media/images/examples_4_c2f10ac32cfb0ebef1c7.png", "media/images/examples_4_13b9d7511cad0a9d13c1.png", "media/images/examples_4_bdf6170230e5c2f7ea74.png", "media/images/examples_4_c459a1ba8a1c56648635.png", "media/images/examples_4_e9f57e7eb113a9eff76b.png", "media/images/examples_4_4eb1ff59c002e00e5864.png", "media/images/examples_4_ccc81d1d1777b153a67a.png", "media/images/examples_4_d796df15489f147e55ef.png", "media/images/examples_4_e15262656e5388fe1f78.png", "media/images/examples_4_b7d39874be16a9f5180d.png", "media/images/examples_4_f2529d78e66e203510c1.png", "media/images/examples_4_5acdd3a1d55e1d5f2bc9.png", "media/images/examples_4_190a57a9f203b20f8b94.png", "media/images/examples_4_916bc7affe548bf5c06e.png", "media/images/examples_4_1985049e519767471dd7.png", "media/images/examples_4_345573c063b2e385ac50.png", "media/images/examples_4_201c3d1ec6b9de990023.png", "media/images/examples_4_63f368dfc2988044d441.png", "media/images/examples_4_c092cab4326489917f68.png"], "captions": [4, 2, 4, 5, 6, 2, 8, 9, 9, 1, 0, 0, 1, 2, 2, 4, 8, 8, 7, 0, 6, 0, 5, 2, 1, 5, 2, 7, 3, 4, 9, 4, 7, 2, 1, 8]}, "_timestamp": 1650100637, "_runtime": 42, "epoch": 4, "loss": 0.4199264347553253, "accuracy": 0.8507166504859924, "val_loss": 0.3972332775592804, "val_accuracy": 0.8568000197410583, "_step": 4, "best_val_loss": 0.3972332775592804, "best_epoch": 4, "_wandb": {"runtime": 40}}