{"graph": {"_type": "graph-file", "path": "media/graph/graph_summary_67b4cecd482748c3f0b1.graph.json", "sha256": "67b4cecd482748c3f0b18537d4014c705e23a092d681080ebb6087aad795091a", "size": 723}, "examples": {"_type": "images/separated", "width": 28, "height": 28, "format": "png", "count": 36, "filenames": ["media/images/examples_4_0a92911163acf2282fff.png", "media/images/examples_4_6c2ffd39d8bc6fd9c5d2.png", "media/images/examples_4_f5e19cec0652e2b50b0e.png", "media/images/examples_4_281f8249a18cf7bda4eb.png", "media/images/examples_4_0ea8323809a1fe8bd57d.png", "media/images/examples_4_c50ac586c0fe16ebbdf0.png", "media/images/examples_4_ce3c85f193dd43908970.png", "media/images/examples_4_866291bda22d92e4aaf1.png", "media/images/examples_4_77fe0e477e05d2890cbf.png", "media/images/examples_4_4f2979baee4aea7f89fb.png", "media/images/examples_4_7391f1db5095b0f8f259.png", "media/images/examples_4_551aae13082dbc006764.png", "media/images/examples_4_e9dcc98ac61db1d37ef5.png", "media/images/examples_4_0c0101252255de710f9f.png", "media/images/examples_4_d7b543e27160f5f41f66.png", "media/images/examples_4_c1de642e00ae16a53084.png", "media/images/examples_4_336c7c0ad8f712c93cc8.png", "media/images/examples_4_319c2d127f3b6fea3b78.png", "media/images/examples_4_1570229792bb966e214e.png", "media/images/examples_4_861fa36a7313828d9418.png", "media/images/examples_4_1bcc0513f68661c3c91a.png", "media/images/examples_4_c8f9001604f36c5171d8.png", "media/images/examples_4_a03212f2135d62e682b0.png", "media/images/examples_4_27ddb7e49df9d135050c.png", "media/images/examples_4_03eb94063249211bd29d.png", "media/images/examples_4_217753ba42bcf82dd40b.png", "media/images/examples_4_578fa3c5c43b28498d7a.png", "media/images/examples_4_49bc08a884700fe0f275.png", "media/images/examples_4_85a5f331c0846e28bd9a.png", "media/images/examples_4_4d36e6962a5b1b2340fe.png", "media/images/examples_4_5591700efcb608540a44.png", "media/images/examples_4_f77ea72fa27914b4e7f0.png", "media/images/examples_4_e8c83cf9c79b16aa0fe4.png", "media/images/examples_4_6581fa685032bde9d596.png", "media/images/examples_4_18d4d89102c2f0ccf32a.png", "media/images/examples_4_e9809463ee35cbf6ad1c.png"], "captions": [5, 8, 3, 1, 5, 6, 9, 5, 5, 8, 9, 6, 6, 4, 4, 2, 3, 8, 2, 3, 6, 6, 2, 9, 8, 4, 7, 5, 2, 8, 0, 0, 7, 5, 0, 1]}, "_timestamp": 1650101334, "_runtime": 46, "epoch": 4, "loss": 0.37798675894737244, "accuracy": 0.8629500269889832, "val_loss": 0.3749884366989136, "val_accuracy": 0.866599977016449, "_step": 4, "best_val_loss": 0.3749884366989136, "best_epoch": 4, "_wandb": {"runtime": 44}}