{"graph": {"_type": "graph-file", "path": "media/graph/graph_summary_9e6f729828d7a87c32cd.graph.json", "sha256": "9e6f729828d7a87c32cd8ce2373fefcc91f7ca2ae4678d60a504ff8f96f0ffa4", "size": 719}, "examples": {"_type": "images/separated", "width": 28, "height": 28, "format": "png", "count": 36, "filenames": ["media/images/examples_4_2785a971f51174b8f695.png", "media/images/examples_4_c1f3b93d141b329425ea.png", "media/images/examples_4_c04638884e9fa2fc3477.png", "media/images/examples_4_06ae680f21167b5cafc9.png", "media/images/examples_4_86ae4c8a6eef6a96ae22.png", "media/images/examples_4_ab420ef6e46307dc4512.png", "media/images/examples_4_a47e16d3816f5df691ab.png", "media/images/examples_4_7f6c3ecee9e45b24cc4a.png", "media/images/examples_4_de9dab90f817d83f839e.png", "media/images/examples_4_a5d3089a8b968fd11759.png", "media/images/examples_4_80420773a4e32d0a2b71.png", "media/images/examples_4_81f237ba06a9050490d3.png", "media/images/examples_4_8df1e2edc9fc519220a3.png", "media/images/examples_4_14e07fe4baa04bd7754a.png", "media/images/examples_4_d5fba99bf336a7e2aebf.png", "media/images/examples_4_a05ba226bd2fd8a50313.png", "media/images/examples_4_e329fc302daf6100593e.png", "media/images/examples_4_8961af21e0bfa462010e.png", "media/images/examples_4_1984fcaed30dff6c81c8.png", "media/images/examples_4_c9c285aac812bfb02064.png", "media/images/examples_4_5e9889738a28e7b043e1.png", "media/images/examples_4_62a53726b538aeb14e81.png", "media/images/examples_4_c9445ef84dfbd8f3ca2a.png", "media/images/examples_4_4dc3009fdc97bf687d64.png", "media/images/examples_4_c512aee1997b7378cfc3.png", "media/images/examples_4_3c184a38ddb4161beb8d.png", "media/images/examples_4_3acd04a9d227ee27e28c.png", "media/images/examples_4_584dd2d89714ca9bf121.png", "media/images/examples_4_e69e3a0399c465801043.png", "media/images/examples_4_da7ef461d2d65ac8e7ab.png", "media/images/examples_4_42a2ffe595a389308084.png", "media/images/examples_4_673368941c700adc852e.png", "media/images/examples_4_96f795b16f698cee2865.png", "media/images/examples_4_c7fee3d411ef0a711887.png", "media/images/examples_4_f146b5403fae4d247512.png", "media/images/examples_4_b6376eeaa47878188e2c.png"], "captions": [8, 3, 5, 0, 7, 9, 2, 3, 7, 5, 0, 4, 4, 8, 4, 3, 2, 2, 9, 4, 2, 4, 0, 7, 7, 9, 3, 1, 1, 7, 0, 4, 3, 0, 1, 9]}, "_timestamp": 1650101775, "_runtime": 52, "epoch": 4, "loss": 0.4259616434574127, "accuracy": 0.8454333543777466, "val_loss": 0.39755311608314514, "val_accuracy": 0.8579000234603882, "_step": 4, "best_val_loss": 0.39755311608314514, "best_epoch": 4, "_wandb": {"runtime": 49}}