{"graph": {"_type": "graph-file", "path": "media/graph/graph_summary_9e6f729828d7a87c32cd.graph.json", "sha256": "9e6f729828d7a87c32cd8ce2373fefcc91f7ca2ae4678d60a504ff8f96f0ffa4", "size": 719}, "examples": {"_type": "images/separated", "width": 28, "height": 28, "format": "png", "count": 36, "filenames": ["media/images/examples_4_6b9bc67c80d7156ada89.png", "media/images/examples_4_e4a4185593c197af9fab.png", "media/images/examples_4_f9a21bd96c62625945a5.png", "media/images/examples_4_5d9ce5c0535c088e13bb.png", "media/images/examples_4_1d0c997de2d250a77aba.png", "media/images/examples_4_a5d31bbf8239b66365f8.png", "media/images/examples_4_8b6e208368f985bc487a.png", "media/images/examples_4_2655c5355d9ec1b554ba.png", "media/images/examples_4_94f187e5fe30268ce034.png", "media/images/examples_4_3a83ba66ee5eb2c8ad35.png", "media/images/examples_4_b696f0cf38a0f035a011.png", "media/images/examples_4_5b51229ef2d968cb286b.png", "media/images/examples_4_85eb8813a1d5166bfadd.png", "media/images/examples_4_005863bd012db98b3097.png", "media/images/examples_4_fdaf589a99eab28dbcad.png", "media/images/examples_4_4b7afaab0b4220377cdb.png", "media/images/examples_4_8295cd59b454c6769a5b.png", "media/images/examples_4_708dba039cf08d93d3ea.png", "media/images/examples_4_90d13901cb1cd1018f60.png", "media/images/examples_4_c05a94dfda1d55e09a94.png", "media/images/examples_4_f74db23f06e3e1716da4.png", "media/images/examples_4_ea9402a3bc66c6bae391.png", "media/images/examples_4_cf5cec813b1fcbd5d188.png", "media/images/examples_4_ec30cb5b026650a820ea.png", "media/images/examples_4_5ac3e97ea77e4e85d4eb.png", "media/images/examples_4_2f73c12a9eadb21d63c7.png", "media/images/examples_4_56397ac2396825fb93f3.png", "media/images/examples_4_01b4085024959ba02a7a.png", "media/images/examples_4_8fa2a9ad68eb3fc15595.png", "media/images/examples_4_46f3c3abb92bcce72c13.png", "media/images/examples_4_3bba6350a87ada5c8b70.png", "media/images/examples_4_60e60252351d7af283f6.png", "media/images/examples_4_a016b64a6e0b4aa7c6a2.png", "media/images/examples_4_50a90182e63918098d26.png", "media/images/examples_4_39f8dc92cc67351c01b0.png", "media/images/examples_4_f159478be0be581b9e71.png"], "captions": [1, 2, 9, 4, 6, 0, 9, 8, 0, 1, 6, 0, 4, 5, 3, 0, 5, 6, 5, 1, 2, 6, 0, 6, 1, 9, 4, 1, 2, 4, 8, 4, 0, 2, 7, 0]}, "_timestamp": 1650094133, "_runtime": 39, "epoch": 4, "loss": 0.3147202134132385, "accuracy": 0.8843666911125183, "val_loss": 0.35398316383361816, "val_accuracy": 0.8723999857902527, "_step": 4, "best_val_loss": 0.35398316383361816, "best_epoch": 4, "_wandb": {"runtime": 37}}