{"graph": {"_type": "graph-file", "path": "media/graph/graph_summary_dc0611eee5461a018c5f.graph.json", "sha256": "dc0611eee5461a018c5f184c806f752fb52091a6b91ab425966161c2823f1688", "size": 719}, "examples": {"_type": "images/separated", "width": 28, "height": 28, "format": "png", "count": 36, "filenames": ["media/images/examples_4_60a71193aa9c5ecf3292.png", "media/images/examples_4_c02842f46f798fa43392.png", "media/images/examples_4_84d8f8f76313798b5201.png", "media/images/examples_4_06ef05bb9d612b0f0686.png", "media/images/examples_4_7f4606162cc4af825b9c.png", "media/images/examples_4_53d51ad6d832558f46a9.png", "media/images/examples_4_eb49aa72ed008bbbb1e3.png", "media/images/examples_4_069b46a3bdf6c399ad16.png", "media/images/examples_4_f5628ef2d43b9559a5ee.png", "media/images/examples_4_5a1a2074f31b7b70879b.png", "media/images/examples_4_420e5a1b4c0334dbef0e.png", "media/images/examples_4_8aa882f8108ec4070249.png", "media/images/examples_4_2f73c12a9eadb21d63c7.png", "media/images/examples_4_28d8e09a0f2b776dc494.png", "media/images/examples_4_6bd3274e31836cb939d3.png", "media/images/examples_4_a9c5014e2f9a008dd837.png", "media/images/examples_4_f2e0bdaf2175d4a4ba4b.png", "media/images/examples_4_62b5e1c892198332b432.png", "media/images/examples_4_eb9641ed1dfcca1f9768.png", "media/images/examples_4_82dff5dd3055690a7aad.png", "media/images/examples_4_454bf9fd2de028a71897.png", "media/images/examples_4_847c38cbccf8edb193b4.png", "media/images/examples_4_5d5735cc1c8574dec1c8.png", "media/images/examples_4_8fae0747dd1c3d665796.png", "media/images/examples_4_4a0175a5389526965787.png", "media/images/examples_4_ee88c6cb893a0b834ed8.png", "media/images/examples_4_fca3bc07ba50d442cc5d.png", "media/images/examples_4_f3079a6c94f62b194489.png", "media/images/examples_4_b5feac0520f2e2c8722d.png", "media/images/examples_4_a928ffe2dc4ec9e6bdc2.png", "media/images/examples_4_a7180c301f5719568542.png", "media/images/examples_4_25cd15ef7e6e9b50da2c.png", "media/images/examples_4_652b4c83a77cf934d9f7.png", "media/images/examples_4_2ada2366e039e946e4e4.png", "media/images/examples_4_d16bf46bc13e13fac54d.png", "media/images/examples_4_96ec01be65b9f7b61343.png"], "captions": [1, 7, 8, 1, 2, 8, 5, 5, 1, 3, 5, 0, 9, 9, 0, 8, 0, 4, 0, 9, 5, 5, 0, 4, 6, 5, 1, 8, 3, 7, 6, 1, 8, 9, 5, 2]}, "_timestamp": 1650097769, "_runtime": 41, "epoch": 4, "loss": 0.39340850710868835, "accuracy": 0.8554499745368958, "val_loss": 0.3809050917625427, "val_accuracy": 0.8641999959945679, "_step": 4, "best_val_loss": 0.3809050917625427, "best_epoch": 4, "_wandb": {"runtime": 40}}