{"graph": {"_type": "graph-file", "path": "media/graph/graph_summary_67b4cecd482748c3f0b1.graph.json", "sha256": "67b4cecd482748c3f0b18537d4014c705e23a092d681080ebb6087aad795091a", "size": 723}, "examples": {"_type": "images/separated", "width": 28, "height": 28, "format": "png", "count": 36, "filenames": ["media/images/examples_4_62470099f4b8504ed366.png", "media/images/examples_4_8ed55e52f65d80a16b83.png", "media/images/examples_4_52aa0fce4d827681fcc6.png", "media/images/examples_4_6144a2fb8337eb6718f2.png", "media/images/examples_4_71c8699cf2c3372ed19a.png", "media/images/examples_4_c7d1f91a7c7efbd692aa.png", "media/images/examples_4_fd5f6eab1a51e410c1c0.png", "media/images/examples_4_d9b62e412a2e8c2dd0ef.png", "media/images/examples_4_660a3dd722ae3b9176fb.png", "media/images/examples_4_42efb7e111336be69428.png", "media/images/examples_4_10809ad80b4a81f841eb.png", "media/images/examples_4_2dcaf57970537bf37b83.png", "media/images/examples_4_4705d4287fec32ef9256.png", "media/images/examples_4_1d01ab3f7ab3a2399698.png", "media/images/examples_4_a196afb3dded9d14db01.png", "media/images/examples_4_446cc911b6c93dcff92b.png", "media/images/examples_4_2bd26a55470db87c603d.png", "media/images/examples_4_829a3ebc3a40b5d77896.png", "media/images/examples_4_7bf0364c700cf426ed5d.png", "media/images/examples_4_001738accee728493d32.png", "media/images/examples_4_b2cb049ed7a9286447a2.png", "media/images/examples_4_be57c9435bba1337eace.png", "media/images/examples_4_0e37d9ec62ad705b8567.png", "media/images/examples_4_33ef5f6c09c57358a7f7.png", "media/images/examples_4_0a92911163acf2282fff.png", "media/images/examples_4_1add0501d1c3763f63ba.png", "media/images/examples_4_3e3d8f1ebdee1dc5ec27.png", "media/images/examples_4_1acaf465dffc23b93bcb.png", "media/images/examples_4_2400fc83c82898237b6d.png", "media/images/examples_4_3b6e6276ceb1cf58b6b3.png", "media/images/examples_4_64e58aabf8039824bab3.png", "media/images/examples_4_e1c1e18338a5f17be846.png", "media/images/examples_4_b3a94fcdc21f0c506537.png", "media/images/examples_4_403c6a36bc0523537172.png", "media/images/examples_4_baa8007232a0c971b222.png", "media/images/examples_4_c7c04185dbdf007daafa.png"], "captions": [4, 2, 4, 9, 8, 2, 3, 6, 0, 8, 6, 7, 5, 4, 4, 2, 7, 0, 6, 7, 1, 8, 2, 4, 5, 0, 6, 5, 8, 8, 4, 2, 1, 3, 8, 7]}, "_timestamp": 1650096429, "_runtime": 41, "epoch": 4, "loss": 0.32991552352905273, "accuracy": 0.8785333037376404, "val_loss": 0.35036617517471313, "val_accuracy": 0.8737000226974487, "_step": 4, "best_val_loss": 0.35036617517471313, "best_epoch": 4, "_wandb": {"runtime": 39}}