{"graph": {"_type": "graph-file", "path": "media/graph/graph_summary_9e6f729828d7a87c32cd.graph.json", "sha256": "9e6f729828d7a87c32cd8ce2373fefcc91f7ca2ae4678d60a504ff8f96f0ffa4", "size": 719}, "examples": {"_type": "images/separated", "width": 28, "height": 28, "format": "png", "count": 36, "filenames": ["media/images/examples_4_ca66387531856c76042c.png", "media/images/examples_4_113a18283c6b285c0be1.png", "media/images/examples_4_c2862a40c09ea7405a07.png", "media/images/examples_4_1fa4bb816f657d8d91c3.png", "media/images/examples_4_3f0767902d5570916e0f.png", "media/images/examples_4_1a87fd3d406df47b6542.png", "media/images/examples_4_93fe9afca707c7e3198a.png", "media/images/examples_4_179359279e868daf3e47.png", "media/images/examples_4_9d9a1971d6191942ff07.png", "media/images/examples_4_f768e8a1aa08ac9b51d4.png", "media/images/examples_4_fb3d4ec77250baf9a7a2.png", "media/images/examples_4_4129b7928a5591de2495.png", "media/images/examples_4_33c3e991dbe67dbc1fb0.png", "media/images/examples_4_49266428c56e8742d34f.png", "media/images/examples_4_bebbfa39e8f8ec58863d.png", "media/images/examples_4_06ae1770bb3a56e52904.png", "media/images/examples_4_47d54e433cf9d28ce58d.png", "media/images/examples_4_7f163136b3920d08b316.png", "media/images/examples_4_046c745077f9d0aeb495.png", "media/images/examples_4_48de2a0c773cd8148a96.png", "media/images/examples_4_770ff46263228241806f.png", "media/images/examples_4_784caa9541cbd57af2ef.png", "media/images/examples_4_9309c6f94d11afb20190.png", "media/images/examples_4_87d19ddf275fcd6bec94.png", "media/images/examples_4_4722085f71b7b60f8121.png", "media/images/examples_4_654420038d12e2ecf905.png", "media/images/examples_4_0ced9768e84de80c73ce.png", "media/images/examples_4_84fada7190cd22a768d2.png", "media/images/examples_4_6c5ecc9f7de62c59319d.png", "media/images/examples_4_a57e5cc4899eed4bc890.png", "media/images/examples_4_761cd3abd9293d1e49d3.png", "media/images/examples_4_cf5cec813b1fcbd5d188.png", "media/images/examples_4_6ec95f24d9db77850296.png", "media/images/examples_4_dcf1daa14321023183c9.png", "media/images/examples_4_05155a41d45f60aa7ca0.png", "media/images/examples_4_61c88abe3c5173638ab0.png"], "captions": [5, 8, 2, 3, 1, 9, 4, 1, 6, 9, 9, 7, 0, 0, 9, 8, 0, 0, 6, 1, 2, 5, 7, 7, 1, 6, 3, 6, 8, 9, 4, 0, 8, 2, 6, 9]}, "_timestamp": 1650098996, "_runtime": 44, "epoch": 4, "loss": 0.37011727690696716, "accuracy": 0.8672166466712952, "val_loss": 0.38511812686920166, "val_accuracy": 0.8629999756813049, "_step": 4, "best_val_loss": 0.38068681955337524, "best_epoch": 3, "_wandb": {"runtime": 46}}