{"graph": {"_type": "graph-file", "path": "media/graph/graph_summary_67b4cecd482748c3f0b1.graph.json", "sha256": "67b4cecd482748c3f0b18537d4014c705e23a092d681080ebb6087aad795091a", "size": 723}, "examples": {"_type": "images/separated", "width": 28, "height": 28, "format": "png", "count": 36, "filenames": ["media/images/examples_4_77846533457ad793528a.png", "media/images/examples_4_e67cc2c5c28e048e3d9d.png", "media/images/examples_4_aca860fce1334f474524.png", "media/images/examples_4_6a48bda9754b8bb822ff.png", "media/images/examples_4_f15bdd38fbf9d2711faf.png", "media/images/examples_4_8d6706474f470368a83e.png", "media/images/examples_4_4b596b965d6c4b55a8f7.png", "media/images/examples_4_f949eee25f0fae5b1caa.png", "media/images/examples_4_fd103e4245865444558e.png", "media/images/examples_4_0889ca8c5e59f70d570e.png", "media/images/examples_4_f697b933a2c228ce7054.png", "media/images/examples_4_097c19565991ce283da0.png", "media/images/examples_4_c92fe78341a7de040f9c.png", "media/images/examples_4_207030655109ae5eeb5b.png", "media/images/examples_4_c3d63631da05f6a656f7.png", "media/images/examples_4_f14c542c10d4a5c08a97.png", "media/images/examples_4_70429fd485b7aa1e4cc2.png", "media/images/examples_4_8336707cef538ae521bc.png", "media/images/examples_4_4adcc40b1533f76da75c.png", "media/images/examples_4_06e5457a2f8b790ab06a.png", "media/images/examples_4_4e05fb1ad72c6b53bb54.png", "media/images/examples_4_f2a63ca0cd2780fef75a.png", "media/images/examples_4_651028f09e463ca34008.png", "media/images/examples_4_f1a72d3ae82d17de00a1.png", "media/images/examples_4_bca40eb5e12eb0344878.png", "media/images/examples_4_382f30d97e700180001a.png", "media/images/examples_4_c365f9ffb32c0f06738e.png", "media/images/examples_4_15192241e280ea475532.png", "media/images/examples_4_289716e0e2785e1429c9.png", "media/images/examples_4_bb1c818cbf025d71701a.png", "media/images/examples_4_69dd2997d00268d3ebe4.png", "media/images/examples_4_920d463cc90804194cf5.png", "media/images/examples_4_ce25a11ef81309050e66.png", "media/images/examples_4_e29a3aa54dc670523f3e.png", "media/images/examples_4_06a7a1c917f86f58353e.png", "media/images/examples_4_e01e09d434888f1bd9e2.png"], "captions": [3, 1, 4, 7, 2, 3, 4, 6, 1, 5, 4, 3, 0, 4, 9, 6, 6, 1, 2, 5, 5, 9, 6, 2, 7, 4, 3, 3, 0, 6, 3, 6, 9, 5, 3, 3]}, "_timestamp": 1650095383, "_runtime": 40, "epoch": 4, "loss": 0.3289117217063904, "accuracy": 0.8781333565711975, "val_loss": 0.3623591661453247, "val_accuracy": 0.8669999837875366, "_step": 4, "best_val_loss": 0.3623591661453247, "best_epoch": 4, "_wandb": {"runtime": 39}}