{"graph": {"_type": "graph-file", "path": "media/graph/graph_summary_67b4cecd482748c3f0b1.graph.json", "sha256": "67b4cecd482748c3f0b18537d4014c705e23a092d681080ebb6087aad795091a", "size": 723}, "examples": {"_type": "images/separated", "width": 28, "height": 28, "format": "png", "count": 36, "filenames": ["media/images/examples_4_eb7bfbe58251655b04f1.png", "media/images/examples_4_c111125d7b27b12a7632.png", "media/images/examples_4_707410ac1d6595f54f4b.png", "media/images/examples_4_e0df54ab92fd4e87ed3f.png", "media/images/examples_4_8070ca0d25e615e36355.png", "media/images/examples_4_fb6b7dc392ab891f8991.png", "media/images/examples_4_7729accb889fe30d18cd.png", "media/images/examples_4_cf012199f6434ab82f91.png", "media/images/examples_4_42b37b2dbf3d975a98be.png", "media/images/examples_4_219feb19c39ab457a078.png", "media/images/examples_4_5757db3d9b8e647ba5fa.png", "media/images/examples_4_6d160374e2b654cb9353.png", "media/images/examples_4_a64ba60c36e7b973ecb0.png", "media/images/examples_4_60a5aff20da594e08767.png", "media/images/examples_4_cb979ae3a79f303df5a4.png", "media/images/examples_4_d8a35ed15d83641bbf9d.png", "media/images/examples_4_26acf34b034ea457da0e.png", "media/images/examples_4_17c5c351db31733c59ee.png", "media/images/examples_4_56ed4eb8093a08662486.png", "media/images/examples_4_3bc7470bc526c9b66344.png", "media/images/examples_4_4ccc999225af9bfc3dfe.png", "media/images/examples_4_c6c5ced4239f58fac2b1.png", "media/images/examples_4_c861c6237c18f21e3b77.png", "media/images/examples_4_ca9d23bd7eddaed86196.png", "media/images/examples_4_2868ac2b74e45f4406d1.png", "media/images/examples_4_17a221d4f0268d37dbdb.png", "media/images/examples_4_9582e23041400bf004aa.png", "media/images/examples_4_2898a783673202526596.png", "media/images/examples_4_8fc9ff570b788029e428.png", "media/images/examples_4_70a67db3346716e29504.png", "media/images/examples_4_aea5bd86e7daa3ab2a01.png", "media/images/examples_4_a12bcd9c5a62a0f74d10.png", "media/images/examples_4_00473613077ac2da8283.png", "media/images/examples_4_438d5e1f4ee7b591d2ba.png", "media/images/examples_4_57a0f8f32ba28a5461ce.png", "media/images/examples_4_367a458d76e450d30ad9.png"], "captions": [4, 7, 8, 4, 2, 4, 2, 3, 8, 3, 8, 8, 9, 4, 7, 0, 1, 5, 9, 2, 8, 1, 9, 4, 3, 7, 2, 5, 0, 9, 5, 6, 9, 5, 8, 6]}, "_timestamp": 1650096477, "_runtime": 41, "epoch": 4, "loss": 0.33238863945007324, "accuracy": 0.8776666522026062, "val_loss": 0.35805702209472656, "val_accuracy": 0.8691999912261963, "_step": 4, "best_val_loss": 0.35805702209472656, "best_epoch": 4, "_wandb": {"runtime": 40}}