{"graph": {"_type": "graph-file", "path": "media/graph/graph_summary_67b4cecd482748c3f0b1.graph.json", "sha256": "67b4cecd482748c3f0b18537d4014c705e23a092d681080ebb6087aad795091a", "size": 723}, "examples": {"_type": "images/separated", "width": 28, "height": 28, "format": "png", "count": 36, "filenames": ["media/images/examples_4_589a41566ffb58836dba.png", "media/images/examples_4_faa7de24f0d968a26113.png", "media/images/examples_4_5773b4343c72a078b344.png", "media/images/examples_4_1589e982e00b5746806a.png", "media/images/examples_4_20776f1e8f6493c3d440.png", "media/images/examples_4_2770166f6537cfbe3071.png", "media/images/examples_4_0c6afa1ef791a3e3ed24.png", "media/images/examples_4_e2533a3b793c2d8bda0c.png", "media/images/examples_4_b9569cee5c91b61ad805.png", "media/images/examples_4_7c337b526fd77d88fadc.png", "media/images/examples_4_ec00fb5fd10e4e99b647.png", "media/images/examples_4_f5ea1c390e06c81b69aa.png", "media/images/examples_4_dce3f40ae603c6906880.png", "media/images/examples_4_23c666b4230c11cb6048.png", "media/images/examples_4_a3494e2edfb003a853e9.png", "media/images/examples_4_64e58aabf8039824bab3.png", "media/images/examples_4_f2d5f9351d0f462cdcad.png", "media/images/examples_4_f597c6b196c6722e72ef.png", "media/images/examples_4_42b196771953480c533e.png", "media/images/examples_4_09fdba59fc0b33d5aa09.png", "media/images/examples_4_d43109499875f31da13c.png", "media/images/examples_4_2f71c0489648a7fd5888.png", "media/images/examples_4_86ae4c8a6eef6a96ae22.png", "media/images/examples_4_157e278b7113b9b89021.png", "media/images/examples_4_dc5d711dac88283bf132.png", "media/images/examples_4_5fe6193096fdd9bbe813.png", "media/images/examples_4_c062b0b44e665754873c.png", "media/images/examples_4_148637b1ef77f8dc37f0.png", "media/images/examples_4_77bad49893e76fff7dde.png", "media/images/examples_4_943bdd4c829c21c420ab.png", "media/images/examples_4_0d0acd2afdcf29412593.png", "media/images/examples_4_b673a8ab3f53b88ad20b.png", "media/images/examples_4_5558151d320fc7f89f8b.png", "media/images/examples_4_d4678caa80d72c6135e7.png", "media/images/examples_4_46dbcbced67593d73008.png", "media/images/examples_4_2e72e1ce63f8418c1a38.png"], "captions": [1, 1, 5, 1, 1, 4, 8, 0, 0, 7, 1, 3, 3, 4, 8, 6, 6, 8, 8, 0, 0, 8, 7, 0, 7, 9, 5, 7, 8, 7, 6, 7, 0, 0, 4, 3]}, "_timestamp": 1650101226, "_runtime": 43, "epoch": 4, "loss": 0.3763590455055237, "accuracy": 0.8648666739463806, "val_loss": 0.37181076407432556, "val_accuracy": 0.8686000108718872, "_step": 4, "best_val_loss": 0.37181076407432556, "best_epoch": 4, "_wandb": {"runtime": 40}}