{"graph": {"_type": "graph-file", "path": "media/graph/graph_summary_dc0611eee5461a018c5f.graph.json", "sha256": "dc0611eee5461a018c5f184c806f752fb52091a6b91ab425966161c2823f1688", "size": 719}, "examples": {"_type": "images/separated", "width": 28, "height": 28, "format": "png", "count": 36, "filenames": ["media/images/examples_4_d6072f95233091c7c697.png", "media/images/examples_4_fcbe8cd9f1da04b34560.png", "media/images/examples_4_823180b3c75b6ee5e948.png", "media/images/examples_4_b46f81e0a8e8104cc563.png", "media/images/examples_4_3fb17f303fb10f9acb12.png", "media/images/examples_4_abdcb69aa37e6bad0c65.png", "media/images/examples_4_7164718bda286ed802b9.png", "media/images/examples_4_12a5aaa05e97827c8918.png", "media/images/examples_4_6b5202ecf1e0d7e22032.png", "media/images/examples_4_668dc26830fa7d360360.png", "media/images/examples_4_8a09e02edfcbcf20a2f3.png", "media/images/examples_4_04a0533adaf8fc4bd0b2.png", "media/images/examples_4_1b943a4936b10f8b500f.png", "media/images/examples_4_e881a83e1bdc5b77f689.png", "media/images/examples_4_b424e7369d4c0009e582.png", "media/images/examples_4_dcd9987eb7282b655b96.png", "media/images/examples_4_02306a1179cdfb52909d.png", "media/images/examples_4_730379e2e36fbe28a8f6.png", "media/images/examples_4_06a7a1c917f86f58353e.png", "media/images/examples_4_1a2ca453f14ce5ca50b9.png", "media/images/examples_4_0a0ecdb265f45a9de363.png", "media/images/examples_4_d17e32b33f549e238a87.png", "media/images/examples_4_ce1452a047d21987617a.png", "media/images/examples_4_5fa3b39cdeb2ea241e11.png", "media/images/examples_4_d4ed5eac2e10a2d56abc.png", "media/images/examples_4_965e2eb12517687770ac.png", "media/images/examples_4_7526c697d1f30e93c37b.png", "media/images/examples_4_64d8af0af3f44ef5b6e3.png", "media/images/examples_4_e4fba371ae38bd0351e3.png", "media/images/examples_4_290deb87c759d2f81ebe.png", "media/images/examples_4_da61f81e4b6f8e41dfd1.png", "media/images/examples_4_b317774287c3d5138040.png", "media/images/examples_4_c5d1c95a3ec45e215a3b.png", "media/images/examples_4_42acad51ee722b7d1246.png", "media/images/examples_4_15192241e280ea475532.png", "media/images/examples_4_8574eec6f50aee19d14d.png"], "captions": [3, 9, 8, 9, 0, 3, 4, 7, 9, 9, 0, 8, 1, 2, 9, 3, 4, 0, 3, 1, 9, 4, 7, 5, 9, 5, 9, 5, 7, 2, 3, 3, 1, 7, 3, 7]}, "_timestamp": 1650100737, "_runtime": 40, "epoch": 4, "loss": 0.4207083284854889, "accuracy": 0.8504999876022339, "val_loss": 0.39434781670570374, "val_accuracy": 0.858299970626831, "_step": 4, "best_val_loss": 0.39434781670570374, "best_epoch": 4, "_wandb": {"runtime": 39}}