{"graph": {"_type": "graph-file", "path": "media/graph/graph_summary_dc0611eee5461a018c5f.graph.json", "sha256": "dc0611eee5461a018c5f184c806f752fb52091a6b91ab425966161c2823f1688", "size": 719}, "examples": {"_type": "images/separated", "width": 28, "height": 28, "format": "png", "count": 36, "filenames": ["media/images/examples_4_d4137425a15f1c5eb739.png", "media/images/examples_4_872253072b0132b2f53e.png", "media/images/examples_4_ca4d06575846f7ba1fd0.png", "media/images/examples_4_4d26aa901fa3081c1aff.png", "media/images/examples_4_91d0cc18a9bd9b4af7f6.png", "media/images/examples_4_11fd834f8562ce45ee2e.png", "media/images/examples_4_74377023e0667136d5d6.png", "media/images/examples_4_9e10df95735fa60fb66b.png", "media/images/examples_4_90f01783e224e052440e.png", "media/images/examples_4_41d9e4b6546bec33a70e.png", "media/images/examples_4_e3d9557637571bad19f8.png", "media/images/examples_4_f8b91dad8e53928c1a11.png", "media/images/examples_4_00f71e2a4c6b7a7eb3d0.png", "media/images/examples_4_a27c850e9962112b198b.png", "media/images/examples_4_456bb4f0d31c1d14f49e.png", "media/images/examples_4_7103661e0d9bb1e67bfa.png", "media/images/examples_4_e573c0350fd77e79c3aa.png", "media/images/examples_4_4d98dce3bb078eb53382.png", "media/images/examples_4_ac3e7af9f6e35ad2c9d6.png", "media/images/examples_4_9e9e9bb07b29f2116754.png", "media/images/examples_4_688bd6973dbc49e673db.png", "media/images/examples_4_3ea4ffd3b5aed8c552e0.png", "media/images/examples_4_b0bd1a158d935c052291.png", "media/images/examples_4_8b56b3d82a8d6a4460d4.png", "media/images/examples_4_f4ef5d207b523bd57a2d.png", "media/images/examples_4_2768de9301dfb1bf6291.png", "media/images/examples_4_e40e154c0cb23f0cacb3.png", "media/images/examples_4_fffd07def22c597e9359.png", "media/images/examples_4_be6106bc0243a4ee4707.png", "media/images/examples_4_af8b5ba50c5c8122ab2c.png", "media/images/examples_4_7b12a788fd1ecd496494.png", "media/images/examples_4_f7026cea541abed70530.png", "media/images/examples_4_5c9f563768e355c035e4.png", "media/images/examples_4_a534c6e10defd0b7f94b.png", "media/images/examples_4_9a0f8ba0a2bfc6650ff5.png", "media/images/examples_4_4cabac90713fc268b467.png"], "captions": [2, 3, 0, 3, 4, 8, 9, 7, 2, 3, 8, 9, 7, 0, 7, 7, 4, 7, 4, 4, 7, 3, 8, 4, 5, 8, 9, 5, 1, 3, 4, 6, 0, 7, 4, 1]}, "_timestamp": 1650093877, "_runtime": 41, "epoch": 4, "loss": 0.3323436379432678, "accuracy": 0.8770833611488342, "val_loss": 0.36572718620300293, "val_accuracy": 0.8697999715805054, "_step": 4, "best_val_loss": 0.36572718620300293, "best_epoch": 4, "_wandb": {"runtime": 39}}