{"graph": {"_type": "graph-file", "path": "media/graph/graph_summary_9e6f729828d7a87c32cd.graph.json", "sha256": "9e6f729828d7a87c32cd8ce2373fefcc91f7ca2ae4678d60a504ff8f96f0ffa4", "size": 719}, "examples": {"_type": "images/separated", "width": 28, "height": 28, "format": "png", "count": 36, "filenames": ["media/images/examples_4_1b3d3df1506069c99054.png", "media/images/examples_4_07424bffe384c487aeb1.png", "media/images/examples_4_d8871fb8d308b1608471.png", "media/images/examples_4_ecec496d73eabf8725c4.png", "media/images/examples_4_2c5f8815ff52fbf80f31.png", "media/images/examples_4_e3169c460f10ba80448d.png", "media/images/examples_4_1582ab561563d46567a2.png", "media/images/examples_4_08d544875c53aad4f28e.png", "media/images/examples_4_8fca21b471d47a9b599d.png", "media/images/examples_4_2b5f2379a50416a98a06.png", "media/images/examples_4_66ffa9762c34489e0d3a.png", "media/images/examples_4_0ebdd19cc743ad4d6fc6.png", "media/images/examples_4_95e40b520fa804055116.png", "media/images/examples_4_f77d243b6ad455eb007f.png", "media/images/examples_4_6316b9687cf07d667674.png", "media/images/examples_4_0d404c7436de91c5659e.png", "media/images/examples_4_aad011b8f3bff22105c1.png", "media/images/examples_4_d98cb1437af494819497.png", "media/images/examples_4_96dc09aaa57662322b8a.png", "media/images/examples_4_4a2c7f485de0172ec559.png", "media/images/examples_4_6680193d64f632680119.png", "media/images/examples_4_b9663a7a4f40033ae40a.png", "media/images/examples_4_e0e00a52044fb421f59b.png", "media/images/examples_4_543df8a123c0b1edc283.png", "media/images/examples_4_e2d0d6cc1bf6e5e67e08.png", "media/images/examples_4_b0f6631c87a894e26aca.png", "media/images/examples_4_4f0da9f7b1587de938d4.png", "media/images/examples_4_5624e9fc5921db93e586.png", "media/images/examples_4_04e56f177daed86ce3de.png", "media/images/examples_4_baf1f6cd55307397d969.png", "media/images/examples_4_d88d3deee6bf29c2df85.png", "media/images/examples_4_c9445ef84dfbd8f3ca2a.png", "media/images/examples_4_75b2ad6560576c37711a.png", "media/images/examples_4_65dce7fd05158d8aea88.png", "media/images/examples_4_4366bbcbed204cc69443.png", "media/images/examples_4_9d4c4849e21eed82de2d.png"], "captions": [7, 3, 2, 9, 6, 1, 2, 0, 9, 1, 3, 3, 0, 6, 6, 0, 7, 9, 4, 4, 5, 7, 0, 7, 8, 3, 8, 8, 3, 4, 2, 0, 0, 8, 4, 4]}, "_timestamp": 1650097827, "_runtime": 42, "epoch": 4, "loss": 0.36533981561660767, "accuracy": 0.8666166663169861, "val_loss": 0.3715827465057373, "val_accuracy": 0.8647000193595886, "_step": 4, "best_val_loss": 0.3715827465057373, "best_epoch": 4, "_wandb": {"runtime": 40}}