{"graph": {"_type": "graph-file", "path": "media/graph/graph_summary_67b4cecd482748c3f0b1.graph.json", "sha256": "67b4cecd482748c3f0b18537d4014c705e23a092d681080ebb6087aad795091a", "size": 723}, "examples": {"_type": "images/separated", "width": 28, "height": 28, "format": "png", "count": 36, "filenames": ["media/images/examples_4_b24b1fadfcb8c711a957.png", "media/images/examples_4_a70e25f2a931e94414bd.png", "media/images/examples_4_7ea913407a7320f6a033.png", "media/images/examples_4_fa873249308902a60220.png", "media/images/examples_4_9380ef1fbd8755f3e6f3.png", "media/images/examples_4_3e236dc4d637c65c62fc.png", "media/images/examples_4_68320372467277775005.png", "media/images/examples_4_b0324f98b0ad7f519d61.png", "media/images/examples_4_8b19fb37ff2259725a6d.png", "media/images/examples_4_2e6982a5905c968777fd.png", "media/images/examples_4_babdf1ae33aa8a4346a2.png", "media/images/examples_4_27058d20bcf8467eda79.png", "media/images/examples_4_a9822986b147953aafc0.png", "media/images/examples_4_ba417b121f39bf9e07ea.png", "media/images/examples_4_39f8dc92cc67351c01b0.png", "media/images/examples_4_aa76d3a1ea4f22c4c67e.png", "media/images/examples_4_2adc22a2a1beab60d474.png", "media/images/examples_4_47aa63e2045b509818d9.png", "media/images/examples_4_937a8f072b648d983206.png", "media/images/examples_4_1b12d26bde47560fd967.png", "media/images/examples_4_84d3d99c740d7dfd3fc1.png", "media/images/examples_4_ac520204d4ebb7fe6dcf.png", "media/images/examples_4_916f7104fccde7521503.png", "media/images/examples_4_334185d60f40696095f9.png", "media/images/examples_4_1223344aa09ce417e241.png", "media/images/examples_4_eb7920a0a7842d0fde02.png", "media/images/examples_4_ceb260eb9f3e566801fa.png", "media/images/examples_4_20e8c5e1c92f1fc5fffe.png", "media/images/examples_4_1c747cf586e38002711c.png", "media/images/examples_4_c28dd985645d40ede842.png", "media/images/examples_4_c8e615aa9439b2479786.png", "media/images/examples_4_abbf210a0c1389f47ad6.png", "media/images/examples_4_a534c6e10defd0b7f94b.png", "media/images/examples_4_c9adc23a1aedd00dbbc9.png", "media/images/examples_4_cda0a9cd659b3dbb4f27.png", "media/images/examples_4_a4de7a24f12b80c91175.png"], "captions": [4, 1, 5, 3, 7, 9, 7, 6, 1, 6, 2, 6, 6, 7, 7, 1, 7, 6, 3, 2, 9, 5, 9, 9, 2, 4, 8, 5, 6, 0, 1, 4, 7, 0, 5, 1]}, "_timestamp": 1650094437, "_runtime": 39, "epoch": 4, "loss": 0.3153441846370697, "accuracy": 0.8829333186149597, "val_loss": 0.34651878476142883, "val_accuracy": 0.8751999735832214, "_step": 4, "best_val_loss": 0.34651878476142883, "best_epoch": 4, "_wandb": {"runtime": 37}}