{"graph": {"_type": "graph-file", "path": "media/graph/graph_summary_9e6f729828d7a87c32cd.graph.json", "sha256": "9e6f729828d7a87c32cd8ce2373fefcc91f7ca2ae4678d60a504ff8f96f0ffa4", "size": 719}, "examples": {"_type": "images/separated", "width": 28, "height": 28, "format": "png", "count": 36, "filenames": ["media/images/examples_4_e472c47c66e6b04a88d2.png", "media/images/examples_4_d89549f6021bbef2c207.png", "media/images/examples_4_d6fe7fdde19c2684ddaa.png", "media/images/examples_4_c002e7fb397ccb13a9fe.png", "media/images/examples_4_6cb2c6e3ee09fd935aa9.png", "media/images/examples_4_d5754aa5282d611c8ff7.png", "media/images/examples_4_b59753d43c0a3720b6fd.png", "media/images/examples_4_2b2cf91f71dbeb684af6.png", "media/images/examples_4_1fa4bb816f657d8d91c3.png", "media/images/examples_4_97800a6af88a254f50d0.png", "media/images/examples_4_1ba1e6d2db5fe777e1e2.png", "media/images/examples_4_01553fd20fa8c338ce4e.png", "media/images/examples_4_15fe0010adfb0c081520.png", "media/images/examples_4_a03212f2135d62e682b0.png", "media/images/examples_4_846d7952c3388d14dbd7.png", "media/images/examples_4_e2a2650c0e2038d84a5c.png", "media/images/examples_4_740a8708b5befcbc5d7a.png", "media/images/examples_4_1e45144ef0b4d111d75e.png", "media/images/examples_4_d96587c4095aefe16635.png", "media/images/examples_4_9e516b2c3f04c36f949a.png", "media/images/examples_4_9a3c11081f4f561674c3.png", "media/images/examples_4_1d196833c058080d4d19.png", "media/images/examples_4_6af2ab27637fac25046b.png", "media/images/examples_4_7c3f64d1eda436015b60.png", "media/images/examples_4_fd692b25e30218fa11bc.png", "media/images/examples_4_41d9e4b6546bec33a70e.png", "media/images/examples_4_635d954535c963b86773.png", "media/images/examples_4_df8d816e72e93fef8930.png", "media/images/examples_4_1a2ca453f14ce5ca50b9.png", "media/images/examples_4_b772109db105f77e75c4.png", "media/images/examples_4_ac4d773802d2cc526eec.png", "media/images/examples_4_a47e16d3816f5df691ab.png", "media/images/examples_4_7bf830f3b9d2cc457cde.png", "media/images/examples_4_e77d66af905258832d55.png", "media/images/examples_4_eac3e25cf84bf9c18b73.png", "media/images/examples_4_131f0a27e3bc81bb3ba6.png"], "captions": [7, 3, 0, 0, 4, 0, 9, 8, 3, 3, 5, 1, 9, 2, 4, 1, 8, 9, 7, 1, 4, 7, 6, 8, 1, 3, 8, 1, 1, 1, 0, 2, 7, 8, 1, 9]}, "_timestamp": 1650096931, "_runtime": 42, "epoch": 4, "loss": 0.3526197373867035, "accuracy": 0.8711000084877014, "val_loss": 0.3686884641647339, "val_accuracy": 0.8675000071525574, "_step": 4, "best_val_loss": 0.3686884641647339, "best_epoch": 4, "_wandb": {"runtime": 40}}