{"graph": {"_type": "graph-file", "path": "media/graph/graph_summary_dc0611eee5461a018c5f.graph.json", "sha256": "dc0611eee5461a018c5f184c806f752fb52091a6b91ab425966161c2823f1688", "size": 719}, "examples": {"_type": "images/separated", "width": 28, "height": 28, "format": "png", "count": 36, "filenames": ["media/images/examples_4_d453e1049054c1cf4a5b.png", "media/images/examples_4_ba686b30f43807d44481.png", "media/images/examples_4_c8ff915618470825ae3f.png", "media/images/examples_4_b1ea40612a23c27684ad.png", "media/images/examples_4_c9adc23a1aedd00dbbc9.png", "media/images/examples_4_5e1c7ee88b89f7c200b7.png", "media/images/examples_4_842f70d49ec64f79a9f3.png", "media/images/examples_4_ba438afb25adcaba5136.png", "media/images/examples_4_8854e1dab0d053e9ca86.png", "media/images/examples_4_7862c83975ad0ba5f7f1.png", "media/images/examples_4_a6e29a488dc1563d30e0.png", "media/images/examples_4_46a442d60e88c3d0a107.png", "media/images/examples_4_05af14898b18ebfaa1d3.png", "media/images/examples_4_60e17a7779464ba79a2f.png", "media/images/examples_4_6846f82c5f3178d2af9d.png", "media/images/examples_4_c8354bf175a058dd0f4d.png", "media/images/examples_4_8b1166e7350f6459e642.png", "media/images/examples_4_a02d65e8f53a39e3668c.png", "media/images/examples_4_9350a6702b11da803af2.png", "media/images/examples_4_6ed308f4001e615dbe04.png", "media/images/examples_4_b640f5e3d071d9a83bff.png", "media/images/examples_4_1fa4bb816f657d8d91c3.png", "media/images/examples_4_4aafb5afc9938c0f7b39.png", "media/images/examples_4_ba1406a57dc7fea7928c.png", "media/images/examples_4_a03aaa17a479810c0b55.png", "media/images/examples_4_e33e3b02cfcc97790d8b.png", "media/images/examples_4_26b6728b457d7a02da12.png", "media/images/examples_4_801c935dd956d5ec49f9.png", "media/images/examples_4_778d92f97d91ecbe8be1.png", "media/images/examples_4_f5afaf29fae4d33cf55b.png", "media/images/examples_4_98300a8c3ef8f96eb66d.png", "media/images/examples_4_0d1af426db1253fe4a80.png", "media/images/examples_4_a7efa882f0e62f7545de.png", "media/images/examples_4_fa74e292d00975cf9915.png", "media/images/examples_4_52536f7cf83bc5c98b3e.png", "media/images/examples_4_3fffb58aad34f8972993.png"], "captions": [9, 1, 4, 7, 0, 0, 1, 7, 3, 3, 3, 9, 4, 5, 3, 0, 7, 8, 7, 4, 6, 3, 5, 8, 5, 7, 1, 8, 7, 6, 0, 4, 7, 6, 2, 0]}, "_timestamp": 1650100528, "_runtime": 42, "epoch": 4, "loss": 0.42239224910736084, "accuracy": 0.8488166928291321, "val_loss": 0.3930118680000305, "val_accuracy": 0.8565999865531921, "_step": 4, "best_val_loss": 0.3930118680000305, "best_epoch": 4, "_wandb": {"runtime": 41}}