{"graph": {"_type": "graph-file", "path": "media/graph/graph_summary_67b4cecd482748c3f0b1.graph.json", "sha256": "67b4cecd482748c3f0b18537d4014c705e23a092d681080ebb6087aad795091a", "size": 723}, "examples": {"_type": "images/separated", "width": 28, "height": 28, "format": "png", "count": 36, "filenames": ["media/images/examples_4_57ba98bb251ba532c4aa.png", "media/images/examples_4_4b262ee3ba26cd679304.png", "media/images/examples_4_77404b9f07fe62bde9ee.png", "media/images/examples_4_de03f5cbd5782dd1cd11.png", "media/images/examples_4_84a4ca3c928983d1dd64.png", "media/images/examples_4_6b93ddf752a7cb8fdf9a.png", "media/images/examples_4_96dc09aaa57662322b8a.png", "media/images/examples_4_950c36470f1be3ce1c29.png", "media/images/examples_4_23fc3373418fa0fc129c.png", "media/images/examples_4_c163afc30fdfdb12f872.png", "media/images/examples_4_b23bbe11a0d4e12f84ed.png", "media/images/examples_4_3752ed6812bb642a3532.png", "media/images/examples_4_2e5e1ed02d9376cf6f70.png", "media/images/examples_4_de479264735650c8f649.png", "media/images/examples_4_4b0c8b7e32e744fc8e1a.png", "media/images/examples_4_39d6037301bc3dd68ea8.png", "media/images/examples_4_95da224a22f09cb6e8fd.png", "media/images/examples_4_e0df54ab92fd4e87ed3f.png", "media/images/examples_4_f29ce0b67ca9c6f17744.png", "media/images/examples_4_6e79d8c96bc05f669fd1.png", "media/images/examples_4_0d5cccd5aa7231baf262.png", "media/images/examples_4_f6d14c23ac773ca460cc.png", "media/images/examples_4_867dee69c7506d1f5aff.png", "media/images/examples_4_7b75d27c4c9cdff63887.png", "media/images/examples_4_7732576a56f0ae3303f7.png", "media/images/examples_4_021dcc62ff9890eda4c2.png", "media/images/examples_4_ae64d1d2d8f796dc1627.png", "media/images/examples_4_8f68c2845160fa85f5e3.png", "media/images/examples_4_de1ff3d948e799d3b349.png", "media/images/examples_4_c45964af9f5499b0078b.png", "media/images/examples_4_88a803bf32f93fbea120.png", "media/images/examples_4_32ccb69835f477f8668a.png", "media/images/examples_4_81df4b5e5f0d28b16bd1.png", "media/images/examples_4_7885868d46123b9bb1f8.png", "media/images/examples_4_a196afb3dded9d14db01.png", "media/images/examples_4_7c48e96a7c838cc27dbb.png"], "captions": [9, 0, 7, 4, 1, 8, 4, 9, 1, 2, 5, 8, 9, 6, 9, 5, 7, 4, 0, 3, 3, 4, 7, 6, 9, 7, 3, 5, 7, 8, 8, 3, 2, 2, 4, 4]}, "_timestamp": 1650099487, "_runtime": 41, "epoch": 4, "loss": 0.3563977777957916, "accuracy": 0.8704500198364258, "val_loss": 0.3766893744468689, "val_accuracy": 0.8654999732971191, "_step": 4, "best_val_loss": 0.3766893744468689, "best_epoch": 4, "_wandb": {"runtime": 40}}