{"graph": {"_type": "graph-file", "path": "media/graph/graph_summary_67b4cecd482748c3f0b1.graph.json", "sha256": "67b4cecd482748c3f0b18537d4014c705e23a092d681080ebb6087aad795091a", "size": 723}, "examples": {"_type": "images/separated", "width": 28, "height": 28, "format": "png", "count": 36, "filenames": ["media/images/examples_4_fd692b25e30218fa11bc.png", "media/images/examples_4_4bef77ab96c2739a34c4.png", "media/images/examples_4_0d14e167d9c36b080336.png", "media/images/examples_4_4f77f956b2603c0f36a1.png", "media/images/examples_4_e5f92e0dd21fd1a55f59.png", "media/images/examples_4_7e412cf40479d1fa57ee.png", "media/images/examples_4_6ca242df2d6ccc7d10f9.png", "media/images/examples_4_f5de3469111bf5f8b43b.png", "media/images/examples_4_1c3b11cb5c10ebd393f0.png", "media/images/examples_4_a979c4e3150f8e852bbc.png", "media/images/examples_4_451f0808ee8a7e9d418e.png", "media/images/examples_4_d4e5a216146fd8ac75bf.png", "media/images/examples_4_a580ff952d2c5871fafd.png", "media/images/examples_4_2a763364dd60edbb84b7.png", "media/images/examples_4_da56d42495705eb8265e.png", "media/images/examples_4_ccb3defca7c81bc99ddf.png", "media/images/examples_4_bd97a1ee810b7ff4d379.png", "media/images/examples_4_b3017aef72e5e48f7426.png", "media/images/examples_4_e16f625f09b4b13ef675.png", "media/images/examples_4_30d1e2caebdad2d77d4b.png", "media/images/examples_4_d217e6b2a8af05eeca7f.png", "media/images/examples_4_5fc2c1fa4210887a7a3f.png", "media/images/examples_4_29464905835db1b02cf6.png", "media/images/examples_4_4c74640d6335d2c074f5.png", "media/images/examples_4_2ed0157f76415ebb81ac.png", "media/images/examples_4_519c6a6dc641db3b58dd.png", "media/images/examples_4_d8a0c02ed3a194060252.png", "media/images/examples_4_e2a2650c0e2038d84a5c.png", "media/images/examples_4_c118b3098e25cda0d895.png", "media/images/examples_4_f9d8a90c69f7323d1c7b.png", "media/images/examples_4_5cd5c4b1a7e35422861b.png", "media/images/examples_4_33a4f5910a065b23bae6.png", "media/images/examples_4_a0a77a80fbdc39e5cd4c.png", "media/images/examples_4_5c0e8934ab4390e7a5ec.png", "media/images/examples_4_c782ee227bc1136aab08.png", "media/images/examples_4_c17f69fe5d00b3942855.png"], "captions": [1, 6, 4, 7, 5, 4, 1, 4, 8, 6, 1, 6, 8, 4, 4, 2, 3, 5, 7, 0, 5, 9, 7, 7, 3, 8, 5, 1, 8, 2, 6, 6, 4, 1, 2, 3]}, "_timestamp": 1650094542, "_runtime": 44, "epoch": 4, "loss": 0.3122828006744385, "accuracy": 0.885283350944519, "val_loss": 0.34414049983024597, "val_accuracy": 0.8747000098228455, "_step": 4, "best_val_loss": 0.34414049983024597, "best_epoch": 4, "_wandb": {"runtime": 42}}