{"graph": {"_type": "graph-file", "path": "media/graph/graph_summary_9e6f729828d7a87c32cd.graph.json", "sha256": "9e6f729828d7a87c32cd8ce2373fefcc91f7ca2ae4678d60a504ff8f96f0ffa4", "size": 719}, "examples": {"_type": "images/separated", "width": 28, "height": 28, "format": "png", "count": 36, "filenames": ["media/images/examples_4_04df98ca4abf14d03bcc.png", "media/images/examples_4_228f472543e195f36cc1.png", "media/images/examples_4_115d7f5c1af1339b5f27.png", "media/images/examples_4_61740296d5534649702a.png", "media/images/examples_4_0dc16703a290d49c7d2c.png", "media/images/examples_4_e4a036ec9dd8f0fc8677.png", "media/images/examples_4_9981a01e1a541e639228.png", "media/images/examples_4_601e30962658be0eca5a.png", "media/images/examples_4_3b6923cb63e9edf8c263.png", "media/images/examples_4_17f91be32a8a8e76c7fb.png", "media/images/examples_4_25d5b026c8f327b5b91d.png", "media/images/examples_4_3b85bc2b3a18a3a819bf.png", "media/images/examples_4_0bbde30edbab22c036e4.png", "media/images/examples_4_f148afcbcd1e9d663183.png", "media/images/examples_4_0bf3409d1e1666e3a9f5.png", "media/images/examples_4_2c635d4354d115c54bce.png", "media/images/examples_4_8b1166e7350f6459e642.png", "media/images/examples_4_877eda03c15a9ff7a6cb.png", "media/images/examples_4_afe487a2a12e9ea0ff87.png", "media/images/examples_4_c4b18fa8171820e9c045.png", "media/images/examples_4_04057a79225c8a1e826b.png", "media/images/examples_4_21fb0d97da9f2c847a7e.png", "media/images/examples_4_7b75d27c4c9cdff63887.png", "media/images/examples_4_c8f09205fbb9b0282c3b.png", "media/images/examples_4_8ee22a574c03d6cce41e.png", "media/images/examples_4_2e32cb80c4922848be94.png", "media/images/examples_4_c2821d6b31e79ed474b8.png", "media/images/examples_4_c165e0065eba37e5a4b9.png", "media/images/examples_4_4e0b0958876e0a332710.png", "media/images/examples_4_d6cfed82de27f8e2596a.png", "media/images/examples_4_1424322eabc699f10a15.png", "media/images/examples_4_4e9d3feab60887ef8399.png", "media/images/examples_4_f23f84cb271247ca9a50.png", "media/images/examples_4_b152fb02170e11f5a03a.png", "media/images/examples_4_1fe5442199261b94eafc.png", "media/images/examples_4_e45211ed918fc3c94de3.png"], "captions": [4, 7, 9, 3, 4, 1, 6, 7, 6, 3, 9, 3, 7, 3, 4, 9, 7, 3, 9, 3, 6, 7, 6, 0, 3, 1, 1, 9, 6, 2, 0, 5, 6, 4, 5, 0]}, "_timestamp": 1650101069, "_runtime": 43, "epoch": 4, "loss": 0.3896889388561249, "accuracy": 0.8593999743461609, "val_loss": 0.3856618106365204, "val_accuracy": 0.8607000112533569, "_step": 4, "best_val_loss": 0.3856618106365204, "best_epoch": 4, "_wandb": {"runtime": 40}}