{"graph": {"_type": "graph-file", "path": "media/graph/graph_summary_9e6f729828d7a87c32cd.graph.json", "sha256": "9e6f729828d7a87c32cd8ce2373fefcc91f7ca2ae4678d60a504ff8f96f0ffa4", "size": 719}, "examples": {"_type": "images/separated", "width": 28, "height": 28, "format": "png", "count": 36, "filenames": ["media/images/examples_4_be261dd054f5d169b3c6.png", "media/images/examples_4_ca88bb44798a3ba9ab0a.png", "media/images/examples_4_806eae13c61d3198cce5.png", "media/images/examples_4_f71d5112d622f9635e9c.png", "media/images/examples_4_5ea7817b9da022dc249d.png", "media/images/examples_4_0fad2c6ed1b88eff895a.png", "media/images/examples_4_2527cb5fd5f586459bd1.png", "media/images/examples_4_79e421a81697581edde3.png", "media/images/examples_4_664ec96c61ba8c086830.png", "media/images/examples_4_b836d613e4e321d3a64a.png", "media/images/examples_4_fee37a1e9b4debdba886.png", "media/images/examples_4_152725556f4694e6644f.png", "media/images/examples_4_8796f17fe74caea55871.png", "media/images/examples_4_be57c9435bba1337eace.png", "media/images/examples_4_1f199b7bfa782daf3891.png", "media/images/examples_4_68320372467277775005.png", "media/images/examples_4_9166c58f207659f75502.png", "media/images/examples_4_59f8d20e16194dee8001.png", "media/images/examples_4_b4090f640e3a296b1750.png", "media/images/examples_4_97d3018bb8901d9a48ab.png", "media/images/examples_4_4609552cdf3592c8a387.png", "media/images/examples_4_8c03926dc066b4fa8d56.png", "media/images/examples_4_cdd8932d987efb649e44.png", "media/images/examples_4_e29e1999aa5718717f4b.png", "media/images/examples_4_17a5dc5791f091b0e5da.png", "media/images/examples_4_de8771bb20ad56beb12c.png", "media/images/examples_4_ef9dac85dfba2fe01202.png", "media/images/examples_4_bd6a8ca099d28110b382.png", "media/images/examples_4_bf56efc4e6d025500cc8.png", "media/images/examples_4_a58835c6a3637c0f619d.png", "media/images/examples_4_7fcc00b1f12c9345b23d.png", "media/images/examples_4_26c7734d598ecf2e4d3d.png", "media/images/examples_4_c1a93abeca8c5e5ad5fd.png", "media/images/examples_4_3ee389a9b1b22b206588.png", "media/images/examples_4_589de7ec6e5d567ddc52.png", "media/images/examples_4_59936484904e8712ea02.png"], "captions": [6, 9, 3, 9, 4, 0, 6, 7, 3, 6, 1, 1, 6, 8, 2, 7, 5, 0, 2, 1, 8, 1, 1, 5, 8, 2, 6, 2, 8, 9, 8, 0, 3, 6, 9, 5]}, "_timestamp": 1650097089, "_runtime": 43, "epoch": 4, "loss": 0.3547285199165344, "accuracy": 0.871233344078064, "val_loss": 0.37256622314453125, "val_accuracy": 0.8664000034332275, "_step": 4, "best_val_loss": 0.37256622314453125, "best_epoch": 4, "_wandb": {"runtime": 41}}