{"graph": {"_type": "graph-file", "path": "media/graph/graph_summary_67b4cecd482748c3f0b1.graph.json", "sha256": "67b4cecd482748c3f0b18537d4014c705e23a092d681080ebb6087aad795091a", "size": 723}, "examples": {"_type": "images/separated", "width": 28, "height": 28, "format": "png", "count": 36, "filenames": ["media/images/examples_4_9ba656b2362b600f5c8d.png", "media/images/examples_4_0a6140440985d07b6842.png", "media/images/examples_4_325cd226015fc1900b03.png", "media/images/examples_4_31e3555ee467ecc0e0e3.png", "media/images/examples_4_2e5e1ed02d9376cf6f70.png", "media/images/examples_4_dac72aca6f6e4cbbfdab.png", "media/images/examples_4_66838832aa4394f0d7a4.png", "media/images/examples_4_d3ece2d0befa1ec8ef02.png", "media/images/examples_4_917c308ec48c3af69f98.png", "media/images/examples_4_48de2a0c773cd8148a96.png", "media/images/examples_4_c4e96a11e8fa53e084b2.png", "media/images/examples_4_f6e7eefe89539862d5eb.png", "media/images/examples_4_50df0fd8d5ac309ff08e.png", "media/images/examples_4_84e683866daba3558537.png", "media/images/examples_4_469e38bae10e508cce22.png", "media/images/examples_4_50b1117145bbf50b5413.png", "media/images/examples_4_fe6a0aa73dc89b90ad85.png", "media/images/examples_4_c883e8b9e955faf38442.png", "media/images/examples_4_840936924d3ae3f8814f.png", "media/images/examples_4_0ca395412d19f2023f24.png", "media/images/examples_4_4df0abaf73c7b7cd0c4a.png", "media/images/examples_4_7717dc7580f8fff00810.png", "media/images/examples_4_e3c12ba2407817ade705.png", "media/images/examples_4_dae5dc61f089c6abc48a.png", "media/images/examples_4_7ffbd3da7c2085945d90.png", "media/images/examples_4_90d8eeea35c323d3db9e.png", "media/images/examples_4_38f5ec008d92304fe3b3.png", "media/images/examples_4_f1225fe7bb5cd19ea3d7.png", "media/images/examples_4_c9384ec282c3bb50feb2.png", "media/images/examples_4_fbe40dcc046d315f8b3a.png", "media/images/examples_4_b880413cdc447d285a11.png", "media/images/examples_4_c7dd4fb4714e300cd950.png", "media/images/examples_4_2b947eb7d35c71a5e1f2.png", "media/images/examples_4_52fe5e9008606ba32e14.png", "media/images/examples_4_8b56b3d82a8d6a4460d4.png", "media/images/examples_4_674e984367f19dea8ca9.png"], "captions": [8, 4, 1, 1, 9, 8, 5, 0, 3, 1, 2, 4, 7, 6, 7, 3, 0, 7, 7, 4, 5, 4, 1, 1, 7, 3, 8, 4, 4, 0, 1, 4, 4, 8, 4, 2]}, "_timestamp": 1650101122, "_runtime": 43, "epoch": 4, "loss": 0.37716516852378845, "accuracy": 0.8636166453361511, "val_loss": 0.37933793663978577, "val_accuracy": 0.8632000088691711, "_step": 4, "best_val_loss": 0.37933793663978577, "best_epoch": 4, "_wandb": {"runtime": 41}}