{"graph": {"_type": "graph-file", "path": "media/graph/graph_summary_a53a95702d85151948f7.graph.json", "sha256": "a53a95702d85151948f73d43661e1ecd50fb9842ad0faac231e69750d24bec12", "size": 583}, "examples": {"_type": "images/separated", "width": 28, "height": 28, "format": "png", "count": 36, "filenames": ["media/images/examples_4_bb50625f720e08f5a960.png", "media/images/examples_4_8336707cef538ae521bc.png", "media/images/examples_4_734137cd2552dff64992.png", "media/images/examples_4_229d84868d05e581775b.png", "media/images/examples_4_a9b4b14096ef79a5550b.png", "media/images/examples_4_c49b29815a376083fde2.png", "media/images/examples_4_eb3e1dc920fda74e2890.png", "media/images/examples_4_a261e9b894b0b58000d2.png", "media/images/examples_4_2cec476d6a19008d202c.png", "media/images/examples_4_8538ad63b760920e2f37.png", "media/images/examples_4_4cca1b5eecabd2524943.png", "media/images/examples_4_e9ea21a46a4400938490.png", "media/images/examples_4_d8cecf19a5c4e1d2e179.png", "media/images/examples_4_2cf6a736d16adec7dca2.png", "media/images/examples_4_8e76f33cbb3a1f67eb08.png", "media/images/examples_4_4d58926ff6854e9da2dc.png", "media/images/examples_4_c573446495442fa170f7.png", "media/images/examples_4_456535c34a4695e43481.png", "media/images/examples_4_5615b6e9dc079228a149.png", "media/images/examples_4_8fca21b471d47a9b599d.png", "media/images/examples_4_70a720deae6473da2955.png", "media/images/examples_4_1c5af4e4ea2682e5d115.png", "media/images/examples_4_20c3cc23ec0e3d1b19c1.png", "media/images/examples_4_68b7ab9cdc668686eae6.png", "media/images/examples_4_9308ef655b4d50291388.png", "media/images/examples_4_977e59376f8bca07690d.png", "media/images/examples_4_260d387868d77583da20.png", "media/images/examples_4_f77442ba3fb043e47c38.png", "media/images/examples_4_880818d0cb78c6413ba4.png", "media/images/examples_4_389d4c80609cae622afa.png", "media/images/examples_4_8378db38fd700b8a24b5.png", "media/images/examples_4_a28bc68d2577af4a1067.png", "media/images/examples_4_47c27b335e7e8197eec1.png", "media/images/examples_4_66327e55c81384faa8e7.png", "media/images/examples_4_90bf0fe0d2f765317b1e.png", "media/images/examples_4_c36a67daa01257085a41.png"], "captions": [2, 1, 3, 2, 1, 9, 2, 2, 4, 0, 5, 5, 2, 6, 0, 8, 0, 4, 7, 9, 7, 0, 4, 3, 2, 0, 1, 2, 6, 0, 6, 8, 8, 5, 7, 5]}, "_timestamp": 1650092676, "_runtime": 41, "epoch": 4, "loss": 0.312231183052063, "accuracy": 0.883816659450531, "val_loss": 0.36550429463386536, "val_accuracy": 0.8690999746322632, "_step": 4, "best_val_loss": 0.36550429463386536, "best_epoch": 4, "_wandb": {"runtime": 40}}