{"graph": {"_type": "graph-file", "path": "media/graph/graph_summary_fb5544179c5ca19991c7.graph.json", "sha256": "fb5544179c5ca19991c78d2f472d981a0b594cc492cc17e8410d503be0ea2d6c", "size": 586}, "examples": {"_type": "images/separated", "width": 28, "height": 28, "format": "png", "count": 36, "filenames": ["media/images/examples_4_6892a3fb854223d2bd80.png", "media/images/examples_4_78f65645b2b4a3e9b2bf.png", "media/images/examples_4_e21838428524d04356f9.png", "media/images/examples_4_a3c65ca4a72092e91c3e.png", "media/images/examples_4_fe46da43929ed23d9df4.png", "media/images/examples_4_61f2e4c13d199f1bf95a.png", "media/images/examples_4_aa06f47a5ba887a4af12.png", "media/images/examples_4_bac6c6f2d6753d1ab3d6.png", "media/images/examples_4_5ba3a35e256685579970.png", "media/images/examples_4_71411296345a8c3080e1.png", "media/images/examples_4_aec107a0ea7f28fd079b.png", "media/images/examples_4_d157029f64a5c3fcfc5b.png", "media/images/examples_4_b2b3a33dd58155c2f735.png", "media/images/examples_4_9e34c8679c6d7c0d12af.png", "media/images/examples_4_ac27350e5adf16031cbe.png", "media/images/examples_4_71c86d3013f5085f9adc.png", "media/images/examples_4_086ddbad957946d9bbba.png", "media/images/examples_4_6a48bda9754b8bb822ff.png", "media/images/examples_4_45483123fe29821958cb.png", "media/images/examples_4_60c196a02a83d2604a5e.png", "media/images/examples_4_fe24edb4641ce7befab0.png", "media/images/examples_4_9259b9109bc968176e3e.png", "media/images/examples_4_054a0185888f63b39443.png", "media/images/examples_4_54f1c98757b6dff994d4.png", "media/images/examples_4_c894effad4ad661db673.png", "media/images/examples_4_730ef0bd8366acf62874.png", "media/images/examples_4_6fd7d8a6c39022b77680.png", "media/images/examples_4_5e7d8faf3aba9679b985.png", "media/images/examples_4_7adaf5b21e881a4cc515.png", "media/images/examples_4_efe45dfd9a85b06d966d.png", "media/images/examples_4_9ebd6acc9380e2044c76.png", "media/images/examples_4_84fada7190cd22a768d2.png", "media/images/examples_4_fd13f20e93efdcb4b07a.png", "media/images/examples_4_4dada9bdac6b46d443ef.png", "media/images/examples_4_0b1ed77e317528533048.png", "media/images/examples_4_33b0c363cbf33de8ad95.png"], "captions": [7, 1, 2, 3, 7, 6, 4, 2, 3, 2, 4, 7, 7, 5, 9, 2, 5, 7, 0, 7, 7, 7, 8, 9, 1, 4, 2, 5, 2, 7, 8, 0, 9, 0, 8, 0]}, "_timestamp": 1650092772, "_runtime": 37, "epoch": 4, "loss": 0.29659217596054077, "accuracy": 0.8914999961853027, "val_loss": 0.38525208830833435, "val_accuracy": 0.8623999953269958, "_step": 4, "best_val_loss": 0.3611624240875244, "best_epoch": 3, "_wandb": {"runtime": 36}}