{"graph": {"_type": "graph-file", "path": "media/graph/graph_summary_67b4cecd482748c3f0b1.graph.json", "sha256": "67b4cecd482748c3f0b18537d4014c705e23a092d681080ebb6087aad795091a", "size": 723}, "examples": {"_type": "images/separated", "width": 28, "height": 28, "format": "png", "count": 36, "filenames": ["media/images/examples_4_8fa4bc1c54a18244b43b.png", "media/images/examples_4_f6c71d017f86452b2f17.png", "media/images/examples_4_58105de2660f65bad172.png", "media/images/examples_4_0224f85ba7402e2363ec.png", "media/images/examples_4_ec30cb5b026650a820ea.png", "media/images/examples_4_f1673be9007342d3777f.png", "media/images/examples_4_68eecefb8de7c3effb12.png", "media/images/examples_4_5c8ff300ce8e716f5503.png", "media/images/examples_4_237377eff0f7084a6830.png", "media/images/examples_4_b93d15289027cd6e9fc9.png", "media/images/examples_4_d40452fa00718efb6ea3.png", "media/images/examples_4_62626f9a4e5058eddb99.png", "media/images/examples_4_56d485a82670cc8494b9.png", "media/images/examples_4_a9bdefc3d4ce6b40d75c.png", "media/images/examples_4_a0c6daa1936158ea2fe2.png", "media/images/examples_4_3f0767902d5570916e0f.png", "media/images/examples_4_80f848c0c515b0148fb1.png", "media/images/examples_4_5ff8b6463afc461fdcc9.png", "media/images/examples_4_2f308e92ed67bb905d5d.png", "media/images/examples_4_8796f17fe74caea55871.png", "media/images/examples_4_f181691c722aaa83c179.png", "media/images/examples_4_89ff9e12dcf23f3488b8.png", "media/images/examples_4_c165e0065eba37e5a4b9.png", "media/images/examples_4_0ec6f420b24191e8f66d.png", "media/images/examples_4_a574da8b850ce12ac827.png", "media/images/examples_4_9f387904e1e4d7c8b857.png", "media/images/examples_4_5abe142ba01e49be1d0c.png", "media/images/examples_4_afb9a56a4c54aa533ad3.png", "media/images/examples_4_24900610b241bbfd339e.png", "media/images/examples_4_41a7b34dad748023d5f5.png", "media/images/examples_4_ffa6bcdbda3237b026d7.png", "media/images/examples_4_0f38e6d91aba1a5cffb4.png", "media/images/examples_4_cec57cfa4e59f518a0b9.png", "media/images/examples_4_bfd7db96be55984acb4a.png", "media/images/examples_4_1c73fbffa82792f32071.png", "media/images/examples_4_a63a217e4efb875071ca.png"], "captions": [7, 0, 6, 8, 6, 0, 1, 7, 1, 1, 3, 7, 9, 2, 0, 1, 2, 5, 2, 6, 9, 8, 9, 5, 2, 9, 7, 3, 0, 4, 9, 4, 3, 3, 1, 2]}, "_timestamp": 1650097349, "_runtime": 41, "epoch": 4, "loss": 0.34421780705451965, "accuracy": 0.8748000264167786, "val_loss": 0.36734169721603394, "val_accuracy": 0.8694000244140625, "_step": 4, "best_val_loss": 0.36734169721603394, "best_epoch": 4, "_wandb": {"runtime": 40}}