{"graph": {"_type": "graph-file", "path": "media/graph/graph_summary_67b4cecd482748c3f0b1.graph.json", "sha256": "67b4cecd482748c3f0b18537d4014c705e23a092d681080ebb6087aad795091a", "size": 723}, "examples": {"_type": "images/separated", "width": 28, "height": 28, "format": "png", "count": 36, "filenames": ["media/images/examples_4_5bc40d80ee71781c5192.png", "media/images/examples_4_bb904afa2dddeb2880a0.png", "media/images/examples_4_d59107831034b854972e.png", "media/images/examples_4_294ef23697fe53c6ce18.png", "media/images/examples_4_b3947aee8c85389529db.png", "media/images/examples_4_3ea2d64f469b6e67cf1a.png", "media/images/examples_4_a63a217e4efb875071ca.png", "media/images/examples_4_de478d3338a411712ae2.png", "media/images/examples_4_e2ba4800bed19a3cba22.png", "media/images/examples_4_a9e3925a992d90c6bcd6.png", "media/images/examples_4_65fa231025fca3e15c2b.png", "media/images/examples_4_74b14f97354f3f489bb2.png", "media/images/examples_4_377ca20b4de2a12cb22d.png", "media/images/examples_4_26fcc32867e700daf9c7.png", "media/images/examples_4_efe3af2942d63290ad37.png", "media/images/examples_4_60c0b763b28c6e94cce5.png", "media/images/examples_4_c8528813ba4283348175.png", "media/images/examples_4_66b6852d0c4d3dd5fdf4.png", "media/images/examples_4_90d20fbe79f6d4995c5d.png", "media/images/examples_4_5a9e00afdc6e5399cba1.png", "media/images/examples_4_34c0167071d81385ee7a.png", "media/images/examples_4_662dd7b7bbabaebc70a5.png", "media/images/examples_4_ef679d2477cf5e8c3213.png", "media/images/examples_4_37441c7fd1e15aeaf551.png", "media/images/examples_4_70b6fa27f546ef3c100a.png", "media/images/examples_4_e9acb498e65d46ab2587.png", "media/images/examples_4_d80dcd7b1662337574e0.png", "media/images/examples_4_bcc27fea4fdd85387720.png", "media/images/examples_4_b301740ae73c1f0a7a16.png", "media/images/examples_4_fc6a4c73de64bcbdbaad.png", "media/images/examples_4_750c7ef506a425c3fbb0.png", "media/images/examples_4_b36ff8cc9664477a6da9.png", "media/images/examples_4_c58bcf3609f3ac7c58e6.png", "media/images/examples_4_4643e6107e434043ae00.png", "media/images/examples_4_8ff422347f6921a5cd9b.png", "media/images/examples_4_65daa5fedfdf01b3c0f3.png"], "captions": [8, 1, 2, 3, 7, 8, 2, 7, 8, 8, 5, 1, 9, 3, 3, 1, 5, 3, 1, 4, 1, 1, 8, 2, 6, 8, 7, 8, 8, 6, 2, 8, 0, 3, 4, 9]}, "_timestamp": 1650098384, "_runtime": 45, "epoch": 4, "loss": 0.3490443229675293, "accuracy": 0.8717166781425476, "val_loss": 0.37020793557167053, "val_accuracy": 0.8664000034332275, "_step": 4, "best_val_loss": 0.37020793557167053, "best_epoch": 4, "_wandb": {"runtime": 43}}