{"graph": {"_type": "graph-file", "path": "media/graph/graph_summary_9e6f729828d7a87c32cd.graph.json", "sha256": "9e6f729828d7a87c32cd8ce2373fefcc91f7ca2ae4678d60a504ff8f96f0ffa4", "size": 719}, "examples": {"_type": "images/separated", "width": 28, "height": 28, "format": "png", "count": 36, "filenames": ["media/images/examples_4_38cc0a7a7cb0a5847f93.png", "media/images/examples_4_9e8824c7f481bb637aa5.png", "media/images/examples_4_71fb68682c8406a76acf.png", "media/images/examples_4_ae36d9a7043c84a87d87.png", "media/images/examples_4_7f26e973946e52798bff.png", "media/images/examples_4_6ec95f24d9db77850296.png", "media/images/examples_4_af771df9b60abf4f73d7.png", "media/images/examples_4_5eb1a0115c496481ee26.png", "media/images/examples_4_ee7decb31caaac0491d2.png", "media/images/examples_4_e1ebcaa924723a0b8175.png", "media/images/examples_4_c51c88fef9b82b9db62f.png", "media/images/examples_4_5ca934a2f1b520451e9f.png", "media/images/examples_4_1c6946170bfc540169c7.png", "media/images/examples_4_6c1386799a1b3ee5917b.png", "media/images/examples_4_a2bbc00f673273a04b08.png", "media/images/examples_4_11d255daad7e445e02b9.png", "media/images/examples_4_1e45144ef0b4d111d75e.png", "media/images/examples_4_29451306ccfb2171b1a9.png", "media/images/examples_4_c70866977effeb8101d5.png", "media/images/examples_4_54bc346c3c781363be65.png", "media/images/examples_4_02821d1b7ba3339cdefe.png", "media/images/examples_4_5d291e09938cfbe332b2.png", "media/images/examples_4_ebd340085453ba5058e7.png", "media/images/examples_4_06fae97542ccbba0500b.png", "media/images/examples_4_179c9a3f45d215d842f3.png", "media/images/examples_4_ae3f83716004986aabb5.png", "media/images/examples_4_ff2d4d8058525f15a340.png", "media/images/examples_4_c937e4fabcd6b43821f1.png", "media/images/examples_4_13c1e8672f1dfd0fb80b.png", "media/images/examples_4_ed490beb41e83a02ff15.png", "media/images/examples_4_b7c7b69d59cd72efc867.png", "media/images/examples_4_6e2ad8f566539fe9fb3f.png", "media/images/examples_4_ba485d7decfd814fd116.png", "media/images/examples_4_bf9171ba575c09cad969.png", "media/images/examples_4_047ec9222503fe296568.png", "media/images/examples_4_858c9e888832cd9b4184.png"], "captions": [5, 7, 9, 7, 7, 8, 6, 6, 9, 3, 4, 9, 7, 6, 5, 4, 9, 5, 5, 0, 4, 6, 6, 7, 5, 7, 0, 0, 7, 5, 7, 5, 2, 0, 1, 3]}, "_timestamp": 1650094334, "_runtime": 41, "epoch": 4, "loss": 0.31743910908699036, "accuracy": 0.8827666640281677, "val_loss": 0.35911670327186584, "val_accuracy": 0.8690000176429749, "_step": 4, "best_val_loss": 0.35911670327186584, "best_epoch": 4, "_wandb": {"runtime": 39}}