{"graph": {"_type": "graph-file", "path": "media/graph/graph_summary_9e6f729828d7a87c32cd.graph.json", "sha256": "9e6f729828d7a87c32cd8ce2373fefcc91f7ca2ae4678d60a504ff8f96f0ffa4", "size": 719}, "examples": {"_type": "images/separated", "width": 28, "height": 28, "format": "png", "count": 36, "filenames": ["media/images/examples_4_cc7df84207eada3a3532.png", "media/images/examples_4_2cb4a3a7e6d2d08b90e2.png", "media/images/examples_4_f45e1b84983ce9a2d22e.png", "media/images/examples_4_ac51a658ab95a8c9b932.png", "media/images/examples_4_422201ad6e968c00c570.png", "media/images/examples_4_3201d881fbe6e48882ec.png", "media/images/examples_4_c27446809ec0250e9b58.png", "media/images/examples_4_2c0c6cbed717a1c7f335.png", "media/images/examples_4_26cf8e5c7020463a36a2.png", "media/images/examples_4_d643468f5069d076d07c.png", "media/images/examples_4_c9384ec282c3bb50feb2.png", "media/images/examples_4_fabd472a0d6caa7437f7.png", "media/images/examples_4_b283471b3e49fa5c2d60.png", "media/images/examples_4_5fbda5bcad1c84675741.png", "media/images/examples_4_c85ca3ddc6100283dafe.png", "media/images/examples_4_fd58127a3663d41539a6.png", "media/images/examples_4_92253f9b2bec8d2ff18c.png", "media/images/examples_4_1c51f1a82375a143432d.png", "media/images/examples_4_e6df1ac0fdbcf1f5db12.png", "media/images/examples_4_565e4452a5a952db812b.png", "media/images/examples_4_7d953d4e65932910d0b2.png", "media/images/examples_4_8195f5a20e8e1afbe725.png", "media/images/examples_4_cbcdcd296091849c33b2.png", "media/images/examples_4_1893a2935ee586411be3.png", "media/images/examples_4_b772109db105f77e75c4.png", "media/images/examples_4_eb77e94a459b4b4f0edc.png", "media/images/examples_4_e9986c75d12a61e4ae88.png", "media/images/examples_4_481c3bcc5cffec348407.png", "media/images/examples_4_64645dd28ef5d7687500.png", "media/images/examples_4_b6f6acb41edf39812328.png", "media/images/examples_4_b3c7f818611a2fac9dda.png", "media/images/examples_4_7b85d3f6db53a677e52c.png", "media/images/examples_4_0bf3409d1e1666e3a9f5.png", "media/images/examples_4_7ab4cf3b39fe803ad098.png", "media/images/examples_4_08a42aced40a71d09e5f.png", "media/images/examples_4_4dfcd0d75bee5274287d.png"], "captions": [1, 0, 3, 1, 4, 1, 3, 1, 5, 9, 4, 8, 7, 6, 2, 4, 8, 3, 9, 4, 9, 7, 0, 9, 1, 6, 1, 6, 4, 8, 0, 5, 4, 5, 2, 4]}, "_timestamp": 1650095117, "_runtime": 42, "epoch": 4, "loss": 0.3391020894050598, "accuracy": 0.8773666620254517, "val_loss": 0.3654944598674774, "val_accuracy": 0.8684999942779541, "_step": 4, "best_val_loss": 0.3654944598674774, "best_epoch": 4, "_wandb": {"runtime": 41}}