{"graph": {"_type": "graph-file", "path": "media/graph/graph_summary_dc0611eee5461a018c5f.graph.json", "sha256": "dc0611eee5461a018c5f184c806f752fb52091a6b91ab425966161c2823f1688", "size": 719}, "examples": {"_type": "images/separated", "width": 28, "height": 28, "format": "png", "count": 36, "filenames": ["media/images/examples_4_c7bfa04c1f0f9110e34d.png", "media/images/examples_4_4ef7f6f49bca68001630.png", "media/images/examples_4_b8a7b45ae2da0980c020.png", "media/images/examples_4_e8d751033247637feb33.png", "media/images/examples_4_c4660b47d6a143e9fadf.png", "media/images/examples_4_cc5cf5204c742fa9ab4f.png", "media/images/examples_4_f5afaf29fae4d33cf55b.png", "media/images/examples_4_a33d6e9aec4e93810526.png", "media/images/examples_4_840a609d3abbf0a21de6.png", "media/images/examples_4_708dba039cf08d93d3ea.png", "media/images/examples_4_75d9391e6d303ce47f4c.png", "media/images/examples_4_e924e4b4386209e56e5b.png", "media/images/examples_4_310ae9722e18d2d6d665.png", "media/images/examples_4_1e2043b1de7e9b177579.png", "media/images/examples_4_a02d65e8f53a39e3668c.png", "media/images/examples_4_5b3a296381cd2e9f9242.png", "media/images/examples_4_e9ee80bde8bf57942a4c.png", "media/images/examples_4_6f1ba694897c14f577a1.png", "media/images/examples_4_56dedb8e24c10bdc825d.png", "media/images/examples_4_630369e02d53dcc3f17e.png", "media/images/examples_4_80b8a9dc5349ffd29d29.png", "media/images/examples_4_b60c2e761a8598d67eeb.png", "media/images/examples_4_387ce0c13879f4ad6249.png", "media/images/examples_4_ddc1b20915a9428bf6c5.png", "media/images/examples_4_36ee3887d0ab7c0a3930.png", "media/images/examples_4_a9e38b4d415eed3a1891.png", "media/images/examples_4_3266b701baeb294170e3.png", "media/images/examples_4_58347954e018f77aff90.png", "media/images/examples_4_27db9ba97b013e4e4eee.png", "media/images/examples_4_b18eabdee0bb09d63785.png", "media/images/examples_4_5ea0e2678bf2a1c35f54.png", "media/images/examples_4_2b652fb5423ec60d0136.png", "media/images/examples_4_e11bf1c4f7e61f6d09ba.png", "media/images/examples_4_94191efc9f0a78b695f3.png", "media/images/examples_4_95c977ef699bfbbd5f94.png", "media/images/examples_4_9b7896c29ff18d55e5b8.png"], "captions": [7, 8, 1, 8, 0, 2, 6, 7, 4, 6, 0, 5, 4, 8, 8, 4, 2, 5, 3, 8, 9, 8, 9, 0, 7, 2, 3, 2, 8, 3, 8, 4, 2, 6, 4, 2]}, "_timestamp": 1650095788, "_runtime": 40, "epoch": 4, "loss": 0.356549471616745, "accuracy": 0.8702499866485596, "val_loss": 0.36425843834877014, "val_accuracy": 0.8673999905586243, "_step": 4, "best_val_loss": 0.36425843834877014, "best_epoch": 4, "_wandb": {"runtime": 39}}