{"graph": {"_type": "graph-file", "path": "media/graph/graph_summary_67b4cecd482748c3f0b1.graph.json", "sha256": "67b4cecd482748c3f0b18537d4014c705e23a092d681080ebb6087aad795091a", "size": 723}, "examples": {"_type": "images/separated", "width": 28, "height": 28, "format": "png", "count": 36, "filenames": ["media/images/examples_4_17a5dc5791f091b0e5da.png", "media/images/examples_4_afe553d73bbf597e71c4.png", "media/images/examples_4_662dd7b7bbabaebc70a5.png", "media/images/examples_4_763fa4191ca487ad5ae1.png", "media/images/examples_4_22fb8a05e0d3961c3a2c.png", "media/images/examples_4_54bc346c3c781363be65.png", "media/images/examples_4_dd43d55feb3c3a9664d7.png", "media/images/examples_4_cbedd48783de2184236c.png", "media/images/examples_4_2b6b3a3d388fb54ec9ae.png", "media/images/examples_4_de082fb6c410bbcd83fe.png", "media/images/examples_4_f14c542c10d4a5c08a97.png", "media/images/examples_4_398c34b14f59449d0a9f.png", "media/images/examples_4_7c6d0f16e9e11ddd4cbc.png", "media/images/examples_4_27ee3380fcf3dad9a165.png", "media/images/examples_4_578bb6d4cf0c6179ae8a.png", "media/images/examples_4_dc5d711dac88283bf132.png", "media/images/examples_4_b0b974bce8ea645b5adb.png", "media/images/examples_4_4a4352959d5bbfde5371.png", "media/images/examples_4_f73faa1d5c334981717b.png", "media/images/examples_4_7325748562ad4406ad2e.png", "media/images/examples_4_e343830873840a758aee.png", "media/images/examples_4_16554d62eebede18b81a.png", "media/images/examples_4_fdaf589a99eab28dbcad.png", "media/images/examples_4_3443763aed80986d22e6.png", "media/images/examples_4_511f1a254ac07540a046.png", "media/images/examples_4_6a0249aa631f599f8008.png", "media/images/examples_4_c6c8336d993acbbf756b.png", "media/images/examples_4_f6ec4b0a4f1856ac5c13.png", "media/images/examples_4_481eb3c9ee5d1079d00f.png", "media/images/examples_4_558a720fe9346a6d6d69.png", "media/images/examples_4_9aea3913067d5a2079f3.png", "media/images/examples_4_576f513edfad181491d7.png", "media/images/examples_4_2476e2afbac60bfbd4d7.png", "media/images/examples_4_25d42045e71e4e7444d3.png", "media/images/examples_4_d9a9b8c977f3ec3db718.png", "media/images/examples_4_f494ee8f0a99aff1b83a.png"], "captions": [8, 8, 1, 5, 4, 0, 5, 7, 5, 3, 6, 8, 3, 3, 9, 7, 3, 5, 8, 0, 3, 7, 3, 3, 1, 0, 6, 0, 0, 6, 7, 5, 2, 3, 3, 8]}, "_timestamp": 1650102361, "_runtime": 52, "epoch": 4, "loss": 0.4058130085468292, "accuracy": 0.852066695690155, "val_loss": 0.37854069471359253, "val_accuracy": 0.8639000058174133, "_step": 4, "best_val_loss": 0.37854069471359253, "best_epoch": 4, "_wandb": {"runtime": 49}}