{"graph": {"_type": "graph-file", "path": "media/graph/graph_summary_67b4cecd482748c3f0b1.graph.json", "sha256": "67b4cecd482748c3f0b18537d4014c705e23a092d681080ebb6087aad795091a", "size": 723}, "examples": {"_type": "images/separated", "width": 28, "height": 28, "format": "png", "count": 36, "filenames": ["media/images/examples_4_7745344c1a23decbdb01.png", "media/images/examples_4_44356bd646b88cac9998.png", "media/images/examples_4_14fbec3dd4edab4de1d4.png", "media/images/examples_4_52e359726ac803a26143.png", "media/images/examples_4_b57a0b49a9ebf3ebf1fa.png", "media/images/examples_4_6c80293e648377182c24.png", "media/images/examples_4_d19b404d18ccca2349db.png", "media/images/examples_4_af7ad1c88ca81a45d950.png", "media/images/examples_4_eb0d0037e44a6cb47172.png", "media/images/examples_4_be90f042daa4f88ae82e.png", "media/images/examples_4_3e78facad4f43c03a6fe.png", "media/images/examples_4_652007eb409979110aa5.png", "media/images/examples_4_b68f266343c7ea36d5cd.png", "media/images/examples_4_065dab8579e69f099ecb.png", "media/images/examples_4_9736c26027e86fd6aa91.png", "media/images/examples_4_cb6708eeb0ae25eabeba.png", "media/images/examples_4_02862d54df5792be4a6e.png", "media/images/examples_4_2eb9f80fc570303f001e.png", "media/images/examples_4_e8f965a9f4faa78791e1.png", "media/images/examples_4_d8a35ed15d83641bbf9d.png", "media/images/examples_4_1ad8340d93cb1cb807b3.png", "media/images/examples_4_4b0c8b372cc8a080ed20.png", "media/images/examples_4_14176c063ff41f51289f.png", "media/images/examples_4_130147f3d9ed4084d237.png", "media/images/examples_4_9d8c2536e035799a8b41.png", "media/images/examples_4_64fb3bb1c8d3f6faf7b2.png", "media/images/examples_4_c0e78250b548ff87b4e2.png", "media/images/examples_4_b35784e419e56b804bcf.png", "media/images/examples_4_64f1ba09fa6dbf3156c8.png", "media/images/examples_4_acaaa92a7c35106f6e3c.png", "media/images/examples_4_a3f1573fa3809215841b.png", "media/images/examples_4_d599c4e5f6defcbd85f8.png", "media/images/examples_4_d42717bac9f7c932ee3b.png", "media/images/examples_4_e11e6cfd070690c97e01.png", "media/images/examples_4_dee652a9890b698de40a.png", "media/images/examples_4_b36e677d5fb3283ce515.png"], "captions": [5, 1, 4, 1, 2, 8, 5, 6, 7, 9, 4, 7, 4, 0, 8, 2, 4, 0, 6, 0, 5, 7, 4, 4, 4, 7, 9, 1, 3, 9, 3, 8, 1, 6, 8, 5]}, "_timestamp": 1650101393, "_runtime": 43, "epoch": 4, "loss": 0.3752494752407074, "accuracy": 0.8636666536331177, "val_loss": 0.37584686279296875, "val_accuracy": 0.8658999800682068, "_step": 4, "best_val_loss": 0.37584686279296875, "best_epoch": 4, "_wandb": {"runtime": 41}}