{"graph": {"_type": "graph-file", "path": "media/graph/graph_summary_dc0611eee5461a018c5f.graph.json", "sha256": "dc0611eee5461a018c5f184c806f752fb52091a6b91ab425966161c2823f1688", "size": 719}, "examples": {"_type": "images/separated", "width": 28, "height": 28, "format": "png", "count": 36, "filenames": ["media/images/examples_4_b358b821a94f61805dc5.png", "media/images/examples_4_ef046b983ca73e4df2cb.png", "media/images/examples_4_49b70b0cea67b6ab841d.png", "media/images/examples_4_b808c17bbe7aaff1abdd.png", "media/images/examples_4_c645caefd7bd3d52c5ba.png", "media/images/examples_4_1f3bfa2ca4a9f5a0a8c9.png", "media/images/examples_4_2220141e0de149a58d7c.png", "media/images/examples_4_ee747decb087ea708378.png", "media/images/examples_4_858c9e888832cd9b4184.png", "media/images/examples_4_1712d217a08d72c3b340.png", "media/images/examples_4_12134bf6d7771decc0a2.png", "media/images/examples_4_e4a036ec9dd8f0fc8677.png", "media/images/examples_4_ca1b389ba0ad371529f4.png", "media/images/examples_4_7e206a7a0f9c3889e54f.png", "media/images/examples_4_df20ce1b6ca93809c93a.png", "media/images/examples_4_2da25736b85dca2241be.png", "media/images/examples_4_c4be8aacfa1703083dfe.png", "media/images/examples_4_e8aeb88f79365d4e7e0d.png", "media/images/examples_4_0d404c7436de91c5659e.png", "media/images/examples_4_d575511af87916b63d4d.png", "media/images/examples_4_d24e0a2957051a2c9497.png", "media/images/examples_4_07b2dcd0d6e8c3347679.png", "media/images/examples_4_876dee623f3069d9c91f.png", "media/images/examples_4_aeb1a3a6fafad84c2896.png", "media/images/examples_4_a79ba0fb5c9dfca42dc5.png", "media/images/examples_4_e19ce3693ab430883382.png", "media/images/examples_4_03eb94063249211bd29d.png", "media/images/examples_4_d558609143b6b1665bcd.png", "media/images/examples_4_a4bd3bdb0609bc2f57f6.png", "media/images/examples_4_f9420443d016627cdec7.png", "media/images/examples_4_3b24144f4e53ddfe94df.png", "media/images/examples_4_a73414ec201e6038dc8d.png", "media/images/examples_4_e56137e91e080248aa30.png", "media/images/examples_4_51ad06dff7f5a25ad1a1.png", "media/images/examples_4_bac6c6f2d6753d1ab3d6.png", "media/images/examples_4_31e1b93553c621499c73.png"], "captions": [8, 4, 9, 6, 8, 1, 2, 1, 3, 0, 1, 1, 0, 4, 4, 4, 3, 9, 0, 9, 7, 3, 3, 4, 5, 9, 8, 9, 7, 6, 1, 6, 1, 8, 2, 0]}, "_timestamp": 1650099740, "_runtime": 41, "epoch": 4, "loss": 0.42257311940193176, "accuracy": 0.847100019454956, "val_loss": 0.3887588083744049, "val_accuracy": 0.857699990272522, "_step": 4, "best_val_loss": 0.3887588083744049, "best_epoch": 4, "_wandb": {"runtime": 40}}