{"graph": {"_type": "graph-file", "path": "media/graph/graph_summary_67b4cecd482748c3f0b1.graph.json", "sha256": "67b4cecd482748c3f0b18537d4014c705e23a092d681080ebb6087aad795091a", "size": 723}, "examples": {"_type": "images/separated", "width": 28, "height": 28, "format": "png", "count": 36, "filenames": ["media/images/examples_4_67a0909fada1c10b3f38.png", "media/images/examples_4_4e89b9e0083ca761d107.png", "media/images/examples_4_cfe3bddd9e85ce3ac869.png", "media/images/examples_4_005372189f6cf309efdf.png", "media/images/examples_4_49d17fcb13711a44420d.png", "media/images/examples_4_7179212c20916330d8ee.png", "media/images/examples_4_b3ad45912e12ccaac6fd.png", "media/images/examples_4_a2502608358bb4cc1b06.png", "media/images/examples_4_72ebe50f2d41884e7561.png", "media/images/examples_4_89de9c05d8dec8a573d5.png", "media/images/examples_4_53936cb07a38352bdf34.png", "media/images/examples_4_d09fc7391212a85aa7b6.png", "media/images/examples_4_039d4c4bfa610bf8224a.png", "media/images/examples_4_093930f441490a8016b3.png", "media/images/examples_4_0bdfe1d137ab683416f4.png", "media/images/examples_4_6b81dadc1691eb63cf45.png", "media/images/examples_4_c6e91619edf5ea0f1ae8.png", "media/images/examples_4_753f10adcc4b06cd8ba0.png", "media/images/examples_4_41a1aba2b40a975ba9c2.png", "media/images/examples_4_be695c403d2bec51524d.png", "media/images/examples_4_c420c4337e310d1f674d.png", "media/images/examples_4_156cdd48c7c213a41e3d.png", "media/images/examples_4_69ee6c4b23fd4453a32b.png", "media/images/examples_4_664076753d0e2f33acd6.png", "media/images/examples_4_a5e4debddc7b8ee32aac.png", "media/images/examples_4_9736c26027e86fd6aa91.png", "media/images/examples_4_7c155231f429d16b0ccd.png", "media/images/examples_4_e0bf2288f52b426a372f.png", "media/images/examples_4_899ca0867a1e3ee8a9f5.png", "media/images/examples_4_9224e454e3f1f969430c.png", "media/images/examples_4_34eb37a5e5f16b0ae783.png", "media/images/examples_4_b929e8bffec2b5fb526a.png", "media/images/examples_4_15fe0010adfb0c081520.png", "media/images/examples_4_47613c5ce3c1e1998eb7.png", "media/images/examples_4_bd5187704640e8b44c87.png", "media/images/examples_4_454dc6013e8c0ce0aaa4.png"], "captions": [5, 5, 6, 0, 0, 1, 5, 0, 6, 8, 0, 5, 2, 1, 6, 5, 4, 7, 1, 4, 4, 3, 0, 6, 5, 8, 5, 3, 5, 8, 3, 0, 9, 8, 9, 6]}, "_timestamp": 1650100280, "_runtime": 41, "epoch": 4, "loss": 0.3772739768028259, "accuracy": 0.861466646194458, "val_loss": 0.3923354148864746, "val_accuracy": 0.8562999963760376, "_step": 4, "best_val_loss": 0.37830445170402527, "best_epoch": 3, "_wandb": {"runtime": 39}}