{"graph": {"_type": "graph-file", "path": "media/graph/graph_summary_67b4cecd482748c3f0b1.graph.json", "sha256": "67b4cecd482748c3f0b18537d4014c705e23a092d681080ebb6087aad795091a", "size": 723}, "examples": {"_type": "images/separated", "width": 28, "height": 28, "format": "png", "count": 36, "filenames": ["media/images/examples_4_7f22dd0e325b5a9ba7c9.png", "media/images/examples_4_8181099fe668ca708e17.png", "media/images/examples_4_92253f9b2bec8d2ff18c.png", "media/images/examples_4_a68edcc205a657734749.png", "media/images/examples_4_67fb40622ee5f5500cf1.png", "media/images/examples_4_7b671e78bf02b530933e.png", "media/images/examples_4_f0c00947654e244f7714.png", "media/images/examples_4_89a8fe5c93a7f649f2e6.png", "media/images/examples_4_9913e0af75caea46739d.png", "media/images/examples_4_5a1232b8874938f4b305.png", "media/images/examples_4_7f6c3ecee9e45b24cc4a.png", "media/images/examples_4_ce25cbfa9eb2623590c0.png", "media/images/examples_4_cc7df84207eada3a3532.png", "media/images/examples_4_3fb17f303fb10f9acb12.png", "media/images/examples_4_b528fd8cfe5f2d05ef2f.png", "media/images/examples_4_345724c98c870f81d3a7.png", "media/images/examples_4_ef3dde6781b919ff0fb3.png", "media/images/examples_4_53abf5549d9766412833.png", "media/images/examples_4_5c8957953c652b190134.png", "media/images/examples_4_09bbb3e0ce71ba51b8d6.png", "media/images/examples_4_36199cf315ca51db8765.png", "media/images/examples_4_de8c3eff3ab608da5a54.png", "media/images/examples_4_35250920e3270ccff965.png", "media/images/examples_4_9c9506e25e11547341a6.png", "media/images/examples_4_e065337f867cc14ceb8c.png", "media/images/examples_4_71302e28aef049bbb38c.png", "media/images/examples_4_c8135470e05c948662b7.png", "media/images/examples_4_5d291e09938cfbe332b2.png", "media/images/examples_4_a4759a4f64c2d261b3c8.png", "media/images/examples_4_f27d714e0455386e2225.png", "media/images/examples_4_2d92c0770a3e44797779.png", "media/images/examples_4_b8a7b45ae2da0980c020.png", "media/images/examples_4_49399cbd1fac48e5e455.png", "media/images/examples_4_af771df9b60abf4f73d7.png", "media/images/examples_4_e8bf4bd0965ac3592cf8.png", "media/images/examples_4_dc03910fa0552f004c04.png"], "captions": [8, 6, 8, 2, 0, 8, 0, 8, 8, 8, 3, 9, 1, 6, 1, 2, 4, 1, 1, 5, 6, 0, 6, 3, 5, 2, 6, 6, 0, 4, 0, 1, 2, 6, 3, 6]}, "_timestamp": 1650100223, "_runtime": 42, "epoch": 4, "loss": 0.37465593218803406, "accuracy": 0.8625166416168213, "val_loss": 0.369640976190567, "val_accuracy": 0.8650000095367432, "_step": 4, "best_val_loss": 0.369640976190567, "best_epoch": 4, "_wandb": {"runtime": 40}}