{"graph": {"_type": "graph-file", "path": "media/graph/graph_summary_dc0611eee5461a018c5f.graph.json", "sha256": "dc0611eee5461a018c5f184c806f752fb52091a6b91ab425966161c2823f1688", "size": 719}, "examples": {"_type": "images/separated", "width": 28, "height": 28, "format": "png", "count": 36, "filenames": ["media/images/examples_4_bb033ea0001fba12f6bc.png", "media/images/examples_4_de1ff3d948e799d3b349.png", "media/images/examples_4_8730088cdd55e8e0e88e.png", "media/images/examples_4_9706d7cb1a7fe8d4c1da.png", "media/images/examples_4_aa6ff07a4966219be0e5.png", "media/images/examples_4_ebd340085453ba5058e7.png", "media/images/examples_4_96028584c84aac6bed1b.png", "media/images/examples_4_8470dbad6fbf059318c6.png", "media/images/examples_4_1f26cd79d2c503c7de7b.png", "media/images/examples_4_5be14db2e615a36e5892.png", "media/images/examples_4_290926cc351c87af6c1b.png", "media/images/examples_4_c111125d7b27b12a7632.png", "media/images/examples_4_4870e5f81fce61ad612d.png", "media/images/examples_4_0fa068030e939f67b87d.png", "media/images/examples_4_516dfdf02f4ec1d65eb5.png", "media/images/examples_4_392a28cd25237095cdc9.png", "media/images/examples_4_4f4380e52075e01177e4.png", "media/images/examples_4_52d1bf7e560e7a5f29bd.png", "media/images/examples_4_091abed302fbdd1d3adc.png", "media/images/examples_4_50049d1539b9e1517087.png", "media/images/examples_4_f946cc2f39a19a6d6e70.png", "media/images/examples_4_59d0d65d2d8b8173e3cf.png", "media/images/examples_4_ad286a8cb1a76dbe7145.png", "media/images/examples_4_3047c9c6f80116e7631b.png", "media/images/examples_4_3e0e6cd58408b3babee2.png", "media/images/examples_4_3a24d3bb5bfd1bd423e3.png", "media/images/examples_4_e2ba06a328864cd44b3d.png", "media/images/examples_4_e674064e788e7dd90277.png", "media/images/examples_4_5ec01d780efdba2af99d.png", "media/images/examples_4_2d3d39846335971f5ceb.png", "media/images/examples_4_6bfb3a791dbfe398ce74.png", "media/images/examples_4_32ce5eb2ed385faaa926.png", "media/images/examples_4_691be9c0fcabb3db8fe1.png", "media/images/examples_4_7b12a788fd1ecd496494.png", "media/images/examples_4_fb8c9e4fd78b9967747a.png", "media/images/examples_4_e5eefd33f5bbed837892.png"], "captions": [0, 7, 0, 3, 1, 2, 5, 1, 0, 7, 7, 7, 2, 0, 8, 0, 6, 3, 3, 1, 1, 8, 3, 1, 2, 8, 2, 0, 2, 5, 7, 8, 8, 4, 8, 8]}, "_timestamp": 1650094911, "_runtime": 40, "epoch": 4, "loss": 0.3501283526420593, "accuracy": 0.8743000030517578, "val_loss": 0.3733946681022644, "val_accuracy": 0.8666999936103821, "_step": 4, "best_val_loss": 0.3733946681022644, "best_epoch": 4, "_wandb": {"runtime": 39}}