{"graph": {"_type": "graph-file", "path": "media/graph/graph_summary_9e6f729828d7a87c32cd.graph.json", "sha256": "9e6f729828d7a87c32cd8ce2373fefcc91f7ca2ae4678d60a504ff8f96f0ffa4", "size": 719}, "examples": {"_type": "images/separated", "width": 28, "height": 28, "format": "png", "count": 36, "filenames": ["media/images/examples_4_eb716657051876e50543.png", "media/images/examples_4_fb32b2914b9700bf7d05.png", "media/images/examples_4_471f28a0779ba9903906.png", "media/images/examples_4_260e46005a33d7a1a6fb.png", "media/images/examples_4_3d9000c1cfffa62faee4.png", "media/images/examples_4_97729da0dbae4acb4493.png", "media/images/examples_4_7325748562ad4406ad2e.png", "media/images/examples_4_a9d667c1e17d29e57db6.png", "media/images/examples_4_613f2e7326972694b37c.png", "media/images/examples_4_0a92911163acf2282fff.png", "media/images/examples_4_83671f49d1ed8ec056a7.png", "media/images/examples_4_5591700efcb608540a44.png", "media/images/examples_4_c8a3ecabd001c3d9e969.png", "media/images/examples_4_a4430ded72ad011d4d8f.png", "media/images/examples_4_293c5319075c6393f537.png", "media/images/examples_4_86f20035e121361e0df7.png", "media/images/examples_4_70ae1c9fd4ea3a8c23b8.png", "media/images/examples_4_264d96c56d425a5c080d.png", "media/images/examples_4_ff73774e84a31753dea0.png", "media/images/examples_4_1d55010eb197b2800b20.png", "media/images/examples_4_76e4c12672276777314b.png", "media/images/examples_4_f1a6292fd4e9177ab7d5.png", "media/images/examples_4_b640f5e3d071d9a83bff.png", "media/images/examples_4_47712522fac253036451.png", "media/images/examples_4_eed21d2ca17d6e86203a.png", "media/images/examples_4_c25e2088b3ebd734ff45.png", "media/images/examples_4_599be9b8ecb41bc77f62.png", "media/images/examples_4_fd9c4050e25f5505f7f9.png", "media/images/examples_4_80305c933f5ac56fe5bf.png", "media/images/examples_4_94cb91a129da7eed64e3.png", "media/images/examples_4_ff6cab7dfe191ec3c4db.png", "media/images/examples_4_cb5f0e47ebb6f0a0b2d7.png", "media/images/examples_4_91bdfef716d179283b62.png", "media/images/examples_4_0a943d90d0bdc585173d.png", "media/images/examples_4_0821a478fe29ddb7c7d3.png", "media/images/examples_4_853445c6618fb28de759.png"], "captions": [3, 4, 4, 4, 2, 6, 0, 1, 1, 5, 4, 0, 0, 4, 9, 6, 5, 1, 3, 8, 7, 1, 3, 1, 2, 2, 6, 8, 5, 0, 7, 0, 5, 6, 6, 2]}, "_timestamp": 1650097999, "_runtime": 41, "epoch": 4, "loss": 0.36163732409477234, "accuracy": 0.8689666390419006, "val_loss": 0.39355140924453735, "val_accuracy": 0.8607000112533569, "_step": 4, "best_val_loss": 0.3874174654483795, "best_epoch": 2, "_wandb": {"runtime": 40}}