{"graph": {"_type": "graph-file", "path": "media/graph/graph_summary_dc0611eee5461a018c5f.graph.json", "sha256": "dc0611eee5461a018c5f184c806f752fb52091a6b91ab425966161c2823f1688", "size": 719}, "examples": {"_type": "images/separated", "width": 28, "height": 28, "format": "png", "count": 36, "filenames": ["media/images/examples_4_447e225190d28dc9bb65.png", "media/images/examples_4_ad78539f31bb8ae6ecd8.png", "media/images/examples_4_84957f9c76f9cb63ee7a.png", "media/images/examples_4_08d870bac0fad6eed0c4.png", "media/images/examples_4_4f3e9212e435c76712db.png", "media/images/examples_4_8b74ecd54308703a8ef1.png", "media/images/examples_4_63d4dd8818ee6670980b.png", "media/images/examples_4_6a0bcb6551744cf25f35.png", "media/images/examples_4_f8a7b1945e6ec2d56bf0.png", "media/images/examples_4_6558cb754fc7c797fbae.png", "media/images/examples_4_5e6c229028a384433f65.png", "media/images/examples_4_f6372d1063766c362583.png", "media/images/examples_4_c9f1046fb900207eeae1.png", "media/images/examples_4_6045a014e2160c98832d.png", "media/images/examples_4_c285bf7b428966c113c7.png", "media/images/examples_4_1ef8225d2ed473a51dd3.png", "media/images/examples_4_c6ee81306b01790e6635.png", "media/images/examples_4_f2ca23f73a5352b7e958.png", "media/images/examples_4_aa71cc63fd1c0ad2ef73.png", "media/images/examples_4_d00ee46df97eaa6ffcde.png", "media/images/examples_4_f6fbb0228821be0590c5.png", "media/images/examples_4_f633e18cf83fc7c1415c.png", "media/images/examples_4_0811853b620b5a65e254.png", "media/images/examples_4_ae11967e360f6ff19b78.png", "media/images/examples_4_9673edac36316c92e0e6.png", "media/images/examples_4_b8d399a128c259b270dc.png", "media/images/examples_4_062b53e0b53295029a75.png", "media/images/examples_4_221347c691cab5424bf5.png", "media/images/examples_4_1730f1d973b31645cadf.png", "media/images/examples_4_1fe5442199261b94eafc.png", "media/images/examples_4_95b2fc0ca0e37a09479d.png", "media/images/examples_4_c1a93abeca8c5e5ad5fd.png", "media/images/examples_4_7e6b54194a208f0190c3.png", "media/images/examples_4_cec57cfa4e59f518a0b9.png", "media/images/examples_4_9736c26027e86fd6aa91.png", "media/images/examples_4_3ef9d5053d205573ad7e.png"], "captions": [7, 6, 6, 6, 4, 4, 3, 1, 4, 4, 9, 1, 8, 2, 7, 8, 4, 7, 3, 3, 1, 4, 3, 8, 9, 3, 8, 3, 7, 5, 8, 3, 9, 3, 8, 7]}, "_timestamp": 1650096774, "_runtime": 43, "epoch": 4, "loss": 0.37190765142440796, "accuracy": 0.8670333623886108, "val_loss": 0.386927992105484, "val_accuracy": 0.8641999959945679, "_step": 4, "best_val_loss": 0.386927992105484, "best_epoch": 4, "_wandb": {"runtime": 41}}