{"graph": {"_type": "graph-file", "path": "media/graph/graph_summary_9e6f729828d7a87c32cd.graph.json", "sha256": "9e6f729828d7a87c32cd8ce2373fefcc91f7ca2ae4678d60a504ff8f96f0ffa4", "size": 719}, "examples": {"_type": "images/separated", "width": 28, "height": 28, "format": "png", "count": 36, "filenames": ["media/images/examples_4_84f240f6af96a6744fe2.png", "media/images/examples_4_bd4c147aab1acfdf537a.png", "media/images/examples_4_d15edb380ee70476b452.png", "media/images/examples_4_8cd6c8bc50e529b394d8.png", "media/images/examples_4_faa7de24f0d968a26113.png", "media/images/examples_4_9ab6d52d0d47d9e02eaf.png", "media/images/examples_4_fdb94fc59d43a67baa72.png", "media/images/examples_4_73b116b6edfad9270d96.png", "media/images/examples_4_5e1c7ee88b89f7c200b7.png", "media/images/examples_4_08c751ea9c2d9979cf1b.png", "media/images/examples_4_b38a8a4e1e175ff95f15.png", "media/images/examples_4_9c3a46ea103a0f57c91a.png", "media/images/examples_4_fc17ecd271c904c78831.png", "media/images/examples_4_226d940d592beb171c10.png", "media/images/examples_4_3da8dd84b00c31bb72a0.png", "media/images/examples_4_62f897600764ad72f775.png", "media/images/examples_4_5e8085c38b526ffd78be.png", "media/images/examples_4_1da45c59b015c884589e.png", "media/images/examples_4_76de0ef63b756fdd3289.png", "media/images/examples_4_47613c5ce3c1e1998eb7.png", "media/images/examples_4_fa9a98c151d1bd4bd291.png", "media/images/examples_4_42c078aaa1c056749eae.png", "media/images/examples_4_2a4e13852a1c88bc6a60.png", "media/images/examples_4_63049ae8c437c783ef24.png", "media/images/examples_4_161718a3bdf4304daf19.png", "media/images/examples_4_dea7994a6d456022c317.png", "media/images/examples_4_10982603bfbb21bf53f5.png", "media/images/examples_4_9c6f334aa243b6d668dd.png", "media/images/examples_4_6440a7ef043b1c558b89.png", "media/images/examples_4_00c50baf594c66c2d459.png", "media/images/examples_4_0450fb4832a894d6ff2c.png", "media/images/examples_4_c4396db1477a2f9cb8e9.png", "media/images/examples_4_dbcb686ef54ef905e618.png", "media/images/examples_4_08019e30445638b9b9ae.png", "media/images/examples_4_be789bde91703c541124.png", "media/images/examples_4_9a3c11081f4f561674c3.png"], "captions": [3, 6, 3, 8, 1, 6, 2, 7, 0, 3, 0, 9, 9, 5, 9, 5, 3, 7, 7, 8, 2, 3, 1, 6, 8, 8, 6, 1, 1, 4, 1, 3, 7, 2, 9, 4]}, "_timestamp": 1650095175, "_runtime": 42, "epoch": 4, "loss": 0.3408471643924713, "accuracy": 0.8763166666030884, "val_loss": 0.36906948685646057, "val_accuracy": 0.8669000267982483, "_step": 4, "best_val_loss": 0.36906948685646057, "best_epoch": 4, "_wandb": {"runtime": 40}}