{"graph": {"_type": "graph-file", "path": "media/graph/graph_summary_67b4cecd482748c3f0b1.graph.json", "sha256": "67b4cecd482748c3f0b18537d4014c705e23a092d681080ebb6087aad795091a", "size": 723}, "examples": {"_type": "images/separated", "width": 28, "height": 28, "format": "png", "count": 36, "filenames": ["media/images/examples_4_09a41f465cc0b9562181.png", "media/images/examples_4_c3d480ef8801e92906ac.png", "media/images/examples_4_943a131ea2ce35b7a3f8.png", "media/images/examples_4_f1a72d3ae82d17de00a1.png", "media/images/examples_4_fa7806aac2048cce1027.png", "media/images/examples_4_ab629f4fcc42e3da9d96.png", "media/images/examples_4_1bcc0513f68661c3c91a.png", "media/images/examples_4_77040a9715d428c7fee2.png", "media/images/examples_4_6b912cc3adafada86090.png", "media/images/examples_4_cae54cdf3ff3fc107aec.png", "media/images/examples_4_b128cb20f448a466acd7.png", "media/images/examples_4_c7ee1d57c655410d7e2a.png", "media/images/examples_4_5b3ad6e1dc06a56c6980.png", "media/images/examples_4_bcc154dd010d8c051fe6.png", "media/images/examples_4_82c03723c48fb4078225.png", "media/images/examples_4_1a7c27225c8662d8df49.png", "media/images/examples_4_788d96ba10aa161dac16.png", "media/images/examples_4_99b2a1d4ae012cab1eec.png", "media/images/examples_4_f8b91dad8e53928c1a11.png", "media/images/examples_4_04bcbe63059f4c5ba17f.png", "media/images/examples_4_f1cbe6cb4a5e3430f157.png", "media/images/examples_4_657473b23fe2f498099c.png", "media/images/examples_4_829ec478528bbf091e78.png", "media/images/examples_4_fbebadb0cc36aa3f9fc4.png", "media/images/examples_4_8499d2ff21f32f12a168.png", "media/images/examples_4_52aa0fce4d827681fcc6.png", "media/images/examples_4_600b8a8f021b9c73937d.png", "media/images/examples_4_1456518acbe45e65753e.png", "media/images/examples_4_246c89c0ad50665e59cf.png", "media/images/examples_4_281c815da35ee9ea27a6.png", "media/images/examples_4_420e5a1b4c0334dbef0e.png", "media/images/examples_4_d48167453ffc18a19fc6.png", "media/images/examples_4_79f47dbc7b270451a08f.png", "media/images/examples_4_1acaf465dffc23b93bcb.png", "media/images/examples_4_d3a6b199b1cb89b7d858.png", "media/images/examples_4_5fbc0ea253240b2f7a38.png"], "captions": [2, 8, 4, 2, 6, 4, 6, 4, 3, 5, 3, 4, 3, 6, 5, 3, 8, 4, 9, 9, 6, 1, 6, 3, 3, 4, 0, 5, 3, 9, 5, 3, 0, 5, 9, 1]}, "_timestamp": 1650097402, "_runtime": 41, "epoch": 4, "loss": 0.34536081552505493, "accuracy": 0.8745333552360535, "val_loss": 0.3696005046367645, "val_accuracy": 0.8672000169754028, "_step": 4, "best_val_loss": 0.3696005046367645, "best_epoch": 4, "_wandb": {"runtime": 40}}