{"graph": {"_type": "graph-file", "path": "media/graph/graph_summary_dc0611eee5461a018c5f.graph.json", "sha256": "dc0611eee5461a018c5f184c806f752fb52091a6b91ab425966161c2823f1688", "size": 719}, "examples": {"_type": "images/separated", "width": 28, "height": 28, "format": "png", "count": 36, "filenames": ["media/images/examples_4_d0d584d79f2fcf496cda.png", "media/images/examples_4_f26abbde2b363c57855c.png", "media/images/examples_4_08df071e87e3c3ed7c91.png", "media/images/examples_4_c865917e9a4ea4ccab0f.png", "media/images/examples_4_8ef8af93706240dbad3b.png", "media/images/examples_4_aff34c6926fc636f502b.png", "media/images/examples_4_63a2277eca66ba886700.png", "media/images/examples_4_d66e39bd3a44f2c0e1fe.png", "media/images/examples_4_2d3dbffd9f1df9f397a5.png", "media/images/examples_4_943bdd4c829c21c420ab.png", "media/images/examples_4_e343830873840a758aee.png", "media/images/examples_4_e6deed938d5d8239181a.png", "media/images/examples_4_7143eb093c93eaae6534.png", "media/images/examples_4_4bfcad93b15a7f70b684.png", "media/images/examples_4_5d640d360e45f85688a2.png", "media/images/examples_4_c3c2cc2fa644c1a60301.png", "media/images/examples_4_d9cf0031ea1ad6be26a1.png", "media/images/examples_4_7177b4397029d1ccc3cb.png", "media/images/examples_4_2501ecca2b536e5d515a.png", "media/images/examples_4_c03cdd9b6785899f88f0.png", "media/images/examples_4_cf0dd25d91713adf1f3d.png", "media/images/examples_4_f69aca6a6ddfe2ec4c58.png", "media/images/examples_4_1d1386a08f778f73306b.png", "media/images/examples_4_4b3d544e0cb899ca0029.png", "media/images/examples_4_bb5044e63008c9d2e9fa.png", "media/images/examples_4_3217db9c5a090029cd96.png", "media/images/examples_4_76b0ce3024fe8a566855.png", "media/images/examples_4_61e426e2779e13796f83.png", "media/images/examples_4_f41be8f43e9dd14602e5.png", "media/images/examples_4_f0c8d42b131eeb17d2f2.png", "media/images/examples_4_7429e382111a5acec9fb.png", "media/images/examples_4_65df566554c5cd156a90.png", "media/images/examples_4_08d67de2087f319df67a.png", "media/images/examples_4_d7bcaa6ec6dc94eced7e.png", "media/images/examples_4_6ca242df2d6ccc7d10f9.png", "media/images/examples_4_0e56cc013db8fea89f49.png"], "captions": [1, 1, 1, 8, 9, 2, 7, 1, 6, 7, 3, 9, 6, 9, 5, 4, 8, 3, 6, 1, 0, 0, 2, 1, 2, 7, 8, 3, 5, 0, 6, 4, 9, 1, 1, 0]}, "_timestamp": 1650094863, "_runtime": 40, "epoch": 4, "loss": 0.35067126154899597, "accuracy": 0.8736833333969116, "val_loss": 0.3713763952255249, "val_accuracy": 0.8639000058174133, "_step": 4, "best_val_loss": 0.3713763952255249, "best_epoch": 4, "_wandb": {"runtime": 39}}