{"graph": {"_type": "graph-file", "path": "media/graph/graph_summary_9e6f729828d7a87c32cd.graph.json", "sha256": "9e6f729828d7a87c32cd8ce2373fefcc91f7ca2ae4678d60a504ff8f96f0ffa4", "size": 719}, "examples": {"_type": "images/separated", "width": 28, "height": 28, "format": "png", "count": 36, "filenames": ["media/images/examples_4_9500cf67fb5e037e9f26.png", "media/images/examples_4_cf7d3cabc9239f819f66.png", "media/images/examples_4_2dcaf57970537bf37b83.png", "media/images/examples_4_94f187e5fe30268ce034.png", "media/images/examples_4_e9294da772d700d5db41.png", "media/images/examples_4_cf6295ac643b12d019f5.png", "media/images/examples_4_7745344c1a23decbdb01.png", "media/images/examples_4_3e2f6bcad423be662b2f.png", "media/images/examples_4_4e1f6b3c50ad6392a836.png", "media/images/examples_4_d48167453ffc18a19fc6.png", "media/images/examples_4_ce1e132a0f7a16b52b2c.png", "media/images/examples_4_100c3f76a04efc234a12.png", "media/images/examples_4_5ca682017de42fe4d96a.png", "media/images/examples_4_02af271fd585319c3c2e.png", "media/images/examples_4_80740b5ef5f7a671363e.png", "media/images/examples_4_679c45a1facdfab09258.png", "media/images/examples_4_b8ad146d179b847cee08.png", "media/images/examples_4_1bad3f957c086a1eb154.png", "media/images/examples_4_bebbfa39e8f8ec58863d.png", "media/images/examples_4_4d78b745893ba8d48031.png", "media/images/examples_4_67c110cc80ffe890d7cb.png", "media/images/examples_4_914fe95663d682ce155d.png", "media/images/examples_4_d34b859c598d8fb4783c.png", "media/images/examples_4_67802782ebd1b0ad39d5.png", "media/images/examples_4_71c6790654254810c7c2.png", "media/images/examples_4_87489208555ff281a383.png", "media/images/examples_4_086960d691f3baa69464.png", "media/images/examples_4_dda872a349d3da7154a6.png", "media/images/examples_4_e9f3b863fab045633e06.png", "media/images/examples_4_2d999e271bb68a2afc82.png", "media/images/examples_4_c8427cdf5a7f970fb96f.png", "media/images/examples_4_f3efc1fc8dad51846d27.png", "media/images/examples_4_6e5db89f3e6ef0f52b1d.png", "media/images/examples_4_bd05d75a0f2b61b64485.png", "media/images/examples_4_52f6244afc86f7944e1b.png", "media/images/examples_4_54d867641ddc08c6d908.png"], "captions": [9, 7, 7, 0, 9, 2, 5, 0, 6, 3, 8, 7, 8, 3, 4, 7, 5, 9, 9, 7, 8, 1, 3, 6, 3, 7, 1, 3, 2, 4, 2, 6, 8, 9, 5, 8]}, "_timestamp": 1650099898, "_runtime": 42, "epoch": 4, "loss": 0.3893830478191376, "accuracy": 0.857616662979126, "val_loss": 0.37684759497642517, "val_accuracy": 0.8658000230789185, "_step": 4, "best_val_loss": 0.37684759497642517, "best_epoch": 4, "_wandb": {"runtime": 41}}