{"graph": {"_type": "graph-file", "path": "media/graph/graph_summary_dc0611eee5461a018c5f.graph.json", "sha256": "dc0611eee5461a018c5f184c806f752fb52091a6b91ab425966161c2823f1688", "size": 719}, "examples": {"_type": "images/separated", "width": 28, "height": 28, "format": "png", "count": 36, "filenames": ["media/images/examples_4_43a200101ce53719413e.png", "media/images/examples_4_eff9216ae2f562292b56.png", "media/images/examples_4_2a8f5b4daf12efe20814.png", "media/images/examples_4_628550fb70fdb28240cc.png", "media/images/examples_4_289716e0e2785e1429c9.png", "media/images/examples_4_b9174ae12e13e9d06b3b.png", "media/images/examples_4_c5b771363349f7c15cc7.png", "media/images/examples_4_d2d4474399d0074f6e15.png", "media/images/examples_4_578e7131dfb253776e88.png", "media/images/examples_4_c67374eabe2e1ccde228.png", "media/images/examples_4_4d98dce3bb078eb53382.png", "media/images/examples_4_d1dc2e6e8fe2514c79f9.png", "media/images/examples_4_c41da42c214cbf5b71fd.png", "media/images/examples_4_a3dc0f1d3a0ebc37625d.png", "media/images/examples_4_9b20a59d3c1a2c718749.png", "media/images/examples_4_d89549f6021bbef2c207.png", "media/images/examples_4_efc354fcde579fe7c7c9.png", "media/images/examples_4_b4622cb78c284e2f3fd6.png", "media/images/examples_4_708169f949a796a2f636.png", "media/images/examples_4_f52215b72d5b69b97610.png", "media/images/examples_4_9369428aa2cf55416ba9.png", "media/images/examples_4_dc3a63a4f408e50a55fd.png", "media/images/examples_4_ab49010a6f2d6d6d8282.png", "media/images/examples_4_2f751e2548a50c100890.png", "media/images/examples_4_6697f382ad7cb6bbbeea.png", "media/images/examples_4_f41c4a31b2f03b89723e.png", "media/images/examples_4_5741ebadf7f89f4a0e12.png", "media/images/examples_4_351e7dd3b52e51f1fab2.png", "media/images/examples_4_b87427962ce8a755518e.png", "media/images/examples_4_2cc6e2c8b59644f984d5.png", "media/images/examples_4_83718251dea1036929ba.png", "media/images/examples_4_e60cc85b27f0a200ee73.png", "media/images/examples_4_98362478342621e86846.png", "media/images/examples_4_dd6d3d4c2de1cb35a63d.png", "media/images/examples_4_bb392ee73d7880361936.png", "media/images/examples_4_44d309e7933805421399.png"], "captions": [5, 1, 0, 9, 0, 9, 3, 6, 2, 2, 7, 5, 3, 1, 6, 3, 5, 8, 3, 4, 5, 9, 9, 3, 0, 5, 4, 6, 4, 8, 7, 7, 2, 8, 1, 8]}, "_timestamp": 1650095885, "_runtime": 42, "epoch": 4, "loss": 0.35665079951286316, "accuracy": 0.8694166541099548, "val_loss": 0.3681739270687103, "val_accuracy": 0.869700014591217, "_step": 4, "best_val_loss": 0.3681739270687103, "best_epoch": 4, "_wandb": {"runtime": 40}}