{"graph": {"_type": "graph-file", "path": "media/graph/graph_summary_67b4cecd482748c3f0b1.graph.json", "sha256": "67b4cecd482748c3f0b18537d4014c705e23a092d681080ebb6087aad795091a", "size": 723}, "examples": {"_type": "images/separated", "width": 28, "height": 28, "format": "png", "count": 36, "filenames": ["media/images/examples_4_ae7ea1f58fb57c38503c.png", "media/images/examples_4_7db75237356a925e3a98.png", "media/images/examples_4_542c4908c096a3f7712d.png", "media/images/examples_4_021dcc62ff9890eda4c2.png", "media/images/examples_4_f8fc3d53287a0dd06838.png", "media/images/examples_4_4eb8654df0b0deb5ff65.png", "media/images/examples_4_6c5ecc9f7de62c59319d.png", "media/images/examples_4_b3e345f3594f29f40ff1.png", "media/images/examples_4_a1ee196ab0e3882706af.png", "media/images/examples_4_63c8a1208f6d2534f3c8.png", "media/images/examples_4_79c4e5ace50413a2e9b1.png", "media/images/examples_4_7b018bb842f1688e1078.png", "media/images/examples_4_fbf4fea97bf29e66b3d1.png", "media/images/examples_4_9732d817789de368ff64.png", "media/images/examples_4_5775a4bfefc6d0e5cbcc.png", "media/images/examples_4_a3f955dcb564ea571b0a.png", "media/images/examples_4_a19252e354873b4a1189.png", "media/images/examples_4_7654a92e4946011a7210.png", "media/images/examples_4_cce95c9ffc9a91bc2e9d.png", "media/images/examples_4_e5f92e0dd21fd1a55f59.png", "media/images/examples_4_cead89464f17b06fd947.png", "media/images/examples_4_befad337914d06bddd2c.png", "media/images/examples_4_6c99c8baa0c1ba31e53d.png", "media/images/examples_4_e53de3c01a054b8ce587.png", "media/images/examples_4_911d4f4e7f93c0a957ab.png", "media/images/examples_4_a413ad06ebc8a904e082.png", "media/images/examples_4_51e310a296f5744f5fd1.png", "media/images/examples_4_1add0501d1c3763f63ba.png", "media/images/examples_4_5a6641903db2485dae57.png", "media/images/examples_4_9a9b2ce5d661a465b50e.png", "media/images/examples_4_943bdd4c829c21c420ab.png", "media/images/examples_4_ab0d860647d0e098aa76.png", "media/images/examples_4_48adf6fe9f4f379d0b41.png", "media/images/examples_4_bfe82ef3d4c1b32c3061.png", "media/images/examples_4_21f98d2e3e20e67f52ea.png", "media/images/examples_4_16e99529706e56dd8859.png"], "captions": [4, 3, 9, 7, 4, 2, 8, 2, 1, 8, 9, 8, 3, 9, 9, 4, 7, 8, 8, 5, 3, 8, 9, 8, 0, 7, 2, 0, 0, 0, 7, 5, 9, 6, 1, 7]}, "_timestamp": 1650101281, "_runtime": 45, "epoch": 4, "loss": 0.37787696719169617, "accuracy": 0.8616833090782166, "val_loss": 0.37672558426856995, "val_accuracy": 0.8652999997138977, "_step": 4, "best_val_loss": 0.37672558426856995, "best_epoch": 4, "_wandb": {"runtime": 43}}