{"graph": {"_type": "graph-file", "path": "media/graph/graph_summary_dc0611eee5461a018c5f.graph.json", "sha256": "dc0611eee5461a018c5f184c806f752fb52091a6b91ab425966161c2823f1688", "size": 719}, "examples": {"_type": "images/separated", "width": 28, "height": 28, "format": "png", "count": 36, "filenames": ["media/images/examples_4_52af02fec459d7223d9a.png", "media/images/examples_4_c6393cc7616953abed61.png", "media/images/examples_4_0958f8fb29a779a9104d.png", "media/images/examples_4_aa827db5381c576aca49.png", "media/images/examples_4_7aab4bfde7d45106e3bb.png", "media/images/examples_4_b213f4659f1b48be48f0.png", "media/images/examples_4_e081128c5198e96a6af7.png", "media/images/examples_4_54ed31a43b0e691b1d35.png", "media/images/examples_4_bc5d7a5cbc11103d2a5f.png", "media/images/examples_4_6747fca270f1b7e5182b.png", "media/images/examples_4_fe93bdffbe78b2bd0d1c.png", "media/images/examples_4_c94320f0a41cdc90a341.png", "media/images/examples_4_2518da65e2bbe834bbc4.png", "media/images/examples_4_18065773c0b39f791eb8.png", "media/images/examples_4_cef00fbb6c2858f4dd7d.png", "media/images/examples_4_fdb94fc59d43a67baa72.png", "media/images/examples_4_4c067e8a9c9bf55511f1.png", "media/images/examples_4_9020a6503208d0583f31.png", "media/images/examples_4_368a635f3ac8f5d6b2be.png", "media/images/examples_4_217b844a17574848d805.png", "media/images/examples_4_fa81bfe3d504a3491007.png", "media/images/examples_4_65c2cb814bdcf6d57b08.png", "media/images/examples_4_9d408363d39fd7d95450.png", "media/images/examples_4_0f5e697b3ba4a53f98a3.png", "media/images/examples_4_331d20617a4495cbc27d.png", "media/images/examples_4_c9e709401e6f69370def.png", "media/images/examples_4_e22edd73bea7a6df9ac9.png", "media/images/examples_4_88abaf70017bfb845579.png", "media/images/examples_4_0fc068252e6e78137bd5.png", "media/images/examples_4_b6f6acb41edf39812328.png", "media/images/examples_4_d0135161ce9fb9b32404.png", "media/images/examples_4_3a371c5c54df8f1d3783.png", "media/images/examples_4_c90a410f392dc96877c7.png", "media/images/examples_4_e1b4ca5d6141a325238a.png", "media/images/examples_4_27e1a02996aad3f15049.png", "media/images/examples_4_e9c0be8e68779bd5f79c.png"], "captions": [1, 1, 1, 8, 4, 9, 3, 5, 0, 1, 3, 7, 9, 6, 3, 2, 6, 9, 2, 1, 1, 6, 4, 8, 4, 5, 9, 5, 3, 8, 5, 0, 1, 8, 8, 2]}, "_timestamp": 1650102594, "_runtime": 49, "epoch": 4, "loss": 0.4570404291152954, "accuracy": 0.8381500244140625, "val_loss": 0.40690281987190247, "val_accuracy": 0.8513000011444092, "_step": 4, "best_val_loss": 0.40690281987190247, "best_epoch": 4, "_wandb": {"runtime": 46}}