{"graph": {"_type": "graph-file", "path": "media/graph/graph_summary_dc0611eee5461a018c5f.graph.json", "sha256": "dc0611eee5461a018c5f184c806f752fb52091a6b91ab425966161c2823f1688", "size": 719}, "examples": {"_type": "images/separated", "width": 28, "height": 28, "format": "png", "count": 36, "filenames": ["media/images/examples_4_7823fcaa85e792d35794.png", "media/images/examples_4_036e1e87d8dc6f65272d.png", "media/images/examples_4_e9dcc98ac61db1d37ef5.png", "media/images/examples_4_d60712643516f1786d52.png", "media/images/examples_4_7716d33c3a005cdd59c7.png", "media/images/examples_4_a9dbc1a3c58ca8760599.png", "media/images/examples_4_abc645ca021f677fb684.png", "media/images/examples_4_ded74e41ad06ddbe0f61.png", "media/images/examples_4_fb9718437f2f919c6a10.png", "media/images/examples_4_bce68eefe61084803f03.png", "media/images/examples_4_62688882e2ee79ec8bc8.png", "media/images/examples_4_b5e35b5403e37afd5046.png", "media/images/examples_4_d34b859c598d8fb4783c.png", "media/images/examples_4_ab0d860647d0e098aa76.png", "media/images/examples_4_8ac971d358ae18d70034.png", "media/images/examples_4_e19795f4a130c332cf75.png", "media/images/examples_4_35a0e14060c447e19cfd.png", "media/images/examples_4_ca3eab91ca25979dfa01.png", "media/images/examples_4_574661bbc3d37e9f7f48.png", "media/images/examples_4_f52215b72d5b69b97610.png", "media/images/examples_4_5c81fdff970cade7f52f.png", "media/images/examples_4_dbdb5aa37ec388862dab.png", "media/images/examples_4_a4d68c3341811843f8d5.png", "media/images/examples_4_51bc5783ca3de6560b57.png", "media/images/examples_4_84ad1c82b3c44f7e155b.png", "media/images/examples_4_0b69b8d5a61f924fff5e.png", "media/images/examples_4_c40d2e75043e24702148.png", "media/images/examples_4_22fb8a05e0d3961c3a2c.png", "media/images/examples_4_b758774207c0eb00b5f2.png", "media/images/examples_4_42408df495cfaaa67549.png", "media/images/examples_4_bf9171ba575c09cad969.png", "media/images/examples_4_79c120ba6710e864b2a1.png", "media/images/examples_4_5615b6e9dc079228a149.png", "media/images/examples_4_c5d1c95a3ec45e215a3b.png", "media/images/examples_4_b3c7f818611a2fac9dda.png", "media/images/examples_4_9d295f6f0c6d556948a3.png"], "captions": [6, 7, 6, 8, 3, 3, 5, 0, 8, 3, 6, 5, 3, 5, 0, 7, 9, 5, 7, 4, 4, 3, 1, 6, 9, 8, 4, 4, 2, 7, 6, 8, 7, 1, 0, 9]}, "_timestamp": 1650096721, "_runtime": 42, "epoch": 4, "loss": 0.3725664019584656, "accuracy": 0.8663333058357239, "val_loss": 0.37775129079818726, "val_accuracy": 0.8629999756813049, "_step": 4, "best_val_loss": 0.37775129079818726, "best_epoch": 4, "_wandb": {"runtime": 40}}