{"graph": {"_type": "graph-file", "path": "media/graph/graph_summary_67b4cecd482748c3f0b1.graph.json", "sha256": "67b4cecd482748c3f0b18537d4014c705e23a092d681080ebb6087aad795091a", "size": 723}, "examples": {"_type": "images/separated", "width": 28, "height": 28, "format": "png", "count": 36, "filenames": ["media/images/examples_4_e7c47bbf0ec32621a763.png", "media/images/examples_4_6f8e058a7cb6bd9267bb.png", "media/images/examples_4_2044a1d3d91196c06a43.png", "media/images/examples_4_d939120ecc90bbb552a6.png", "media/images/examples_4_53936cb07a38352bdf34.png", "media/images/examples_4_81945198f626da7abd75.png", "media/images/examples_4_a841a38096524ef3f743.png", "media/images/examples_4_b5e47de2e1257efcca6e.png", "media/images/examples_4_f13242f1817fc2a1e554.png", "media/images/examples_4_79155edaeff754ae6887.png", "media/images/examples_4_293d8c24b433dc2ac5af.png", "media/images/examples_4_1e0ce8fb1ff65917dee7.png", "media/images/examples_4_4cf0cba39bf613c69afe.png", "media/images/examples_4_38e8cfcef74615375cc2.png", "media/images/examples_4_76a68659228ee95cc1fe.png", "media/images/examples_4_8e87489097b074b029d6.png", "media/images/examples_4_e89fe5d6a49bda5957c2.png", "media/images/examples_4_54872df547795c6758bc.png", "media/images/examples_4_fb2e1ea6a09bb7768bcb.png", "media/images/examples_4_a1e211507c44cc73e254.png", "media/images/examples_4_908e48f4ba18a745490d.png", "media/images/examples_4_ac84278674ce453d8cb6.png", "media/images/examples_4_df950754ba194c8e9b58.png", "media/images/examples_4_161079d8006de1b31717.png", "media/images/examples_4_5178a1f3af5294ec2941.png", "media/images/examples_4_1e112e474e1b48e1e7d9.png", "media/images/examples_4_ad4f5ca40504ff14e4f0.png", "media/images/examples_4_7f1af9912cf48e762138.png", "media/images/examples_4_02cb588be414bc646335.png", "media/images/examples_4_ee29c2c1a36c349931df.png", "media/images/examples_4_7faeb3fb75a42d6295a4.png", "media/images/examples_4_90f6cbf4348786002759.png", "media/images/examples_4_02f99387b9313675fe03.png", "media/images/examples_4_003d9ad5b63d19533420.png", "media/images/examples_4_57ba98bb251ba532c4aa.png", "media/images/examples_4_7763abd708fc89d2d864.png"], "captions": [6, 3, 5, 3, 0, 5, 6, 0, 8, 1, 7, 7, 0, 9, 1, 1, 5, 8, 8, 8, 8, 8, 4, 2, 1, 3, 7, 5, 4, 1, 6, 7, 0, 9, 9, 6]}, "_timestamp": 1650097298, "_runtime": 42, "epoch": 4, "loss": 0.3425048589706421, "accuracy": 0.8752333521842957, "val_loss": 0.3616121709346771, "val_accuracy": 0.8687999844551086, "_step": 4, "best_val_loss": 0.3616121709346771, "best_epoch": 4, "_wandb": {"runtime": 40}}