{"graph": {"_type": "graph-file", "path": "media/graph/graph_summary_67b4cecd482748c3f0b1.graph.json", "sha256": "67b4cecd482748c3f0b18537d4014c705e23a092d681080ebb6087aad795091a", "size": 723}, "examples": {"_type": "images/separated", "width": 28, "height": 28, "format": "png", "count": 36, "filenames": ["media/images/examples_4_ebdfe9ac6ece4ad4674d.png", "media/images/examples_4_54d867641ddc08c6d908.png", "media/images/examples_4_c2821d6b31e79ed474b8.png", "media/images/examples_4_8895dd0a53b627d70c53.png", "media/images/examples_4_8d72e9bf17bd4706c92c.png", "media/images/examples_4_35ffbf2eca61f0c27b56.png", "media/images/examples_4_fce457e0bddaeec13496.png", "media/images/examples_4_52d59c1d47995f13730b.png", "media/images/examples_4_83718251dea1036929ba.png", "media/images/examples_4_09e8538ec94606b8a7c7.png", "media/images/examples_4_ea9f55b91fb1388efe44.png", "media/images/examples_4_11b1e460bb76eb10258b.png", "media/images/examples_4_b20d918e8d44cae88eb5.png", "media/images/examples_4_b2528bf1ce65e13be8c1.png", "media/images/examples_4_d78957b4f382510a37a0.png", "media/images/examples_4_91a6e7e225a11a6d5283.png", "media/images/examples_4_fcc3cb5a741c7e93d39c.png", "media/images/examples_4_d456bb3798f096133441.png", "media/images/examples_4_0e56cc013db8fea89f49.png", "media/images/examples_4_bffd9a511fc077587a52.png", "media/images/examples_4_4a0f6abb9e35c8caeea2.png", "media/images/examples_4_d51031b6963f13ca0b47.png", "media/images/examples_4_a7c7318c8d5de9bc43dc.png", "media/images/examples_4_f27d714e0455386e2225.png", "media/images/examples_4_a3aad0d893d91f3e3e98.png", "media/images/examples_4_897a1a3c43a582fb33cc.png", "media/images/examples_4_cf12287de44bcf297308.png", "media/images/examples_4_7b75d27c4c9cdff63887.png", "media/images/examples_4_f2e36aeebf274ab3116c.png", "media/images/examples_4_feb2e24f2a75c10b235a.png", "media/images/examples_4_77040a9715d428c7fee2.png", "media/images/examples_4_057797354ae5187e356c.png", "media/images/examples_4_6450d8743b0028b77fda.png", "media/images/examples_4_57227e1c8f8cfb9244c7.png", "media/images/examples_4_bf0e8ba9b16957243f91.png", "media/images/examples_4_16554d62eebede18b81a.png"], "captions": [4, 8, 1, 8, 0, 7, 5, 8, 7, 0, 7, 0, 6, 8, 3, 3, 3, 6, 0, 8, 1, 3, 8, 2, 2, 1, 5, 6, 8, 9, 4, 3, 9, 8, 5, 7]}, "_timestamp": 1650098265, "_runtime": 46, "epoch": 4, "loss": 0.34911438822746277, "accuracy": 0.8706666827201843, "val_loss": 0.3733622431755066, "val_accuracy": 0.8659999966621399, "_step": 4, "best_val_loss": 0.3733622431755066, "best_epoch": 4, "_wandb": {"runtime": 44}}