{"graph": {"_type": "graph-file", "path": "media/graph/graph_summary_67b4cecd482748c3f0b1.graph.json", "sha256": "67b4cecd482748c3f0b18537d4014c705e23a092d681080ebb6087aad795091a", "size": 723}, "examples": {"_type": "images/separated", "width": 28, "height": 28, "format": "png", "count": 36, "filenames": ["media/images/examples_4_0a92911163acf2282fff.png", "media/images/examples_4_af7277ac5b2c744eadca.png", "media/images/examples_4_086960d691f3baa69464.png", "media/images/examples_4_b76cd19664b93f013a03.png", "media/images/examples_4_64138f435bb52c8d9051.png", "media/images/examples_4_d0fa6f8e32bdd0c9683a.png", "media/images/examples_4_537a44d1503f5c2516c0.png", "media/images/examples_4_b8d86b1a08d64b722969.png", "media/images/examples_4_908eb4b986a632ee7326.png", "media/images/examples_4_52af02fec459d7223d9a.png", "media/images/examples_4_eebdf3151fcd8a99be7d.png", "media/images/examples_4_4930548bd6d14a27d746.png", "media/images/examples_4_30056d1d7d5f995be121.png", "media/images/examples_4_de72518bba692a016e6a.png", "media/images/examples_4_67284fa56b0ff208210a.png", "media/images/examples_4_37c532bc588b94f01c85.png", "media/images/examples_4_b98bf40897a89962390d.png", "media/images/examples_4_b72aac3c59bc74163bb6.png", "media/images/examples_4_95d1fc7753f70b448bbf.png", "media/images/examples_4_6f88e8fce3aa5831b1ce.png", "media/images/examples_4_71459ebdeeb0af3307a0.png", "media/images/examples_4_a5928a1a29eeb952588e.png", "media/images/examples_4_901964c50161faae55a2.png", "media/images/examples_4_6c6d5a9eadcb5bb2e836.png", "media/images/examples_4_551c01ed321f9ce29f4d.png", "media/images/examples_4_b4b470601b1f413b6ea0.png", "media/images/examples_4_643442dd848887490506.png", "media/images/examples_4_2857e75860aca2d833d7.png", "media/images/examples_4_2198cc4bddba75f23e62.png", "media/images/examples_4_dd1bd9dcbab1da872552.png", "media/images/examples_4_e8824372c6ef9b13aa55.png", "media/images/examples_4_9e7c64670902a72284e0.png", "media/images/examples_4_05aae3c0dc5d57d8189d.png", "media/images/examples_4_a7508b57bae62416c760.png", "media/images/examples_4_df7f56a4b3f7ee7973dc.png", "media/images/examples_4_9e5be226271b6b30d1dd.png"], "captions": [5, 1, 1, 6, 9, 3, 6, 0, 5, 1, 2, 7, 7, 0, 4, 0, 9, 7, 8, 3, 5, 9, 1, 0, 8, 8, 4, 0, 9, 1, 7, 4, 9, 7, 6, 9]}, "_timestamp": 1650100174, "_runtime": 40, "epoch": 4, "loss": 0.37692058086395264, "accuracy": 0.8632333278656006, "val_loss": 0.37662529945373535, "val_accuracy": 0.8651999831199646, "_step": 4, "best_val_loss": 0.3737178444862366, "best_epoch": 3, "_wandb": {"runtime": 39}}