{"graph": {"_type": "graph-file", "path": "media/graph/graph_summary_9e6f729828d7a87c32cd.graph.json", "sha256": "9e6f729828d7a87c32cd8ce2373fefcc91f7ca2ae4678d60a504ff8f96f0ffa4", "size": 719}, "examples": {"_type": "images/separated", "width": 28, "height": 28, "format": "png", "count": 36, "filenames": ["media/images/examples_4_70b6fa27f546ef3c100a.png", "media/images/examples_4_ae4ac257efb6a371a694.png", "media/images/examples_4_0811853b620b5a65e254.png", "media/images/examples_4_19741630b62eb3b12f29.png", "media/images/examples_4_5098e1134f10a76cb643.png", "media/images/examples_4_9b5525c954d6f01892e8.png", "media/images/examples_4_743ff0c92eed0eacd644.png", "media/images/examples_4_47b22130846b0cec31a3.png", "media/images/examples_4_a577cc1799f43d9fdbe5.png", "media/images/examples_4_8499d2ff21f32f12a168.png", "media/images/examples_4_71b46b5a8e5122fb7d16.png", "media/images/examples_4_47bc36e56ad1fe5c0f0b.png", "media/images/examples_4_5c8e1de6f5caf0e6cab8.png", "media/images/examples_4_8186c6a577b87204377e.png", "media/images/examples_4_01b148cc9a05cba6f9af.png", "media/images/examples_4_52430e4b2d81ce52f183.png", "media/images/examples_4_701acff714ce6541c1fb.png", "media/images/examples_4_befad337914d06bddd2c.png", "media/images/examples_4_47ffc8fe5f432a04bb65.png", "media/images/examples_4_738ff478fe4f48d05b00.png", "media/images/examples_4_15405f6c797efeca192c.png", "media/images/examples_4_033b858a7d2d58467058.png", "media/images/examples_4_bffe112dd4f3996b719e.png", "media/images/examples_4_e54ff1cfa25b46324b0f.png", "media/images/examples_4_e22edd73bea7a6df9ac9.png", "media/images/examples_4_1401281064042b60aa63.png", "media/images/examples_4_fc650b4e9ea50aa205e2.png", "media/images/examples_4_37266c95590c45624964.png", "media/images/examples_4_13d3c27e6d6ffd16b88c.png", "media/images/examples_4_ceb7f371bad34ef2bad3.png", "media/images/examples_4_8854e1dab0d053e9ca86.png", "media/images/examples_4_600b8a8f021b9c73937d.png", "media/images/examples_4_323598af31378ca74221.png", "media/images/examples_4_35be4c6ab1c2bbb44425.png", "media/images/examples_4_57ef4a349420f2418965.png", "media/images/examples_4_33c280ecbaa3b99fde35.png"], "captions": [0, 3, 3, 7, 3, 6, 7, 7, 9, 3, 1, 1, 1, 3, 2, 3, 7, 8, 2, 8, 8, 4, 8, 3, 9, 7, 7, 9, 9, 4, 3, 0, 0, 3, 6, 8]}, "_timestamp": 1650097885, "_runtime": 42, "epoch": 4, "loss": 0.36034148931503296, "accuracy": 0.8680333495140076, "val_loss": 0.36054912209510803, "val_accuracy": 0.8708000183105469, "_step": 4, "best_val_loss": 0.36054912209510803, "best_epoch": 4, "_wandb": {"runtime": 40}}