{"graph": {"_type": "graph-file", "path": "media/graph/graph_summary_67b4cecd482748c3f0b1.graph.json", "sha256": "67b4cecd482748c3f0b18537d4014c705e23a092d681080ebb6087aad795091a", "size": 723}, "examples": {"_type": "images/separated", "width": 28, "height": 28, "format": "png", "count": 36, "filenames": ["media/images/examples_4_fcd82ec05e11ffc0a1f4.png", "media/images/examples_4_fd2083f966ace4d86153.png", "media/images/examples_4_9ef7495ac6aecce8fc0e.png", "media/images/examples_4_4bdb0ef82e3b8e9ded88.png", "media/images/examples_4_00814309ed976842597a.png", "media/images/examples_4_9a24de1b81d89040fac0.png", "media/images/examples_4_42fdc15da23e29f675ec.png", "media/images/examples_4_1053f9273b76f43636fe.png", "media/images/examples_4_969841ad1af979c3fc3e.png", "media/images/examples_4_29c67ce4ce7fa4e209fc.png", "media/images/examples_4_7179212c20916330d8ee.png", "media/images/examples_4_2501e97eb93cc26f6932.png", "media/images/examples_4_add086275ca440a88a5a.png", "media/images/examples_4_9bd275c4159486438644.png", "media/images/examples_4_d456bb3798f096133441.png", "media/images/examples_4_3418e7c1ef95245deed2.png", "media/images/examples_4_e8c842056e5dee52c80a.png", "media/images/examples_4_0d58bf266b5cacadd888.png", "media/images/examples_4_f78ec93ef7b4f63c0876.png", "media/images/examples_4_03e313a15a0fe853551b.png", "media/images/examples_4_709a5ea146227440c453.png", "media/images/examples_4_76838d67204141e2eb9d.png", "media/images/examples_4_8d78ba2e8d21f47c658f.png", "media/images/examples_4_c83618ad2810ca1d8878.png", "media/images/examples_4_d6d0f5f856b6d9378917.png", "media/images/examples_4_dec0bd340bda93260f13.png", "media/images/examples_4_3c72554d8846511c242a.png", "media/images/examples_4_fe46da43929ed23d9df4.png", "media/images/examples_4_e2c17970551b61d1ea31.png", "media/images/examples_4_bcc27fea4fdd85387720.png", "media/images/examples_4_022518b9b3ab815c2929.png", "media/images/examples_4_497db4239972899a335d.png", "media/images/examples_4_c170b7056b94322aac3d.png", "media/images/examples_4_660f27ada509927fd566.png", "media/images/examples_4_7bfb1d115d22c4c6fa0c.png", "media/images/examples_4_38cc0a7a7cb0a5847f93.png"], "captions": [0, 4, 8, 9, 8, 7, 5, 8, 1, 6, 1, 4, 5, 2, 6, 2, 2, 3, 7, 2, 6, 6, 6, 6, 3, 8, 4, 7, 5, 8, 7, 4, 8, 1, 1, 5]}, "_timestamp": 1650095484, "_runtime": 41, "epoch": 4, "loss": 0.3304547667503357, "accuracy": 0.8795333504676819, "val_loss": 0.35691362619400024, "val_accuracy": 0.8697999715805054, "_step": 4, "best_val_loss": 0.35691362619400024, "best_epoch": 4, "_wandb": {"runtime": 39}}