{"graph": {"_type": "graph-file", "path": "media/graph/graph_summary_9e6f729828d7a87c32cd.graph.json", "sha256": "9e6f729828d7a87c32cd8ce2373fefcc91f7ca2ae4678d60a504ff8f96f0ffa4", "size": 719}, "examples": {"_type": "images/separated", "width": 28, "height": 28, "format": "png", "count": 36, "filenames": ["media/images/examples_4_b06fe009bf6d79a0a3ea.png", "media/images/examples_4_001738accee728493d32.png", "media/images/examples_4_eb0ce60eba56715ad130.png", "media/images/examples_4_82df7c5735ede83ab163.png", "media/images/examples_4_60459d73afcc27721fab.png", "media/images/examples_4_57227e1c8f8cfb9244c7.png", "media/images/examples_4_534372e96dded4ecced5.png", "media/images/examples_4_b97d271b0c69a676176c.png", "media/images/examples_4_38e9046e4a8da04bdd6b.png", "media/images/examples_4_cef07f22f0e8d4b8a994.png", "media/images/examples_4_7bfbd5a148c0e191e9ff.png", "media/images/examples_4_5f38d7976a80d54cd0c8.png", "media/images/examples_4_b37f290fbecfaadc5c20.png", "media/images/examples_4_e5550ae3d2a10681279a.png", "media/images/examples_4_d5ae3502870d6a41674a.png", "media/images/examples_4_d6bd9e15a30f8be0c8fd.png", "media/images/examples_4_02085a2e902b09da5201.png", "media/images/examples_4_3beec6c96c1eb85afb53.png", "media/images/examples_4_399ed44f3d0ff1a85a2f.png", "media/images/examples_4_3414755deee3e9a88339.png", "media/images/examples_4_162a8b7d342a209eafc5.png", "media/images/examples_4_4759d16e32540872c458.png", "media/images/examples_4_19443baa1b4fc2b21373.png", "media/images/examples_4_ac3162e1b1af5d88840e.png", "media/images/examples_4_a9b630f7492a9cf3e110.png", "media/images/examples_4_e785f8210e81d3b4ec95.png", "media/images/examples_4_a9375933dd9d0e7b0ed2.png", "media/images/examples_4_c6addf94a4d68627c0e1.png", "media/images/examples_4_f8b9b61fa886fa46c680.png", "media/images/examples_4_5bbc69f085afb10cb612.png", "media/images/examples_4_a02d65e8f53a39e3668c.png", "media/images/examples_4_90d20fbe79f6d4995c5d.png", "media/images/examples_4_f2d4ee0b29572570cd8b.png", "media/images/examples_4_1d0c997de2d250a77aba.png", "media/images/examples_4_710e129962f9d60714b4.png", "media/images/examples_4_ffa39d620643427f31b7.png"], "captions": [2, 5, 4, 7, 1, 8, 9, 1, 7, 7, 9, 3, 1, 7, 2, 1, 9, 4, 3, 3, 5, 9, 4, 0, 7, 5, 6, 3, 4, 7, 8, 1, 8, 0, 0, 1]}, "_timestamp": 1650094239, "_runtime": 40, "epoch": 4, "loss": 0.3224916160106659, "accuracy": 0.8823833465576172, "val_loss": 0.3451954424381256, "val_accuracy": 0.8751999735832214, "_step": 4, "best_val_loss": 0.3451954424381256, "best_epoch": 4, "_wandb": {"runtime": 40}}