{"graph": {"_type": "graph-file", "path": "media/graph/graph_summary_9e6f729828d7a87c32cd.graph.json", "sha256": "9e6f729828d7a87c32cd8ce2373fefcc91f7ca2ae4678d60a504ff8f96f0ffa4", "size": 719}, "examples": {"_type": "images/separated", "width": 28, "height": 28, "format": "png", "count": 36, "filenames": ["media/images/examples_4_45d3d71a7be14be4de08.png", "media/images/examples_4_f1e6500a3c59416d5a34.png", "media/images/examples_4_69a4583fd20a4a1d6ad9.png", "media/images/examples_4_8b5aecdc7d2b5797f98c.png", "media/images/examples_4_b4ed5ee462720b55daad.png", "media/images/examples_4_dbcb686ef54ef905e618.png", "media/images/examples_4_7a2e0bbab4a6a0638ab0.png", "media/images/examples_4_e9f57e7eb113a9eff76b.png", "media/images/examples_4_9274a98e940fc933b4c8.png", "media/images/examples_4_33e77162ba2ddc788d94.png", "media/images/examples_4_288a3ad90822c97aaaa3.png", "media/images/examples_4_f2454013ab2568f5c102.png", "media/images/examples_4_62626f9a4e5058eddb99.png", "media/images/examples_4_1ec249a8c2fe645a21d4.png", "media/images/examples_4_23b1d6cfe50a8bdb5266.png", "media/images/examples_4_4b864133d861606f5ecb.png", "media/images/examples_4_e1bb484c8845c1713279.png", "media/images/examples_4_07031947e637595b544c.png", "media/images/examples_4_51bc5783ca3de6560b57.png", "media/images/examples_4_ae7afffa65108e947110.png", "media/images/examples_4_e4a197ed858af811d9ba.png", "media/images/examples_4_c3653ab5ea197491dbdd.png", "media/images/examples_4_e7eb56ab94f94738b9b2.png", "media/images/examples_4_cb02969381be75945ee1.png", "media/images/examples_4_4df5c95148e202cf66fd.png", "media/images/examples_4_5c92384682c6f7c58569.png", "media/images/examples_4_173194b8e0eb33e23e4f.png", "media/images/examples_4_c4f2e7459b5ea00f7527.png", "media/images/examples_4_a991555ebf66d00cbdc0.png", "media/images/examples_4_d00ee46df97eaa6ffcde.png", "media/images/examples_4_de1ff3d948e799d3b349.png", "media/images/examples_4_5a1a2074f31b7b70879b.png", "media/images/examples_4_7103661e0d9bb1e67bfa.png", "media/images/examples_4_4f3dcca4a06f03fdbab7.png", "media/images/examples_4_71b18a10936719749d2f.png", "media/images/examples_4_d978a08b5950d893cfc5.png"], "captions": [3, 6, 5, 9, 8, 7, 1, 0, 1, 8, 0, 3, 7, 2, 2, 9, 9, 0, 6, 3, 8, 2, 9, 7, 4, 4, 6, 1, 8, 3, 7, 3, 7, 0, 1, 9]}, "_timestamp": 1650102883, "_runtime": 49, "epoch": 4, "loss": 0.42054203152656555, "accuracy": 0.8497999906539917, "val_loss": 0.40204334259033203, "val_accuracy": 0.8532999753952026, "_step": 4, "best_val_loss": 0.40204334259033203, "best_epoch": 4, "_wandb": {"runtime": 46}}