{"graph": {"_type": "graph-file", "path": "media/graph/graph_summary_dc0611eee5461a018c5f.graph.json", "sha256": "dc0611eee5461a018c5f184c806f752fb52091a6b91ab425966161c2823f1688", "size": 719}, "examples": {"_type": "images/separated", "width": 28, "height": 28, "format": "png", "count": 36, "filenames": ["media/images/examples_4_8c8719eb7e2a462d543c.png", "media/images/examples_4_ba705e77fe5f909565fb.png", "media/images/examples_4_1d515f148fa4f2bb7c93.png", "media/images/examples_4_d611fd3f480fc610cd9b.png", "media/images/examples_4_8733ea62cc3fac60c98e.png", "media/images/examples_4_c0095c884608627a2c07.png", "media/images/examples_4_dc017bd57007f4209a24.png", "media/images/examples_4_ac52f79c48fead648585.png", "media/images/examples_4_ca0b0633de7e4aeb4f6d.png", "media/images/examples_4_dee652a9890b698de40a.png", "media/images/examples_4_8ff2c66f5fc35fa101e5.png", "media/images/examples_4_6ed953625f342b77cc19.png", "media/images/examples_4_fc5583ba68ebf8de75ef.png", "media/images/examples_4_0bb953f50df4497cdc89.png", "media/images/examples_4_937e67d75b31b459a5da.png", "media/images/examples_4_16d1305346009df1010a.png", "media/images/examples_4_4cbd6fb55822552f58a3.png", "media/images/examples_4_86ca22be14e241500ed3.png", "media/images/examples_4_7e1a7f616a54789e1518.png", "media/images/examples_4_98b870fc026a67ddd55e.png", "media/images/examples_4_5b472a7dd94cd9878a89.png", "media/images/examples_4_26f397d88264dcd4e42d.png", "media/images/examples_4_54c294d6fad2a8a97e61.png", "media/images/examples_4_d039fd92cad6ab371bdf.png", "media/images/examples_4_4ba6f28a1466de3f566f.png", "media/images/examples_4_80b8a9dc5349ffd29d29.png", "media/images/examples_4_e115e219d04ff8416c67.png", "media/images/examples_4_046e287c234cf6a824a8.png", "media/images/examples_4_578d581dca7caa976177.png", "media/images/examples_4_9855215b273af78e7736.png", "media/images/examples_4_1c747cf586e38002711c.png", "media/images/examples_4_577b5551d0d882253bbb.png", "media/images/examples_4_cad19ca7f2cc595994bf.png", "media/images/examples_4_4b02c6c37674488ce5ed.png", "media/images/examples_4_82b9b247a0547d21802a.png", "media/images/examples_4_046700ed9afe10cf3469.png"], "captions": [8, 2, 9, 2, 3, 3, 8, 4, 2, 8, 0, 2, 7, 2, 3, 5, 4, 7, 4, 9, 3, 0, 7, 9, 3, 9, 5, 4, 2, 6, 6, 0, 5, 2, 1, 1]}, "_timestamp": 1650097507, "_runtime": 41, "epoch": 4, "loss": 0.3780762255191803, "accuracy": 0.8626833558082581, "val_loss": 0.37501898407936096, "val_accuracy": 0.8654999732971191, "_step": 4, "best_val_loss": 0.37501898407936096, "best_epoch": 4, "_wandb": {"runtime": 40}}