{"graph": {"_type": "graph-file", "path": "media/graph/graph_summary_67b4cecd482748c3f0b1.graph.json", "sha256": "67b4cecd482748c3f0b18537d4014c705e23a092d681080ebb6087aad795091a", "size": 723}, "examples": {"_type": "images/separated", "width": 28, "height": 28, "format": "png", "count": 36, "filenames": ["media/images/examples_4_b8c613b3175df3eac328.png", "media/images/examples_4_991b4c4e9fb2caa306e4.png", "media/images/examples_4_ccf60089d79867b110cb.png", "media/images/examples_4_708169f949a796a2f636.png", "media/images/examples_4_e72be5df482514c82181.png", "media/images/examples_4_20323ca37f21b8bece9f.png", "media/images/examples_4_004c00299436ff9ebd4d.png", "media/images/examples_4_abf5c20364393664fba6.png", "media/images/examples_4_38895e522ee3d8d722c2.png", "media/images/examples_4_f5b04ed9ffa4c92d3c5d.png", "media/images/examples_4_770ff46263228241806f.png", "media/images/examples_4_66bc4adc243a31bfa187.png", "media/images/examples_4_62e75cf6804c7c270736.png", "media/images/examples_4_a1f98d1e44d9a1eb1278.png", "media/images/examples_4_a51230fe236793c82c88.png", "media/images/examples_4_f0dbaa25b0caeab195f8.png", "media/images/examples_4_ffe0e1c2087ad2846e4c.png", "media/images/examples_4_14529ad162eaa1981b00.png", "media/images/examples_4_967f0896bf6ab26296dd.png", "media/images/examples_4_bf919262c7eec30607cb.png", "media/images/examples_4_66b6852d0c4d3dd5fdf4.png", "media/images/examples_4_9d863df3a44ad799c251.png", "media/images/examples_4_6b2384dc2a38ad04a527.png", "media/images/examples_4_741ee209ca1e77701ddd.png", "media/images/examples_4_33b082149ea2425c4a84.png", "media/images/examples_4_d374e923a911b79b1427.png", "media/images/examples_4_715232f1be6cca986637.png", "media/images/examples_4_04dd8d8f12de24b9cb33.png", "media/images/examples_4_d2c2dbaea5eababbcb17.png", "media/images/examples_4_c6f80ccb990c8ef588fa.png", "media/images/examples_4_e1cb108e9c9317e5a5bd.png", "media/images/examples_4_7b11777926536882c6be.png", "media/images/examples_4_71daf29c3f2ccd150b3b.png", "media/images/examples_4_7f26e973946e52798bff.png", "media/images/examples_4_1c9556b2ab43318b87bd.png", "media/images/examples_4_87b923f7338c158932cf.png"], "captions": [2, 9, 9, 3, 5, 9, 1, 7, 8, 9, 2, 7, 6, 5, 3, 2, 0, 4, 7, 6, 4, 7, 5, 1, 8, 6, 0, 8, 4, 2, 5, 5, 7, 7, 1, 7]}, "_timestamp": 1650103200, "_runtime": 52, "epoch": 4, "loss": 0.4005439877510071, "accuracy": 0.8556833267211914, "val_loss": 0.38088858127593994, "val_accuracy": 0.864300012588501, "_step": 4, "best_val_loss": 0.38088858127593994, "best_epoch": 4, "_wandb": {"runtime": 49}}